segment_start,segment_end,segment_idx,current_state_binary,i3_photoresistor_psd_peak,i3_photoresistor_psd_mean_energy,i3_photoresistor_psd_peak_freq,i3_photoresistor_rms,i3_photoresistor_mean,i3_photoresistor_variance,i3_photoresistor_fft_peak,current_task_duration_psd_peak,current_task_duration_psd_mean_energy,current_task_duration_psd_peak_freq,current_task_duration_rms,current_task_duration_mean,current_task_duration_variance,current_task_duration_fft_peak
2023-02-06T14:08:10.000000000,2023-02-06T14:09:08.000000000,0,1,0.0001678186114734055,3.2607413990176336e-05,0.09375,0.07807093166122253,0.0325417846931822,0.005036102619433852,0.976253540795466,0.0,0.0,0.0,0.0,0.0,0.0,0.0
2023-02-06T14:08:40.000000000,2023-02-06T14:09:38.000000000,1,1,0.07230213914560102,0.01257042658458712,0.03125,0.1591679919913602,0.1306534398195914,0.008264128337870113,3.919603194587742,0.0,0.0,0.0,0.0,0.0,0.0,0.0
2023-02-06T14:09:10.000000000,2023-02-06T14:10:08.000000000,2,1,9.616921660181865e-06,2.9266701829475604e-06,0.125,0.1971391566378697,0.19712559255713605,5.347838888517341e-06,5.913767776714082,0.0,0.0,0.0,0.0,0.0,0.0,0.0
2023-02-06T14:09:40.000000000,2023-02-06T14:10:38.000000000,3,1,1.8798534958651357e-05,4.50477936485551e-06,0.03125,0.19880297668880237,0.1987985349275017,1.766051007377726e-06,5.963956047825052,0.0,0.0,0.0,0.0,0.0,0.0,0.0
2023-02-06T14:10:10.000000000,2023-02-06T14:11:08.000000000,4,1,1.280769444724005e-05,3.147962059398178e-06,0.03125,0.19804458408408093,0.19803586547689517,3.4532698536620285e-06,5.941075964306856,0.0,0.0,0.0,0.0,0.0,0.0,0.0
2023-02-06T14:10:40.000000000,2023-02-06T14:11:38.000000000,5,1,8.403235595551994e-06,1.971544496274069e-06,0.03125,0.19557492489878398,0.19556669610157515,3.218625079134337e-06,5.867000883047255,0.0,0.0,0.0,0.0,0.0,0.0,0.0
2023-02-06T14:11:10.000000000,2023-02-06T14:12:08.000000000,6,1,0.00011629791007883085,1.6629028074786276e-05,0.03125,0.184294369583309,0.1837321190163284,0.00020692310187903214,5.511963570489851,0.0,0.0,0.0,0.0,0.0,0.0,0.0
2023-02-06T14:11:40.000000000,2023-02-06T14:12:38.000000000,7,1,0.0014831920633377083,0.00022970926049509878,0.03125,0.1617665071943095,0.16101665433865328,0.00024203987543322154,4.830499630159599,0.0,0.0,0.0,0.0,0.0,0.0,0.0
2023-02-06T14:12:10.000000000,2023-02-06T14:13:08.000000000,8,1,0.001336894905781041,0.00022550667979639205,0.03125,0.13682082540961166,0.13605982467911118,0.00020766237405696127,4.081794740373336,0.0,0.0,0.0,0.0,0.0,0.0,0.0
2023-02-06T14:12:40.000000000,2023-02-06T14:13:38.000000000,9,1,0.0005658525878493931,0.00017266741311651172,0.0625,0.11782566642994924,0.11757140819328354,5.985164510996255e-05,3.527142245798507,0.0,0.0,0.0,0.0,0.0,0.0,0.0
2023-02-06T14:13:10.000000000,2023-02-06T14:14:08.000000000,10,1,0.000624645135706904,9.806267128623998e-05,0.03125,0.10002019309161617,0.09861651994446814,0.00027882102012649206,2.9584955983340455,0.0,0.0,0.0,0.0,0.0,0.0,0.0
2023-02-06T14:13:40.000000000,2023-02-06T14:14:38.000000000,11,1,0.0008442300702102118,0.00014504833569885356,0.03125,0.07730070083638042,0.07617123712764072,0.00017334098424031305,2.2851371138292214,0.0,0.0,0.0,0.0,0.0,0.0,0.0
2023-02-06T14:14:10.000000000,2023-02-06T14:15:08.000000000,12,1,0.00013872647068287325,3.508173643534227e-05,0.0625,0.0611882527600197,0.06057962560739323,7.411123709212556e-05,1.8173887682217966,0.0,0.0,0.0,0.0,0.0,0.0,0.0
2023-02-06T14:14:40.000000000,2023-02-06T14:15:38.000000000,13,1,0.0007800920864698012,0.00011769851959087588,0.03125,0.04495332354885402,0.04337246719691765,0.00013963038734025643,1.3011740159075291,0.0,0.0,0.0,0.0,0.0,0.0,0.0
2023-02-06T14:15:10.000000000,2023-02-06T14:16:08.000000000,14,1,8.425657525998136e-05,1.7972451724139373e-05,0.03125,0.02881939859176287,0.027468344674640065,7.604777602607642e-05,0.824050340239202,0.0,0.0,0.0,0.0,0.0,0.0,0.0
2023-02-06T14:15:40.000000000,2023-02-06T14:16:38.000000000,15,1,0.00040122999512983044,0.00010800835999467694,0.03125,0.017451112924392474,0.013204157743206022,0.0001301915605924306,0.3961247322961806,0.0,0.0,0.0,0.0,0.0,0.0,0.0
2023-02-06T14:16:10.000000000,2023-02-06T14:17:08.000000000,16,1,7.305936414147647e-05,1.8419320725405294e-05,0.03125,0.011311265148293418,0.00786971491063315,6.60123064803556e-05,0.23609144731899454,0.0,0.0,0.0,0.0,0.0,0.0,0.0
2023-02-06T14:16:40.000000000,2023-02-06T14:17:38.000000000,17,1,0.0005481083919112958,9.523706416074724e-05,0.03125,0.026477890409501915,0.02274868850695057,0.00018357585175132865,0.6824606552085171,0.0,0.0,0.0,0.0,0.0,0.0,0.0
2023-02-06T14:17:10.000000000,2023-02-06T14:18:08.000000000,18,1,0.001373104826339662,0.0001954661740621961,0.03125,0.05441572825048479,0.05119863766483226,0.0003397709822958284,1.5359591299449675,0.0,0.0,0.0,0.0,0.0,0.0,0.0
2023-02-06T14:17:40.000000000,2023-02-06T14:18:38.000000000,19,1,0.0016631378241071465,0.0002402392248094047,0.03125,0.09121525987805147,0.08860839716932781,0.0004687755857031314,2.6582519150798336,0.0,0.0,0.0,0.0,0.0,0.0,0.0
2023-02-06T14:18:10.000000000,2023-02-06T14:19:08.000000000,20,1,0.001278482659643235,0.00018802672737627346,0.03125,0.12548691848135263,0.12425608276222189,0.0003073926065334973,3.727682482866657,0.0,0.0,0.0,0.0,0.0,0.0,0.0
2023-02-06T14:18:40.000000000,2023-02-06T14:19:38.000000000,21,1,0.00028540206256037157,5.8828421577184464e-05,0.03125,0.14460002192868593,0.14433706629254758,7.597763583717144e-05,4.330111988776428,0.0,0.0,0.0,0.0,0.0,0.0,0.0
2023-02-06T14:19:10.000000000,2023-02-06T14:20:08.000000000,22,1,7.447444379779401e-05,1.1565317978397844e-05,0.03125,0.15369355541006424,0.153592953663697,3.091355944792211e-05,4.607788609910909,0.0,0.0,0.0,0.0,0.0,0.0,0.0
2023-02-06T14:19:40.000000000,2023-02-06T14:20:38.000000000,23,1,0.00015752408948091248,4.857088579317271e-05,0.0625,0.15689078290768255,0.15685519037265755,1.1167014542941204e-05,4.705655711179726,0.0,0.0,0.0,0.0,0.0,0.0,0.0
2023-02-06T14:20:10.000000000,2023-02-06T14:21:08.000000000,24,1,1.7198526420256304e-05,3.3440683204402616e-06,0.03125,0.15527884835930625,0.15527295209190622,1.8310964570196458e-06,4.658188562757187,0.0,0.0,0.0,0.0,0.0,0.0,0.0
2023-02-06T14:20:40.000000000,2023-02-06T14:21:38.000000000,25,1,1.6045031609163423e-05,3.5359702511893554e-06,0.03125,0.1536071088594874,0.15359601016223162,3.4095544140568198e-06,4.607880304866948,0.0,0.0,0.0,0.0,0.0,0.0,0.0
2023-02-06T14:21:10.000000000,2023-02-06T14:22:08.000000000,26,1,3.0997671916705124e-05,9.059747038381947e-06,0.03125,0.1530466895303469,0.15276738894437972,8.541405131500387e-05,4.583021668331391,0.0,0.0,0.0,0.0,0.0,0.0,0.0
2023-02-06T14:21:40.000000000,2023-02-06T14:22:38.000000000,27,1,0.0018736987558670615,0.0005827891549810765,0.0625,0.1552661997623509,0.15490164925503075,0.00011307184671369681,4.647049477650922,0.0,0.0,0.0,0.0,0.0,0.0,0.0
2023-02-06T14:22:10.000000000,2023-02-06T14:23:08.000000000,28,1,0.00018077911794121834,4.900699947500845e-05,0.03125,0.16398534975301413,0.1635090295008004,0.00015599220532475083,4.905270885024012,0.0,0.0,0.0,0.0,0.0,0.0,0.0
2023-02-06T14:22:40.000000000,2023-02-06T14:23:38.000000000,29,1,0.001418129733982366,0.00021958633002552394,0.03125,0.18360816873902966,0.182924207415824,0.00025069396899256817,5.487726222474722,0.0,0.0,0.0,0.0,0.0,0.0,0.0
2023-02-06T14:23:10.000000000,2023-02-06T14:24:08.000000000,30,1,0.0016233764103286117,0.00025754200652199446,0.03125,0.2143158306025262,0.21347394983580967,0.00036014798834892755,6.404218495074289,0.0,0.0,0.0,0.0,0.0,0.0,0.0
2023-02-06T14:23:40.000000000,2023-02-06T14:24:38.000000000,31,1,0.0001555389043263547,2.8398194667853717e-05,0.03125,0.2401231729243944,0.23987770801464617,0.00011782337291877258,7.196331240439385,0.0,0.0,0.0,0.0,0.0,0.0,0.0
2023-02-06T14:24:10.000000000,2023-02-06T14:25:08.000000000,32,1,0.0007512376104600274,0.0001390222461492931,0.03125,0.26030411698307815,0.25996176866624326,0.00017811215025866027,7.798853059987296,0.0,0.0,0.0,0.0,0.0,0.0,0.0
2023-02-06T14:24:40.000000000,2023-02-06T14:25:38.000000000,33,1,3.307250512695446e-05,6.646639664793921e-06,0.09375,0.27275507094609414,0.27274749357184497,4.133477085197881e-06,8.18242480715535,0.0,0.0,0.0,0.0,0.0,0.0,0.0
2023-02-06T14:25:10.000000000,2023-02-06T14:26:08.000000000,34,1,4.3291848558700414e-05,6.005303868370724e-06,0.03125,0.2766772114323075,0.27665801802275636,1.0620389677972626e-05,8.299740540682691,0.0,0.0,0.0,0.0,0.0,0.0,0.0
2023-02-06T14:25:40.000000000,2023-02-06T14:26:38.000000000,35,1,1.8242794539120978e-05,3.8853187650940445e-06,0.03125,0.2765878320875614,0.2765281389658988,3.301721895363916e-05,8.295844168976963,0.0,0.0,0.0,0.0,0.0,0.0,0.0
2023-02-06T14:26:10.000000000,2023-02-06T14:27:08.000000000,36,1,0.0012038397240053127,0.00019661379968807343,0.03125,0.2588250061240768,0.2583369429849199,0.0002524076843346292,7.750108289547596,0.0,0.0,0.0,0.0,0.0,0.0,0.0
2023-02-06T14:26:40.000000000,2023-02-06T14:27:38.000000000,37,1,0.00010795815534972729,2.240880899530092e-05,0.03125,0.25059616160062825,0.250342732508178,0.00012695248930703448,7.5102819752453405,0.0,0.0,0.0,0.0,0.0,0.0,0.0
2023-02-06T14:27:10.000000000,2023-02-06T14:28:08.000000000,38,1,0.000891153981268417,0.00012531634573170576,0.03125,0.26581704444818066,0.2655500019093433,0.00014189760511384275,7.966500057280298,0.0,0.0,0.0,0.0,0.0,0.0,0.0
2023-02-06T14:27:40.000000000,2023-02-06T14:28:38.000000000,39,1,0.000547387076360844,7.768831217865171e-05,0.03125,0.2625745392795033,0.2621705387266946,0.00021199730159812794,7.865116161800839,0.0,0.0,0.0,0.0,0.0,0.0,0.0
2023-02-06T14:28:10.000000000,2023-02-06T14:29:08.000000000,40,1,0.0008785899021078869,0.00013468789676275588,0.03125,0.237931574228296,0.23725618800554024,0.0003209352678348667,7.117685640166208,0.0,0.0,0.0,0.0,0.0,0.0,0.0
2023-02-06T14:28:40.000000000,2023-02-06T14:29:38.000000000,41,1,0.0010622860373346696,0.0001867816025036228,0.03125,0.21205133914313407,0.21154977630054414,0.00021246257958617526,6.346493289016325,0.0,0.0,0.0,0.0,0.0,0.0,0.0
2023-02-06T14:29:10.000000000,2023-02-06T14:30:08.000000000,42,1,9.966647499293268e-06,2.7811264821637654e-06,0.03125,0.19750132964486058,0.19748719787449798,5.58188716675651e-06,5.92461593623494,0.0,0.0,0.0,0.0,0.0,0.0,0.0
2023-02-06T14:29:40.000000000,2023-02-06T14:30:38.000000000,43,1,3.9819048770747375e-05,7.368561726193424e-06,0.03125,0.19301193109930276,0.19298329608743908,1.105297790981507e-05,5.789498882623173,0.0,0.0,0.0,0.0,0.0,0.0,0.0
2023-02-06T14:30:10.000000000,2023-02-06T14:31:08.000000000,44,1,1.99556848854508e-05,5.343148585574695e-06,0.03125,0.1838918895583329,0.18351109909825486,0.00013990355308459527,5.505332972947645,0.0,0.0,0.0,0.0,0.0,0.0,0.0
2023-02-06T14:30:40.000000000,2023-02-06T14:31:38.000000000,45,1,0.0017448318217069404,0.00026074024055615657,0.03125,0.15755359177559525,0.15541595158769547,0.000669016273482001,4.662478547630865,0.0,0.0,0.0,0.0,0.0,0.0,0.0
2023-02-06T14:31:10.000000000,2023-02-06T14:32:08.000000000,46,1,0.0020106048809281807,0.0003037157801240727,0.03125,0.11872756675444761,0.11654818136662827,0.0005127565275633421,3.4964454409988472,0.0,0.0,0.0,0.0,0.0,0.0,0.0
2023-02-06T14:31:40.000000000,2023-02-06T14:32:38.000000000,47,1,0.0007778101563388351,0.00010604839216939132,0.03125,0.0881892179359467,0.08684135791563312,0.00023591671552280664,2.6052407374689937,0.0,0.0,0.0,0.0,0.0,0.0,0.0
2023-02-06T14:32:10.000000000,2023-02-06T14:33:08.000000000,48,1,8.454257886932314e-05,1.8089606696174994e-05,0.03125,0.08258949914162758,0.08164425598252231,0.00015524083352527128,2.4493276794756693,0.0,0.0,0.0,0.0,0.0,0.0,0.0
2023-02-06T14:32:40.000000000,2023-02-06T14:33:38.000000000,49,1,0.0018574201970041591,0.0002724987211732671,0.03125,0.11063034236646768,0.10792764083326259,0.0005906969962881259,3.2378292249978777,0.0,0.0,0.0,0.0,0.0,0.0,0.0
2023-02-06T14:33:10.000000000,2023-02-06T14:34:08.000000000,50,1,0.0022439522846340004,0.00031670558313379453,0.03125,0.15228447610877704,0.1499279807060134,0.0007121622651419483,4.497839421180403,0.0,0.0,0.0,0.0,0.0,0.0,0.0
2023-02-06T14:33:40.000000000,2023-02-06T14:34:38.000000000,51,1,0.0008598831595649258,0.00012493236947927537,0.03125,0.1818844826278534,0.18144002013354443,0.00016148411474089182,5.443200604006332,0.0,0.0,0.0,0.0,0.0,0.0,0.0
2023-02-06T14:34:10.000000000,2023-02-06T14:35:08.000000000,52,1,5.3497913586252364e-05,7.881652375083024e-06,0.03125,0.193660476448224,0.19361931398603976,1.594138972847448e-05,5.808579419581193,0.0,0.0,0.0,0.0,0.0,0.0,0.0
2023-02-06T14:34:40.000000000,2023-02-06T14:35:38.000000000,53,1,0.0019309963074473464,0.0003251046916448772,0.03125,0.2133018229785606,0.21257988285110146,0.0003074610929891648,6.377396485533044,0.0,0.0,0.0,0.0,0.0,0.0,0.0
2023-02-06T14:35:10.000000000,2023-02-06T14:36:08.000000000,54,1,0.0006443856660926858,0.00010671883074094364,0.03125,0.24561351665156314,0.24474852000442476,0.00042416151759137714,7.342455600132743,0.0,0.0,0.0,0.0,0.0,0.0,0.0
2023-02-06T14:35:40.000000000,2023-02-06T14:36:38.000000000,55,1,0.0011887427992134422,0.0001704178859077122,0.03125,0.2798075243864794,0.27894267741107703,0.00048323342203010635,8.368280322332309,0.0,0.0,0.0,0.0,0.0,0.0,0.0
2023-02-06T14:36:10.000000000,2023-02-06T14:37:08.000000000,56,1,0.0005728474838150419,0.00018906717340160325,0.03125,0.31253309137319724,0.31199926736882405,0.00033339036460433027,9.35997802106472,0.0,0.0,0.0,0.0,0.0,0.0,0.0
2023-02-06T14:36:40.000000000,2023-02-06T14:37:38.000000000,57,1,0.0019346909990649087,0.0003070698501966502,0.03125,0.3449021180271994,0.34443835058520383,0.0003196936657923358,10.333150517556117,0.0,0.0,0.0,0.0,0.0,0.0,0.0
2023-02-06T14:37:10.000000000,2023-02-06T14:38:08.000000000,58,1,3.594722036513135e-05,9.957069905018426e-06,0.03125,0.365025962651638,0.364980853059591,3.293030964825768e-05,10.94942559178773,0.0,0.0,0.0,0.0,0.0,0.0,0.0
2023-02-06T14:37:40.000000000,2023-02-06T14:38:38.000000000,59,1,1.7025214385220423e-05,3.2777418240457327e-06,0.03125,0.37146137799142503,0.37144398756841446,1.2919438563974893e-05,11.143319627052431,0.0,0.0,0.0,0.0,0.0,0.0,0.0
2023-02-06T14:38:10.000000000,2023-02-06T14:39:08.000000000,60,1,0.0018161725812189508,0.00027013677399739355,0.03125,0.39227435589648,0.39174877689550053,0.00041206609487765884,11.752463306865014,0.0,0.0,0.0,0.0,0.0,0.0,0.0
2023-02-06T14:38:40.000000000,2023-02-06T14:39:38.000000000,61,1,0.003547206164264336,0.0005428341560658813,0.03125,0.44129681065297327,0.43992126718532376,0.0012121537705450393,13.197638015559713,0.0,0.0,0.0,0.0,0.0,0.0,0.0
2023-02-06T14:39:10.000000000,2023-02-06T14:40:08.000000000,62,1,0.0024419317927194244,0.00036285421148801267,0.03125,0.4975053729113257,0.4966459104929081,0.0008544356663075494,14.899377314787245,0.0,0.0,0.0,0.0,0.0,0.0,0.0
2023-02-06T14:39:40.000000000,2023-02-06T14:40:38.000000000,63,1,0.000450459513250756,0.00011162100343185241,0.09375,0.5279790580512799,0.5278935637650125,9.027107619149444e-05,15.836806912950376,0.0,0.0,0.0,0.0,0.0,0.0,0.0
2023-02-06T14:40:10.000000000,2023-02-06T14:41:08.000000000,64,1,0.00048135070581146615,0.00014841482527304273,0.03125,0.5260558363951193,0.5259617627301247,9.89671511886542e-05,15.778852881903742,0.0,0.0,0.0,0.0,0.0,0.0,0.0
2023-02-06T14:40:40.000000000,2023-02-06T14:41:38.000000000,65,1,6.589146175502869e-05,1.2745085985841405e-05,0.03125,0.5113988275273963,0.5112821023958527,0.00011937256607247121,15.33846307187558,0.0,0.0,0.0,0.0,0.0,0.0,0.0
2023-02-06T14:41:10.000000000,2023-02-06T14:42:08.000000000,66,1,0.0013569293630484203,0.000220245775020695,0.03125,0.4945417391379809,0.4943739007702722,0.00016597798680381167,14.831217023108167,0.0,0.0,0.0,0.0,0.0,0.0,0.0
2023-02-06T14:41:40.000000000,2023-02-06T14:42:38.000000000,67,1,0.00035971627787422693,0.00012040110761176686,0.03125,0.48646204010135224,0.48640125082341606,5.9139656985996385e-05,14.59203752470248,0.0,0.0,0.0,0.0,0.0,0.0,0.0
2023-02-06T14:42:10.000000000,2023-02-06T14:43:08.000000000,68,1,0.001298656610881098,0.00036354112976901974,0.03125,0.4823505372578879,0.4822076588680029,0.00013781452201276994,14.46622976604009,0.0,0.0,0.0,0.0,0.0,0.0,0.0
2023-02-06T14:42:40.000000000,2023-02-06T14:43:38.000000000,69,1,0.0005000943815408062,8.284344544453688e-05,0.03125,0.4695859377314206,0.4694568878247031,0.00012118338904174593,14.083706634741095,0.0,0.0,0.0,0.0,0.0,0.0,0.0
2023-02-06T14:43:10.000000000,2023-02-06T14:44:08.000000000,70,1,2.398975372012623e-05,5.661856632374403e-06,0.03125,0.4577050006169613,0.4576268762099372,7.150976010734548e-05,13.728806286298116,0.0,0.0,0.0,0.0,0.0,0.0,0.0
2023-02-06T14:43:40.000000000,2023-02-06T14:44:38.000000000,71,1,0.0007399379299929318,0.00016690975250893106,0.03125,0.4423067344964511,0.4420851974750775,0.0001959255543357426,13.262555924252329,0.0,0.0,0.0,0.0,0.0,0.0,0.0
2023-02-06T14:44:10.000000000,2023-02-06T14:45:08.000000000,72,1,0.00015511678119710625,3.555549244090643e-05,0.03125,0.42604087064665314,0.4259640707824881,6.543386376962211e-05,12.778922123474644,0.0,0.0,0.0,0.0,0.0,0.0,0.0
2023-02-06T14:44:40.000000000,2023-02-06T14:45:38.000000000,73,1,6.894722104491347e-05,1.285178747416027e-05,0.03125,0.41796672415500535,0.4179535509107892,1.1011781928655637e-05,12.538606527323676,0.0,0.0,0.0,0.0,0.0,0.0,0.0
2023-02-06T14:45:10.000000000,2023-02-06T14:46:08.000000000,74,1,5.945143078274074e-05,1.088113241947104e-05,0.03125,0.4094922371257483,0.40937240329921615,9.812768327397923e-05,12.281172098976484,0.0,0.0,0.0,0.0,0.0,0.0,0.0
2023-02-06T14:45:40.000000000,2023-02-06T14:46:38.000000000,75,1,0.0012426509641778748,0.00020092116467632844,0.03125,0.38997133679986173,0.3896457312098848,0.0002538476753853154,11.689371936296547,0.0,0.0,0.0,0.0,0.0,0.0,0.0
2023-02-06T14:46:10.000000000,2023-02-06T14:47:08.000000000,76,1,0.00010213052488725653,1.799770754232461e-05,0.03125,0.38356601043896044,0.38336681724607596,0.0001527677986745844,11.501004517382277,0.0,0.0,0.0,0.0,0.0,0.0,0.0
2023-02-06T14:46:40.000000000,2023-02-06T14:47:38.000000000,77,1,0.0012677973829425863,0.00016654349846599624,0.03125,0.4074973191370026,0.40700911695249875,0.0003976438213913327,12.210273508574964,0.0,0.0,0.0,0.0,0.0,0.0,0.0
2023-02-06T14:47:10.000000000,2023-02-06T14:48:08.000000000,78,1,0.0019101559526783038,0.00030620433171896076,0.03125,0.44946228422372975,0.4485740991963066,0.0007976224698349209,13.457222975889199,0.0,0.0,0.0,0.0,0.0,0.0,0.0
2023-02-06T14:47:40.000000000,2023-02-06T14:48:38.000000000,79,1,0.0022190938249392876,0.00033651166688529254,0.03125,0.5053792802004802,0.504160654000182,0.0012302518140641882,15.12481962000546,0.0,0.0,0.0,0.0,0.0,0.0,0.0
2023-02-06T14:48:10.000000000,2023-02-06T14:49:08.000000000,80,1,0.003994197750506855,0.0005612522998826497,0.03125,0.5702065602061174,0.5687515140538023,0.0016572365636000628,17.062545421614068,0.0,0.0,0.0,0.0,0.0,0.0,0.0
2023-02-06T14:48:40.000000000,2023-02-06T14:49:38.000000000,81,1,0.005757719156254035,0.0008466241219892634,0.03125,0.6412496338221977,0.6397507718892625,0.0019200427441954133,19.192523156677876,0.0,0.0,0.0,0.0,0.0,0.0,0.0
2023-02-06T14:49:10.000000000,2023-02-06T14:50:08.000000000,82,1,0.0037630985754001237,0.0005629855002872886,0.03125,0.7183400204052006,0.716788390077689,0.002226788765578659,21.50365170233067,0.0,0.0,0.0,0.0,0.0,0.0,0.0
2023-02-06T14:49:40.000000000,2023-02-06T14:50:38.000000000,83,1,0.004019201050337855,0.0005938958931582916,0.03125,0.7939560468708705,0.7928067297757705,0.0018236935850683264,23.784201893273117,0.0,0.0,0.0,0.0,0.0,0.0,0.0
2023-02-06T14:50:10.000000000,2023-02-06T14:51:08.000000000,84,1,0.004468010895217559,0.0007027777318724994,0.03125,0.8523793740026512,0.8517317702649279,0.0011035887465238052,25.55195310794784,0.0,0.0,0.0,0.0,0.0,0.0,0.0
2023-02-06T14:50:40.000000000,2023-02-06T14:51:38.000000000,85,1,0.0040924250320021095,0.000642957080652303,0.03125,0.9059800534423506,0.9052277719648086,0.0013625380990326473,27.15683315894426,0.0,0.0,0.0,0.0,0.0,0.0,0.0
2023-02-06T14:51:10.000000000,2023-02-06T14:52:08.000000000,86,1,0.00285275205959953,0.0004864639428791982,0.03125,0.9619425531125356,0.9614711685506279,0.0009066675345534419,28.844135056518837,0.0,0.0,0.0,0.0,0.0,0.0,0.0
2023-02-06T14:51:40.000000000,2023-02-06T14:52:38.000000000,87,1,0.00023359573018915284,3.476877468918658e-05,0.03125,0.9928880270256898,0.992861311733052,5.304987468982772e-05,29.785839351991566,0.0,0.0,0.0,0.0,0.0,0.0,0.0
2023-02-06T14:52:10.000000000,2023-02-06T14:53:08.000000000,88,1,0.0002305352234848899,3.965017871155089e-05,0.03125,0.9819058044628766,0.9815207377314361,0.0007560502410258228,29.44562213194309,0.0,0.0,0.0,0.0,0.0,0.0,0.0
2023-02-06T14:52:40.000000000,2023-02-06T14:53:38.000000000,89,1,0.010631716417861495,0.0015047487807773893,0.03125,0.921979717392429,0.9205281778264208,0.0026744731105924073,27.615845334792624,0.0,0.0,0.0,0.0,0.0,0.0,0.0
2023-02-06T14:53:10.000000000,2023-02-06T14:54:08.000000000,90,1,0.001662600982093863,0.00032812104869913545,0.03125,0.8587994796242151,0.858330896817638,0.0008046177710520002,25.74992690452914,0.0,0.0,0.0,0.0,0.0,0.0,0.0
2023-02-06T14:53:40.000000000,2023-02-06T14:54:38.000000000,91,1,0.004200162823809825,0.0006580240898457425,0.03125,0.820268935980353,0.8198398039934559,0.0007038231223123086,24.59519411980368,0.0,0.0,0.0,0.0,0.0,0.0,0.0
2023-02-06T14:54:10.000000000,2023-02-06T14:55:08.000000000,92,1,0.003242780141408531,0.00043330578543623015,0.03125,0.7745285005730549,0.7740516142414076,0.000738496690215733,23.221548427242226,0.0,0.0,0.0,0.0,0.0,0.0,0.0
2023-02-06T14:54:40.000000000,2023-02-06T14:55:38.000000000,93,1,0.002132256177663763,0.00035262390040769414,0.03125,0.7240142913646114,0.7232691401796474,0.0010784449639942848,21.698074205389414,0.0,0.0,0.0,0.0,0.0,0.0,0.0
2023-02-06T14:55:10.000000000,2023-02-06T14:56:08.000000000,94,1,0.005541449245666863,0.0008432932634233793,0.03125,0.6688604330179899,0.6678603213910924,0.0013368699683997697,20.035809641732772,0.0,0.0,0.0,0.0,0.0,0.0,0.0
2023-02-06T14:55:40.000000000,2023-02-06T14:56:38.000000000,95,1,0.0005740489654986317,0.00011927166525568366,0.03125,0.6305610353394534,0.6304060886586687,0.00019538267044222484,18.912182659760056,0.0,0.0,0.0,0.0,0.0,0.0,0.0
2023-02-06T14:56:10.000000000,2023-02-06T14:57:08.000000000,96,1,5.745588442224253e-05,1.1054195033985611e-05,0.03125,0.6226644160314776,0.6226616818655702,3.4049281603635655e-06,18.67985045596711,0.0,0.0,0.0,0.0,0.0,0.0,0.0
2023-02-06T14:56:40.000000000,2023-02-06T14:57:38.000000000,97,1,3.647516335774496e-05,5.681596239039457e-06,0.03125,0.6220721659143542,0.6220683807613386,4.709262342100213e-06,18.662051422840157,0.0,0.0,0.0,0.0,0.0,0.0,0.0
2023-02-06T14:57:10.000000000,2023-02-06T14:58:08.000000000,98,1,0.0008565533493970161,0.00013065875969008948,0.03125,0.6340399735156093,0.6338835425679709,0.00019834247715364034,19.016506277039134,0.0,0.0,0.0,0.0,0.0,0.0,0.0
2023-02-06T14:57:40.000000000,2023-02-06T14:58:38.000000000,99,1,0.0015045101909750723,0.0004021786937028332,0.03125,0.6418394063791738,0.6417353240354314,0.00013359746631022776,19.252059721062935,0.0,0.0,0.0,0.0,0.0,0.0,0.0
2023-02-06T14:58:10.000000000,2023-02-06T14:59:08.000000000,100,1,0.001639989732100157,0.0003020337301305328,0.03125,0.6570877369473699,0.6563095847332067,0.0010220230339416376,19.689287541996205,0.0,0.0,0.0,0.0,0.0,0.0,0.0
2023-02-06T14:58:40.000000000,2023-02-06T14:59:38.000000000,101,1,0.005648514315838382,0.0007287972174772316,0.03125,0.7256269362681806,0.7234412662747048,0.003167184888797778,21.70323798824115,0.0,0.0,0.0,0.0,0.0,0.0,0.0
2023-02-06T14:59:10.000000000,2023-02-06T15:00:08.000000000,102,1,0.0032790252716508417,0.0005335353590432716,0.03125,0.7904222183901205,0.7899641659563545,0.0007238998296403679,23.69892497869064,0.0,0.0,0.0,0.0,0.0,0.0,0.0
2023-02-06T14:59:40.000000000,2023-02-06T15:00:38.000000000,103,1,0.0024088466355013413,0.0004407003063377592,0.03125,0.8297309813014181,0.8294036613442909,0.0005430678800988801,24.88210984032873,0.0,0.0,0.0,0.0,0.0,0.0,0.0
2023-02-06T15:00:10.000000000,2023-02-06T15:01:08.000000000,104,1,4.004080852508356e-05,1.1335159222612397e-05,0.03125,0.8451606213698728,0.845009453622906,0.00025549920222713474,25.350283608687185,0.0,0.0,0.0,0.0,0.0,0.0,0.0
2023-02-06T15:00:40.000000000,2023-02-06T15:01:38.000000000,105,1,0.0037718273235888746,0.0006210338108396131,0.03125,0.806749311408752,0.8057178012871787,0.0016632761474499316,24.171534038615363,0.0,0.0,0.0,0.0,0.0,0.0,0.0
2023-02-06T15:01:10.000000000,2023-02-06T15:02:08.000000000,106,1,0.0045264009146849535,0.0007085353701095278,0.03125,0.7541321995591144,0.7537263504880818,0.000611962991785048,22.611790514642458,0.0,0.0,0.0,0.0,0.0,0.0,0.0
2023-02-06T15:01:40.000000000,2023-02-06T15:02:38.000000000,107,1,7.855782801327238e-05,1.301578960897276e-05,0.03125,0.7336037780870409,0.73359344855395,1.5155462303502027e-05,22.0078034566185,0.0,0.0,0.0,0.0,0.0,0.0,0.0
2023-02-06T15:02:10.000000000,2023-02-06T15:03:08.000000000,108,1,0.00015289699752946622,2.6872484614390666e-05,0.03125,0.7358742316054541,0.7358552979041434,2.7865287321974215e-05,22.075658937124302,0.0,0.0,0.0,0.0,0.0,0.0,0.0
2023-02-06T15:02:40.000000000,2023-02-06T15:03:38.000000000,109,1,0.00151957569749822,0.00023969118188580283,0.03125,0.757311529032428,0.7570081938147316,0.00045934650279175,22.71024581444195,0.0,0.0,0.0,0.0,0.0,0.0,0.0
2023-02-06T15:03:10.000000000,2023-02-06T15:04:08.000000000,110,1,0.0016813639167934324,0.0003064504229759233,0.03125,0.7813449741338248,0.7811702111155143,0.0002730698699300028,23.435106333465427,0.0,0.0,0.0,0.0,0.0,0.0,0.0
2023-02-06T15:03:40.000000000,2023-02-06T15:04:38.000000000,111,1,0.0034040967928657745,0.0005490062747384833,0.03125,0.7658199992926223,0.7654427202243005,0.0005777133721751455,22.96328160672902,0.0,0.0,0.0,0.0,0.0,0.0,0.0
2023-02-06T15:04:10.000000000,2023-02-06T15:05:08.000000000,112,1,7.40883603300841e-05,1.639397575211292e-05,0.03125,0.7388002634014299,0.7387427562777911,8.496924911442366e-05,22.162282688333732,0.0,0.0,0.0,0.0,0.0,0.0,0.0
2023-02-06T15:04:40.000000000,2023-02-06T15:05:38.000000000,113,1,0.0031046476653985283,0.00047761488733347873,0.03125,0.7125988725189254,0.7121522729732975,0.0006362932142094399,21.364568189198927,0.0,0.0,0.0,0.0,0.0,0.0,0.0
2023-02-06T15:05:10.000000000,2023-02-06T15:06:08.000000000,114,1,0.004834114024364861,0.000905828442320423,0.03125,0.6952502121110795,0.6950025325361171,0.00034433720888462624,20.85007597608351,0.0,0.0,0.0,0.0,0.0,0.0,0.0
2023-02-06T15:05:40.000000000,2023-02-06T15:06:38.000000000,115,1,0.003521420262341874,0.0005285848420056078,0.03125,0.6902342000741537,0.6899383680612234,0.00040829922902248483,20.698151041836702,0.0,0.0,0.0,0.0,0.0,0.0,0.0
2023-02-06T15:06:10.000000000,2023-02-06T15:07:08.000000000,116,1,0.0021346663747030155,0.0003152331426162279,0.03125,0.7015351022307278,0.7010476048637628,0.0006837553766593138,21.03142814591288,0.0,0.0,0.0,0.0,0.0,0.0,0.0
2023-02-06T15:06:40.000000000,2023-02-06T15:07:38.000000000,117,1,0.002254239032358123,0.00038586198455812327,0.03125,0.7191698185862081,0.718940189646295,0.00033023167666882915,21.568205689388847,0.0,0.0,0.0,0.0,0.0,0.0,0.0
2023-02-06T15:07:10.000000000,2023-02-06T15:08:08.000000000,118,1,0.0034257027363741623,0.000677863543046286,0.03125,0.7333930334143787,0.732899555986816,0.0007235822950719703,21.986986679604478,0.0,0.0,0.0,0.0,0.0,0.0,0.0
2023-02-06T15:07:40.000000000,2023-02-06T15:08:38.000000000,119,1,0.003628220851997181,0.0005922010722143061,0.03125,0.7697917452886592,0.769376278689898,0.0006394729038443115,23.08128836069694,0.0,0.0,0.0,0.0,0.0,0.0,0.0
2023-02-06T15:08:10.000000000,2023-02-06T15:09:08.000000000,120,1,0.0025208906960604844,0.00038740393850132643,0.03125,0.7656901716165093,0.7653212339027654,0.0005648478476681605,22.95963701708296,0.0,0.0,0.0,0.0,0.0,0.0,0.0
2023-02-06T15:08:40.000000000,2023-02-06T15:09:38.000000000,121,1,0.0013743167738941577,0.00019308913384562503,0.03125,0.722513624792638,0.7220806780471044,0.0006254324020311813,21.662420341413128,0.0,0.0,0.0,0.0,0.0,0.0,0.0
2023-02-06T15:09:10.000000000,2023-02-06T15:10:08.000000000,122,1,0.0013010676329145928,0.00019797712447189417,0.03125,0.6901141814866214,0.689897906371014,0.0002984622738412518,20.69693719113041,0.0,0.0,0.0,0.0,0.0,0.0,0.0
2023-02-06T15:09:40.000000000,2023-02-06T15:10:38.000000000,123,1,4.6359187131344235e-05,9.058086006653671e-06,0.03125,0.6773870946340199,0.6773820995189972,6.767227954299366e-06,20.321462985569912,0.0,0.0,0.0,0.0,0.0,0.0,0.0
2023-02-06T15:10:10.000000000,2023-02-06T15:11:08.000000000,124,1,0.0033581083037998094,0.0005897723773403399,0.03125,0.6629546014315197,0.6627009636168616,0.0003362363805083402,19.881028908505847,0.0,0.0,0.0,0.0,0.0,0.0,0.0
