segment_start,segment_end,segment_idx,current_state_binary,m1_speed_psd_peak,m1_speed_psd_mean_energy,m1_speed_psd_peak_freq,m1_speed_rms,m1_speed_mean,m1_speed_variance,m1_speed_fft_peak,m2_speed_psd_peak,m2_speed_psd_mean_energy,m2_speed_psd_peak_freq,m2_speed_rms,m2_speed_mean,m2_speed_variance,m2_speed_fft_peak,m3_speed_psd_peak,m3_speed_psd_mean_energy,m3_speed_psd_peak_freq,m3_speed_rms,m3_speed_mean,m3_speed_variance,m3_speed_fft_peak,o8_compressor_psd_peak,o8_compressor_psd_mean_energy,o8_compressor_psd_peak_freq,o8_compressor_rms,o8_compressor_mean,o8_compressor_variance,o8_compressor_fft_peak,current_task_duration_psd_peak,current_task_duration_psd_mean_energy,current_task_duration_psd_peak_freq,current_task_duration_rms,current_task_duration_mean,current_task_duration_variance,current_task_duration_fft_peak
2023-02-06T14:08:08.000000000,2023-02-06T14:09:06.000000000,0,1,0.0011054150228109903,0.00021484175192941358,0.09375,0.19987215077314927,0.08330277859486923,0.0330095237330587,2.499083357846077,0.0,0.0,0.0,0.0,0.0,0.0,0.0,0.004421660091243961,0.0008593670077176543,0.09375,0.39974430154629853,0.16660555718973846,0.1320380949322348,4.998166715692154,0.0,0.0,0.0,0.0,0.0,0.0,0.0,0.0,0.0,0.0,0.0,0.0,0.0,0.0
2023-02-06T14:08:38.000000000,2023-02-06T14:09:36.000000000,1,1,0.47214379725547,0.08223695566224956,0.03125,0.40614900913390195,0.3333914618008154,0.053807150818765775,10.001743854024465,0.0,0.0,0.0,0.0,0.0,0.0,0.0,1.88857518902188,0.32894782264899824,0.03125,0.8122980182678039,0.6667829236016308,0.2152286032750631,20.00348770804893,0.0,0.0,0.0,0.0,0.0,0.0,0.0,0.0,0.0,0.0,0.0,0.0,0.0,0.0
2023-02-06T14:09:08.000000000,2023-02-06T14:10:06.000000000,2,1,0.00015779048406658978,2.984923379122444e-05,0.09375,0.5000561324664251,0.5000305547384641,2.557994522276001e-05,15.000916642153925,0.0,0.0,0.0,0.0,0.0,0.0,0.0,0.0006311619362663591,0.00011939693516489776,0.09375,1.0001122649328502,1.0000611094769283,0.00010231978089104004,30.00183328430785,0.0,0.0,0.0,0.0,0.0,0.0,0.0,0.0,0.0,0.0,0.0,0.0,0.0,0.0
2023-02-06T14:09:38.000000000,2023-02-06T14:10:36.000000000,3,1,1.0531697146479106e-07,2.193435973800282e-08,0.03125,0.5000441222464584,0.5000440706179197,5.163309205123314e-08,15.001322118537592,0.0,0.0,0.0,0.0,0.0,0.0,0.0,4.212678858591642e-07,8.773743895201129e-08,0.03125,1.000088244492917,1.0000881412358393,2.0653236820493255e-07,30.002644237075184,0.0,0.0,0.0,0.0,0.0,0.0,0.0,0.0,0.0,0.0,0.0,0.0,0.0,0.0
2023-02-06T14:10:08.000000000,2023-02-06T14:11:06.000000000,4,1,0.0,0.0,0.0,0.5,0.5,0.0,15.0,0.0,0.0,0.0,0.0,0.0,0.0,0.0,0.0,0.0,0.0,1.0,1.0,0.0,30.0,0.0,0.0,0.0,0.0,0.0,0.0,0.0,0.0,0.0,0.0,0.0,0.0,0.0,0.0
2023-02-06T14:10:38.000000000,2023-02-06T14:11:36.000000000,5,1,0.0,0.0,0.0,0.5,0.5,0.0,15.0,0.0,0.0,0.0,0.0,0.0,0.0,0.0,0.0,0.0,0.0,1.0,1.0,0.0,30.0,0.0,0.0,0.0,0.0,0.0,0.0,0.0,0.0,0.0,0.0,0.0,0.0,0.0,0.0
2023-02-06T14:11:08.000000000,2023-02-06T14:12:06.000000000,6,1,0.0,0.0,0.0,0.5,0.5,0.0,15.0,0.0,0.0,0.0,0.0,0.0,0.0,0.0,0.0,0.0,0.0,1.0,1.0,0.0,30.0,0.0,0.0,0.0,0.0,0.0,0.0,0.0,0.0,0.0,0.0,0.0,0.0,0.0,0.0
2023-02-06T14:11:38.000000000,2023-02-06T14:12:36.000000000,7,1,0.0,0.0,0.0,0.5,0.5,0.0,15.0,0.0,0.0,0.0,0.0,0.0,0.0,0.0,0.0,0.0,0.0,1.0,1.0,0.0,30.0,0.0,0.0,0.0,0.0,0.0,0.0,0.0,0.0,0.0,0.0,0.0,0.0,0.0,0.0
2023-02-06T14:12:08.000000000,2023-02-06T14:13:06.000000000,8,1,0.0,0.0,0.0,0.5,0.5,0.0,15.0,0.0,0.0,0.0,0.0,0.0,0.0,0.0,0.0,0.0,0.0,1.0,1.0,0.0,30.0,0.0,0.0,0.0,0.0,0.0,0.0,0.0,0.0,0.0,0.0,0.0,0.0,0.0,0.0
2023-02-06T14:12:38.000000000,2023-02-06T14:13:36.000000000,9,1,0.0,0.0,0.0,0.5,0.5,0.0,15.0,0.0,0.0,0.0,0.0,0.0,0.0,0.0,0.0,0.0,0.0,1.0,1.0,0.0,30.0,3.8058589238810147e-06,1.123984650357079e-06,0.09375,0.002581668413660566,-0.0005232849523348069,6.391184656752623e-06,0.029643556077251214,0.0,0.0,0.0,0.0,0.0,0.0,0.0
2023-02-06T14:13:08.000000000,2023-02-06T14:14:06.000000000,10,1,0.0,0.0,0.0,0.5,0.5,0.0,15.0,0.0,0.0,0.0,0.0,0.0,0.0,0.0,0.0,0.0,0.0,1.0,1.0,0.0,30.0,0.001813484748367935,0.0003641384656018391,0.09375,0.34633741281349495,0.12882917387858545,0.10335264747210643,3.8648752163575635,0.0,0.0,0.0,0.0,0.0,0.0,0.0
2023-02-06T14:13:38.000000000,2023-02-06T14:14:36.000000000,11,1,1.3867037021823195e-06,3.6243115557631826e-07,0.09375,0.49993673057510185,0.49993469140505536,2.0389078540199285e-06,14.998040742151662,3.3798218466291228e-06,9.625325115373594e-07,0.09375,0.003196017788262516,-0.00010942032992726387,1.0202556894289035e-05,0.03569859946576251,2.8726050745468523e-06,9.453988527293764e-07,0.09375,1.00057510701105,1.00056540774134,1.940960158041821e-05,30.0169622322402,2.884634205427918,0.610410259371967,0.0625,0.49797803362168974,0.274713333960564,0.1725147061139963,8.241400018816922,5.224700579890817e-07,1.2344645203569704e-07,0.03125,0.0006933049053976214,2.785833312951446e-05,4.798956051236497e-07,0.006828638245005176
2023-02-06T14:14:08.000000000,2023-02-06T14:15:06.000000000,12,1,0.0005433154812315537,0.00010259203716155741,0.09375,0.511284775309816,0.5006215581132325,0.010790177015888356,15.018646743396975,0.0034591410668934493,0.0006933444457207913,0.09375,0.11200107884772763,0.03447254408109708,0.011355885367631723,1.0341763224329121,0.005049291617552245,0.0009444947404179459,0.09375,0.9511108173677698,0.9301034774818403,0.039519308090175266,27.903104324455203,3.4515161940875254,0.6862216521211241,0.03125,0.6666607385732701,0.47116506215991294,0.22244002455490355,14.134951864797388,0.00023380969138002682,4.536869906966099e-05,0.09375,0.2186265841459927,0.07461322296204966,0.042230450254560306,2.2383966888614895
2023-02-06T14:14:38.000000000,2023-02-06T14:15:36.000000000,13,1,0.3671705229317629,0.1045642495149714,0.0625,0.5316854839883641,0.5165828402241058,0.015831623069936896,15.497485206723175,0.2091138416950741,0.06382484844403957,0.03125,0.11330226971186523,0.033514705518451544,0.011714168835871728,1.007013039503904,0.7871441540264437,0.21215870966544784,0.03125,0.9542728728778685,0.9325606083291144,0.04096742770341273,27.976818249873432,1.9131567885336442,0.34277627309391323,0.03125,0.5625567669460917,0.32589809222761024,0.21026054951924333,9.776942766828308,1.3151575098422181,0.2872276339328206,0.03125,0.25566803107980357,0.10369488036587811,0.054613513902129616,3.110846410976343
2023-02-06T14:15:08.000000000,2023-02-06T14:16:06.000000000,14,1,0.009768948090259943,0.0021041637005493894,0.0,0.5209265372034503,0.5160451085534342,0.0050619031008519635,15.481353256603025,0.0015781785194605364,0.0003017459296970105,0.09375,0.0174341670003916,-0.0011392107477637345,0.00030265237786972313,0.21018968616790037,0.007496387923986788,0.001439439007673176,0.09375,1.003788911689089,1.0032298558514932,0.0011220355581576089,30.096895675544797,0.0005134584886841779,9.520583409963754e-05,0.09375,0.008542449894750993,5.763961501641738e-06,7.297341698107905e-05,0.10735173368883598,0.032583055250494306,0.006689730033422257,0.0,0.13256021278920507,0.029294651918271523,0.016714033383706636,1.0319641131866375
2023-02-06T14:15:38.000000000,2023-02-06T14:16:36.000000000,15,1,5.353613336652659e-06,1.4075171784336058e-06,0.09375,0.5001503675539225,0.5001491350375055,1.2328855588099827e-06,15.004474051125165,6.327507916481487e-07,2.3975749083034055e-07,0.09375,0.0007569613525806833,-7.195185519093378e-05,5.678134198353605e-07,0.007058372380176472,6.530337222400335e-06,1.8116706504973413e-06,0.09375,1.0002083310306897,1.000207317262879,2.0279569922104895e-06,30.00621951788637,4.2126788585946905e-07,8.773743895206796e-08,0.03125,0.0004629268253841446,-8.814123583942464e-05,2.0653236820494131e-07,0.0035245795447927833,1.2736863792672525e-05,3.4576521298148582e-06,0.09375,0.00178059600946339,0.00018513618131355586,3.1362467432855843e-06,0.01892696854783032
2023-02-06T14:16:08.000000000,2023-02-06T14:17:06.000000000,16,1,0.0,0.0,0.0,0.5,0.5,0.0,15.0,0.0,0.0,0.0,0.0,0.0,0.0,0.0,0.0,0.0,0.0,1.0,1.0,0.0,30.0,0.0,0.0,0.0,0.0,0.0,0.0,0.0,0.0,0.0,0.0,0.0,0.0,0.0,0.0
2023-02-06T14:16:38.000000000,2023-02-06T14:17:36.000000000,17,1,0.0,0.0,0.0,0.5,0.5,0.0,15.0,0.0,0.0,0.0,0.0,0.0,0.0,0.0,0.0,0.0,0.0,1.0,1.0,0.0,30.0,0.0,0.0,0.0,0.0,0.0,0.0,0.0,0.0,0.0,0.0,0.0,0.0,0.0,0.0
2023-02-06T14:17:08.000000000,2023-02-06T14:18:06.000000000,18,1,0.0,0.0,0.0,0.5,0.5,0.0,15.0,0.0,0.0,0.0,0.0,0.0,0.0,0.0,0.0,0.0,0.0,1.0,1.0,0.0,30.0,0.0,0.0,0.0,0.0,0.0,0.0,0.0,0.0,0.0,0.0,0.0,0.0,0.0,0.0
2023-02-06T14:17:38.000000000,2023-02-06T14:18:36.000000000,19,1,0.0,0.0,0.0,0.5,0.5,0.0,15.0,0.0,0.0,0.0,0.0,0.0,0.0,0.0,0.0,0.0,0.0,1.0,1.0,0.0,30.0,0.0,0.0,0.0,0.0,0.0,0.0,0.0,0.0,0.0,0.0,0.0,0.0,0.0,0.0
2023-02-06T14:18:08.000000000,2023-02-06T14:19:06.000000000,20,1,0.0,0.0,0.0,0.5,0.5,0.0,15.0,0.0,0.0,0.0,0.0,0.0,0.0,0.0,0.0,0.0,0.0,1.0,1.0,0.0,30.0,0.0,0.0,0.0,0.0,0.0,0.0,0.0,0.0,0.0,0.0,0.0,0.0,0.0,0.0
2023-02-06T14:18:38.000000000,2023-02-06T14:19:36.000000000,21,1,0.0,0.0,0.0,0.5,0.5,0.0,15.0,0.0,0.0,0.0,0.0,0.0,0.0,0.0,0.0,0.0,0.0,1.0,1.0,0.0,30.0,0.0,0.0,0.0,0.0,0.0,0.0,0.0,0.0,0.0,0.0,0.0,0.0,0.0,0.0
2023-02-06T14:19:08.000000000,2023-02-06T14:20:06.000000000,22,1,0.0,0.0,0.0,0.5,0.5,0.0,15.0,0.0,0.0,0.0,0.0,0.0,0.0,0.0,0.0,0.0,0.0,1.0,1.0,0.0,30.0,0.0,0.0,0.0,0.0,0.0,0.0,0.0,0.0,0.0,0.0,0.0,0.0,0.0,0.0
2023-02-06T14:19:38.000000000,2023-02-06T14:20:36.000000000,23,1,0.0,0.0,0.0,0.5,0.5,0.0,15.0,0.0,0.0,0.0,0.0,0.0,0.0,0.0,0.0,0.0,0.0,1.0,1.0,0.0,30.0,0.0,0.0,0.0,0.0,0.0,0.0,0.0,0.0,0.0,0.0,0.0,0.0,0.0,0.0
2023-02-06T14:20:08.000000000,2023-02-06T14:21:06.000000000,24,1,0.0,0.0,0.0,0.5,0.5,0.0,15.0,0.0,0.0,0.0,0.0,0.0,0.0,0.0,0.0,0.0,0.0,1.0,1.0,0.0,30.0,0.0,0.0,0.0,0.0,0.0,0.0,0.0,0.0,0.0,0.0,0.0,0.0,0.0,0.0
2023-02-06T14:20:38.000000000,2023-02-06T14:21:36.000000000,25,1,0.0,0.0,0.0,0.5,0.5,0.0,15.0,0.0,0.0,0.0,0.0,0.0,0.0,0.0,0.0,0.0,0.0,1.0,1.0,0.0,30.0,0.0,0.0,0.0,0.0,0.0,0.0,0.0,0.0,0.0,0.0,0.0,0.0,0.0,0.0
2023-02-06T14:21:08.000000000,2023-02-06T14:22:06.000000000,26,1,0.0,0.0,0.0,0.5,0.5,0.0,15.0,0.0,0.0,0.0,0.0,0.0,0.0,0.0,0.0,0.0,0.0,1.0,1.0,0.0,30.0,0.0,0.0,0.0,0.0,0.0,0.0,0.0,0.0,0.0,0.0,0.0,0.0,0.0,0.0
2023-02-06T14:21:38.000000000,2023-02-06T14:22:36.000000000,27,1,0.0,0.0,0.0,0.5,0.5,0.0,15.0,0.0,0.0,0.0,0.0,0.0,0.0,0.0,0.0,0.0,0.0,1.0,1.0,0.0,30.0,0.0,0.0,0.0,0.0,0.0,0.0,0.0,0.0,0.0,0.0,0.0,0.0,0.0,0.0
2023-02-06T14:22:08.000000000,2023-02-06T14:23:06.000000000,28,1,0.0,0.0,0.0,0.5,0.5,0.0,15.0,0.0,0.0,0.0,0.0,0.0,0.0,0.0,0.0,0.0,0.0,1.0,1.0,0.0,30.0,0.0,0.0,0.0,0.0,0.0,0.0,0.0,0.0,0.0,0.0,0.0,0.0,0.0,0.0
2023-02-06T14:22:38.000000000,2023-02-06T14:23:36.000000000,29,1,0.0,0.0,0.0,0.5,0.5,0.0,15.0,0.0,0.0,0.0,0.0,0.0,0.0,0.0,0.0,0.0,0.0,1.0,1.0,0.0,30.0,0.0,0.0,0.0,0.0,0.0,0.0,0.0,0.0,0.0,0.0,0.0,0.0,0.0,0.0
2023-02-06T14:23:08.000000000,2023-02-06T14:24:06.000000000,30,1,0.0,0.0,0.0,0.5,0.5,0.0,15.0,0.0,0.0,0.0,0.0,0.0,0.0,0.0,0.0,0.0,0.0,1.0,1.0,0.0,30.0,0.0,0.0,0.0,0.0,0.0,0.0,0.0,0.0,0.0,0.0,0.0,0.0,0.0,0.0
2023-02-06T14:23:38.000000000,2023-02-06T14:24:36.000000000,31,1,0.0,0.0,0.0,0.5,0.5,0.0,15.0,0.0,0.0,0.0,0.0,0.0,0.0,0.0,0.0,0.0,0.0,1.0,1.0,0.0,30.0,0.0,0.0,0.0,0.0,0.0,0.0,0.0,0.0,0.0,0.0,0.0,0.0,0.0,0.0
2023-02-06T14:24:08.000000000,2023-02-06T14:25:06.000000000,32,1,0.0,0.0,0.0,0.5,0.5,0.0,15.0,0.0,0.0,0.0,0.0,0.0,0.0,0.0,0.0,0.0,0.0,1.0,1.0,0.0,30.0,0.0,0.0,0.0,0.0,0.0,0.0,0.0,0.0,0.0,0.0,0.0,0.0,0.0,0.0
2023-02-06T14:24:38.000000000,2023-02-06T14:25:36.000000000,33,1,0.0,0.0,0.0,0.5,0.5,0.0,15.0,0.0,0.0,0.0,0.0,0.0,0.0,0.0,0.0,0.0,0.0,1.0,1.0,0.0,30.0,0.0,0.0,0.0,0.0,0.0,0.0,0.0,0.0,0.0,0.0,0.0,0.0,0.0,0.0
2023-02-06T14:25:08.000000000,2023-02-06T14:26:06.000000000,34,1,0.0,0.0,0.0,0.5,0.5,0.0,15.0,0.0,0.0,0.0,0.0,0.0,0.0,0.0,0.0,0.0,0.0,1.0,1.0,0.0,30.0,0.0,0.0,0.0,0.0,0.0,0.0,0.0,0.0,0.0,0.0,0.0,0.0,0.0,0.0
2023-02-06T14:25:38.000000000,2023-02-06T14:26:36.000000000,35,1,0.0,0.0,0.0,0.5,0.5,0.0,15.0,0.0,0.0,0.0,0.0,0.0,0.0,0.0,0.0,0.0,0.0,1.0,1.0,0.0,30.0,0.0,0.0,0.0,0.0,0.0,0.0,0.0,0.0,0.0,0.0,0.0,0.0,0.0,0.0
2023-02-06T14:26:08.000000000,2023-02-06T14:27:06.000000000,36,1,0.0,0.0,0.0,0.5,0.5,0.0,15.0,0.0,0.0,0.0,0.0,0.0,0.0,0.0,0.0,0.0,0.0,1.0,1.0,0.0,30.0,0.0,0.0,0.0,0.0,0.0,0.0,0.0,0.0,0.0,0.0,0.0,0.0,0.0,0.0
2023-02-06T14:26:38.000000000,2023-02-06T14:27:36.000000000,37,1,0.0,0.0,0.0,0.5,0.5,0.0,15.0,0.0,0.0,0.0,0.0,0.0,0.0,0.0,0.0,0.0,0.0,1.0,1.0,0.0,30.0,0.0,0.0,0.0,0.0,0.0,0.0,0.0,0.0,0.0,0.0,0.0,0.0,0.0,0.0
2023-02-06T14:27:08.000000000,2023-02-06T14:28:06.000000000,38,1,0.0,0.0,0.0,0.5,0.5,0.0,15.0,0.0,0.0,0.0,0.0,0.0,0.0,0.0,0.0,0.0,0.0,1.0,1.0,0.0,30.0,0.0,0.0,0.0,0.0,0.0,0.0,0.0,0.0,0.0,0.0,0.0,0.0,0.0,0.0
2023-02-06T14:27:38.000000000,2023-02-06T14:28:36.000000000,39,1,0.0,0.0,0.0,0.5,0.5,0.0,15.0,0.0,0.0,0.0,0.0,0.0,0.0,0.0,0.0,0.0,0.0,1.0,1.0,0.0,30.0,0.0,0.0,0.0,0.0,0.0,0.0,0.0,0.0,0.0,0.0,0.0,0.0,0.0,0.0
2023-02-06T14:28:08.000000000,2023-02-06T14:29:06.000000000,40,1,0.0,0.0,0.0,0.5,0.5,0.0,15.0,0.0,0.0,0.0,0.0,0.0,0.0,0.0,0.0,0.0,0.0,1.0,1.0,0.0,30.0,0.0,0.0,0.0,0.0,0.0,0.0,0.0,0.0,0.0,0.0,0.0,0.0,0.0,0.0
2023-02-06T14:28:38.000000000,2023-02-06T14:29:36.000000000,41,1,0.0,0.0,0.0,0.5,0.5,0.0,15.0,0.0,0.0,0.0,0.0,0.0,0.0,0.0,0.0,0.0,0.0,1.0,1.0,0.0,30.0,0.0,0.0,0.0,0.0,0.0,0.0,0.0,0.0,0.0,0.0,0.0,0.0,0.0,0.0
2023-02-06T14:29:08.000000000,2023-02-06T14:30:06.000000000,42,1,0.0,0.0,0.0,0.5,0.5,0.0,15.0,0.0,0.0,0.0,0.0,0.0,0.0,0.0,0.0,0.0,0.0,1.0,1.0,0.0,30.0,0.0,0.0,0.0,0.0,0.0,0.0,0.0,0.0,0.0,0.0,0.0,0.0,0.0,0.0
2023-02-06T14:29:38.000000000,2023-02-06T14:30:36.000000000,43,1,0.0,0.0,0.0,0.5,0.5,0.0,15.0,0.0,0.0,0.0,0.0,0.0,0.0,0.0,0.0,0.0,0.0,1.0,1.0,0.0,30.0,5.548520688512688e-38,1.1420075994102529e-38,0.0,0.0006115216603759682,-2.713836546668778e-05,3.732222502287775e-07,0.005521087364772774,0.0,0.0,0.0,0.0,0.0,0.0,0.0
2023-02-06T14:30:08.000000000,2023-02-06T14:31:06.000000000,44,1,0.0,0.0,0.0,0.5,0.5,0.0,15.0,0.0,0.0,0.0,0.0,0.0,0.0,0.0,0.0,0.0,0.0,1.0,1.0,0.0,30.0,0.00013266599001195953,2.5987313162525853e-05,0.09375,0.010428544389991034,0.0005127501668395312,0.0001084916253604195,0.12808465084935639,0.0,0.0,0.0,0.0,0.0,0.0,0.0
2023-02-06T14:30:38.000000000,2023-02-06T14:31:36.000000000,45,1,9.919304593086896e-09,2.0416110639401455e-09,0.0,0.5000703467422063,0.5000698466790938,5.001332180626227e-07,15.002095400372811,0.0,0.0,0.0,0.0,0.0,0.0,0.0,0.0,0.0,0.0,0.9999264918092134,0.9999262113903591,5.607964042320028e-07,29.997786341710764,1.3917655531309385,0.2842328559223955,0.03125,0.49302365415172034,0.25981732077909425,0.17556728337628835,7.7945196233728264,1.9859252709184587e-10,4.0874710189783565e-11,0.0,0.0002046167508240458,-7.469815251739134e-05,3.62882007282782e-08,0.0022409445755217404
2023-02-06T14:31:08.000000000,2023-02-06T14:32:06.000000000,46,1,0.00016798426155312964,3.261311730026175e-05,0.09375,0.5017965351887776,0.501543758753662,0.00025362078271081595,15.046312762609857,0.0,0.0,0.0,0.0,0.0,0.0,0.0,0.00029990670481176593,5.9137015028525685e-05,0.09375,0.9976852826886243,0.9975137675470702,0.00034220684753040427,29.9254130264121,3.4130781385410405,0.7032650050461279,0.0625,0.7150991969612973,0.5359792595732241,0.22409309480203088,16.079377787196723,8.850972814386912e-06,2.2072018388871077e-06,0.09375,0.0036177013638142306,-0.0003477956498955448,1.296680134365708e-05,0.042183118116941976
2023-02-06T14:31:38.000000000,2023-02-06T14:32:36.000000000,47,1,0.37786985696717496,0.10462884843518011,0.0625,0.5259874666770075,0.5003400324419351,0.0263226670372994,15.010200973258051,0.0,0.0,0.0,0.0,0.0,0.0,0.0,0.44745443023115383,0.12709546234079053,0.03125,0.9561179841887916,0.9343386850824161,0.04117282124770015,28.03016055247248,4.0318238264178525,0.6888245149923703,0.03125,0.5669065518074556,0.3403299038428406,0.20555859503254229,10.20989711528522,0.5741796876565685,0.0908297631747234,0.03125,0.26205340211858247,0.10813741432593016,0.056978285184825596,3.2441224297779048
2023-02-06T14:32:08.000000000,2023-02-06T14:33:06.000000000,48,1,0.37786985696717507,0.10407073381248956,0.0625,0.5240259412682642,0.49850427145670967,0.026096678461505433,14.95512814370129,0.0,0.0,0.0,0.0,0.0,0.0,0.0,0.4439252663175376,0.127172815248243,0.03125,0.957511380010949,0.9358195657862632,0.04106978314208173,28.0745869735879,0.13900430759244917,0.027405260508189245,0.0,0.2301814529600969,0.06350799025993639,0.04895023645996513,1.9052397077980918,0.9856725854785234,0.23668098780871494,0.03125,0.2621374268856393,0.10767529698071757,0.05712206099433816,3.230258909421527
2023-02-06T14:32:38.000000000,2023-02-06T14:33:36.000000000,49,1,0.00016798426155313325,3.2706948074251127e-05,0.09375,0.4996216467655512,0.4995901208789712,3.1501036856141933e-05,14.987703626369138,0.0,0.0,0.0,0.0,0.0,0.0,0.0,0.0002999067048117666,6.339620040448481e-05,0.09375,0.9990942785507447,0.9990684368605584,5.1635901833721486e-05,29.972053105816755,1.9896509689208334e-05,4.2222497176092876e-06,0.09375,0.0018388380929251036,-0.00012008625646818992,3.3669048229998888e-06,0.019844916939129084,0.0003107448144689825,6.340407196537149e-05,0.09375,0.007564156796986316,-0.0008246975598268196,5.6536341984209996e-05,0.0920073394489597
2023-02-06T14:33:08.000000000,2023-02-06T14:34:06.000000000,50,1,8.174902254698067e-08,1.4497015216528987e-08,0.0,0.49995200455577243,0.49995196978962847,3.476280553881388e-08,14.998559093688852,0.0,0.0,0.0,0.0,0.0,0.0,0.0,0.0,0.0,0.0,1.0,1.0,0.0,30.0,0.0,0.0,0.0,0.0,0.0,0.0,0.0,2.825514371145998e-07,5.037144484650747e-08,0.0,0.00035434532023532605,-8.948271723608135e-05,1.175534492887232e-07,0.002684481517082441
2023-02-06T14:33:38.000000000,2023-02-06T14:34:36.000000000,51,1,0.0,0.0,0.0,0.5,0.5,0.0,15.0,0.0,0.0,0.0,0.0,0.0,0.0,0.0,0.0,0.0,0.0,1.0,1.0,0.0,30.0,5.548520688512688e-38,1.1420075994102529e-38,0.0,0.0006115216603759682,-2.713836546668778e-05,3.732222502287775e-07,0.005521087364772774,0.0,0.0,0.0,0.0,0.0,0.0,0.0
2023-02-06T14:34:08.000000000,2023-02-06T14:35:06.000000000,52,1,0.0,0.0,0.0,0.5,0.5,0.0,15.0,0.0,0.0,0.0,0.0,0.0,0.0,0.0,0.0,0.0,0.0,1.0,1.0,0.0,30.0,0.00013266599001195953,2.5987313162525853e-05,0.09375,0.010516620853936991,0.0005736027275471422,0.00011027029409641289,0.12889098827968126,0.0,0.0,0.0,0.0,0.0,0.0,0.0
2023-02-06T14:34:38.000000000,2023-02-06T14:35:36.000000000,53,1,9.919304593086896e-09,2.0416110639401455e-09,0.0,0.5000484779976785,0.5000483583114568,1.196978116954985e-07,15.0014507493437,5.548520688512688e-38,1.1420075994102529e-38,0.0,0.0007569613525806838,-7.195185519093395e-05,5.678134198353614e-07,0.007058372380176477,0.0,0.0,0.0,0.9999922988243071,0.9999920808150964,4.3601501619810564e-07,29.99976242445289,1.391110446867491,0.2851931443633099,0.03125,0.49439898154269596,0.2608284981297561,0.1763988475138308,7.824854943892683,1.0815866198996224e-13,2.2261431626326228e-14,0.0,0.00021162693417380276,-5.700210911139921e-05,4.153671882465518e-08,0.0018517672817581945
2023-02-06T14:35:08.000000000,2023-02-06T14:36:06.000000000,54,1,3.726425472614696e-05,7.229955376340567e-06,0.09375,0.5011337790732446,0.5010896359978959,4.424122372760104e-05,15.032689079936882,0.0002165008193578897,4.3438557488283943e-05,0.09375,0.017434167000391604,-0.0011392107477637354,0.00030265237786972313,0.2101896861679004,0.00019268831083312649,3.942618290774313e-05,0.09375,0.9991290701076185,0.9989878490097671,0.0002821762649533678,29.969635470293014,3.210390985368324,0.6908868956803205,0.0625,0.6929299563230406,0.5028539068598068,0.22728987272567971,15.085617205794204,1.1424819360958521e-05,2.596052253107944e-06,0.09375,0.003923132144425509,-0.00013754176880711994,1.5372048084458105e-05,0.04676369569529762
2023-02-06T14:35:38.000000000,2023-02-06T14:36:36.000000000,55,1,0.09519931321828538,0.02658897979451132,0.0625,0.5068517908846539,0.5002360505644172,0.006662631638694769,15.007081516932516,0.22664789808149766,0.059432472547263325,0.0625,0.11330226971186524,0.03351470551845153,0.011714168835871726,1.0070130395039036,0.3435324678995771,0.08665742117475597,0.03125,0.9551739270341432,0.9334466732677209,0.041034539051251685,28.003400198031628,3.3795453843166943,0.5674492303304148,0.03125,0.5431446923610335,0.3387920923617504,0.18022607499310894,10.163762770852511,0.44473185393771913,0.07436344135076399,0.03125,0.23401989905157086,0.09310278775291803,0.04609718406474252,2.7930836325875408
2023-02-06T14:36:08.000000000,2023-02-06T14:37:06.000000000,56,1,0.09519931321828544,0.027174543527620682,0.0625,0.5055325444259778,0.49894079028245775,0.006621241266119787,14.968223708473733,0.07380554768950204,0.020058370000965203,0.03125,0.11200107884772763,0.034472544081097074,0.011355885367631722,1.0341763224329124,0.6594862963580111,0.17835146916333,0.0625,0.955967894074882,0.9343102764635308,0.040938921796605514,28.029308293905924,0.2807901524622095,0.06067933949268742,0.03125,0.24330218420758468,0.09657249041264612,0.049869706935680845,2.8971747123793836,0.7967439746728264,0.19922808868474273,0.03125,0.2340932054564647,0.09251055174134931,0.04624142665739371,2.7753165522404792
2023-02-06T14:36:38.000000000,2023-02-06T14:37:36.000000000,57,1,3.7264254726147735e-05,7.638375897801081e-06,0.09375,0.499720509565333,0.49971559112412606,4.915667701250776e-06,14.99146773372378,5.708096886444771e-05,1.12469750199934e-05,0.09375,0.0031960177882625145,-0.00010942032992726347,1.0202556894289018e-05,0.035698599465762496,0.00046734346249299675,9.021414859408597e-05,0.09375,0.9999310663991811,0.9998945792505162,7.296793563662104e-05,29.996837377515487,9.303232843971211e-05,2.2026192956930357e-05,0.09375,0.004646802670653377,0.00040654787396023084,2.1427493886169785e-05,0.05221748840267772,0.0002701128252366051,5.491663404754591e-05,0.09375,0.0070545905813848165,-0.0007548208313840355,4.919749378347208e-05,0.08577115846595627
2023-02-06T14:37:08.000000000,2023-02-06T14:38:06.000000000,58,1,3.172539664824377e-08,5.879837906701449e-09,0.0,0.4999695870240277,0.4999695737196462,1.3303572070140464e-08,14.999087211589385,0.0,0.0,0.0,0.0,0.0,0.0,0.0,4.648475281055975e-08,7.74745880175996e-09,0.0,1.000035225833507,1.0000352078600356,3.5948208840120886e-08,30.001056235801066,0.0,0.0,0.0,0.0,0.0,0.0,0.0,2.3745670663231695e-07,4.234952662114704e-08,0.0,0.0003246222919645084,-8.204516011960278e-05,9.864822414123923e-08,0.0024613548035880835
2023-02-06T14:37:38.000000000,2023-02-06T14:38:36.000000000,59,1,0.0,0.0,0.0,0.5,0.5,0.0,15.0,0.0,0.0,0.0,0.0,0.0,0.0,0.0,0.0,0.0,0.0,1.0,1.0,0.0,30.0,0.0,0.0,0.0,0.0,0.0,0.0,0.0,0.0,0.0,0.0,0.0,0.0,0.0,0.0
2023-02-06T14:38:08.000000000,2023-02-06T14:39:06.000000000,60,1,0.0,0.0,0.0,0.5,0.5,0.0,15.0,0.0,0.0,0.0,0.0,0.0,0.0,0.0,0.0,0.0,0.0,1.0,1.0,0.0,30.0,0.0,0.0,0.0,0.0,0.0,0.0,0.0,0.0,0.0,0.0,0.0,0.0,0.0,0.0
2023-02-06T14:38:38.000000000,2023-02-06T14:39:36.000000000,61,1,0.0,0.0,0.0,0.5,0.5,0.0,15.0,0.0,0.0,0.0,0.0,0.0,0.0,0.0,0.0,0.0,0.0,1.0,1.0,0.0,30.0,0.0,0.0,0.0,0.0,0.0,0.0,0.0,0.0,0.0,0.0,0.0,0.0,0.0,0.0
2023-02-06T14:39:08.000000000,2023-02-06T14:40:06.000000000,62,1,0.0,0.0,0.0,0.5,0.5,0.0,15.0,0.0,0.0,0.0,0.0,0.0,0.0,0.0,0.0,0.0,0.0,1.0,1.0,0.0,30.0,0.0,0.0,0.0,0.0,0.0,0.0,0.0,0.0,0.0,0.0,0.0,0.0,0.0,0.0
2023-02-06T14:39:38.000000000,2023-02-06T14:40:36.000000000,63,1,0.0,0.0,0.0,0.5,0.5,0.0,15.0,0.0,0.0,0.0,0.0,0.0,0.0,0.0,0.0,0.0,0.0,1.0,1.0,0.0,30.0,0.0,0.0,0.0,0.0,0.0,0.0,0.0,0.0,0.0,0.0,0.0,0.0,0.0,0.0
2023-02-06T14:40:08.000000000,2023-02-06T14:41:06.000000000,64,1,0.0,0.0,0.0,0.5,0.5,0.0,15.0,0.0,0.0,0.0,0.0,0.0,0.0,0.0,0.0,0.0,0.0,1.0,1.0,0.0,30.0,0.0,0.0,0.0,0.0,0.0,0.0,0.0,0.0,0.0,0.0,0.0,0.0,0.0,0.0
2023-02-06T14:40:38.000000000,2023-02-06T14:41:36.000000000,65,1,0.0,0.0,0.0,0.5,0.5,0.0,15.0,0.0,0.0,0.0,0.0,0.0,0.0,0.0,0.0,0.0,0.0,1.0,1.0,0.0,30.0,0.0,0.0,0.0,0.0,0.0,0.0,0.0,0.0,0.0,0.0,0.0,0.0,0.0,0.0
2023-02-06T14:41:08.000000000,2023-02-06T14:42:06.000000000,66,1,0.0,0.0,0.0,0.5,0.5,0.0,15.0,0.0,0.0,0.0,0.0,0.0,0.0,0.0,0.0,0.0,0.0,1.0,1.0,0.0,30.0,0.0,0.0,0.0,0.0,0.0,0.0,0.0,0.0,0.0,0.0,0.0,0.0,0.0,0.0
2023-02-06T14:41:38.000000000,2023-02-06T14:42:36.000000000,67,1,0.0,0.0,0.0,0.5,0.5,0.0,15.0,0.0,0.0,0.0,0.0,0.0,0.0,0.0,0.0,0.0,0.0,1.0,1.0,0.0,30.0,0.0,0.0,0.0,0.0,0.0,0.0,0.0,0.0,0.0,0.0,0.0,0.0,0.0,0.0
2023-02-06T14:42:08.000000000,2023-02-06T14:43:06.000000000,68,1,0.0,0.0,0.0,0.5,0.5,0.0,15.0,0.0,0.0,0.0,0.0,0.0,0.0,0.0,0.0,0.0,0.0,1.0,1.0,0.0,30.0,0.0,0.0,0.0,0.0,0.0,0.0,0.0,0.0,0.0,0.0,0.0,0.0,0.0,0.0
2023-02-06T14:42:38.000000000,2023-02-06T14:43:36.000000000,69,1,0.0,0.0,0.0,0.5,0.5,0.0,15.0,0.0,0.0,0.0,0.0,0.0,0.0,0.0,0.0,0.0,0.0,1.0,1.0,0.0,30.0,0.0,0.0,0.0,0.0,0.0,0.0,0.0,0.0,0.0,0.0,0.0,0.0,0.0,0.0
2023-02-06T14:43:08.000000000,2023-02-06T14:44:06.000000000,70,1,0.0,0.0,0.0,0.5,0.5,0.0,15.0,0.0,0.0,0.0,0.0,0.0,0.0,0.0,0.0,0.0,0.0,1.0,1.0,0.0,30.0,0.0,0.0,0.0,0.0,0.0,0.0,0.0,0.0,0.0,0.0,0.0,0.0,0.0,0.0
2023-02-06T14:43:38.000000000,2023-02-06T14:44:36.000000000,71,1,0.0,0.0,0.0,0.5,0.5,0.0,15.0,0.0,0.0,0.0,0.0,0.0,0.0,0.0,0.0,0.0,0.0,1.0,1.0,0.0,30.0,0.0,0.0,0.0,0.0,0.0,0.0,0.0,0.0,0.0,0.0,0.0,0.0,0.0,0.0
2023-02-06T14:44:08.000000000,2023-02-06T14:45:06.000000000,72,1,0.0,0.0,0.0,0.5,0.5,0.0,15.0,0.0,0.0,0.0,0.0,0.0,0.0,0.0,0.0,0.0,0.0,1.0,1.0,0.0,30.0,0.0,0.0,0.0,0.0,0.0,0.0,0.0,0.0,0.0,0.0,0.0,0.0,0.0,0.0
2023-02-06T14:44:38.000000000,2023-02-06T14:45:36.000000000,73,1,0.0,0.0,0.0,0.5,0.5,0.0,15.0,0.0,0.0,0.0,0.0,0.0,0.0,0.0,0.0,0.0,0.0,1.0,1.0,0.0,30.0,0.0,0.0,0.0,0.0,0.0,0.0,0.0,0.0,0.0,0.0,0.0,0.0,0.0,0.0
2023-02-06T14:45:08.000000000,2023-02-06T14:46:06.000000000,74,1,0.0,0.0,0.0,0.5,0.5,0.0,15.0,0.0,0.0,0.0,0.0,0.0,0.0,0.0,0.0,0.0,0.0,1.0,1.0,0.0,30.0,0.0,0.0,0.0,0.0,0.0,0.0,0.0,0.0,0.0,0.0,0.0,0.0,0.0,0.0
2023-02-06T14:45:38.000000000,2023-02-06T14:46:36.000000000,75,1,0.0,0.0,0.0,0.5,0.5,0.0,15.0,0.0,0.0,0.0,0.0,0.0,0.0,0.0,0.0,0.0,0.0,1.0,1.0,0.0,30.0,0.0,0.0,0.0,0.0,0.0,0.0,0.0,0.0,0.0,0.0,0.0,0.0,0.0,0.0
2023-02-06T14:46:08.000000000,2023-02-06T14:47:06.000000000,76,1,0.0,0.0,0.0,0.5,0.5,0.0,15.0,0.0,0.0,0.0,0.0,0.0,0.0,0.0,0.0,0.0,0.0,1.0,1.0,0.0,30.0,0.0,0.0,0.0,0.0,0.0,0.0,0.0,0.0,0.0,0.0,0.0,0.0,0.0,0.0
2023-02-06T14:46:38.000000000,2023-02-06T14:47:36.000000000,77,1,0.0,0.0,0.0,0.5,0.5,0.0,15.0,0.0,0.0,0.0,0.0,0.0,0.0,0.0,0.0,0.0,0.0,1.0,1.0,0.0,30.0,0.0,0.0,0.0,0.0,0.0,0.0,0.0,0.0,0.0,0.0,0.0,0.0,0.0,0.0
2023-02-06T14:47:08.000000000,2023-02-06T14:48:06.000000000,78,1,0.0,0.0,0.0,0.5,0.5,0.0,15.0,0.0,0.0,0.0,0.0,0.0,0.0,0.0,0.0,0.0,0.0,1.0,1.0,0.0,30.0,0.0,0.0,0.0,0.0,0.0,0.0,0.0,0.0,0.0,0.0,0.0,0.0,0.0,0.0
2023-02-06T14:47:38.000000000,2023-02-06T14:48:36.000000000,79,1,0.0,0.0,0.0,0.5,0.5,0.0,15.0,0.0,0.0,0.0,0.0,0.0,0.0,0.0,0.0,0.0,0.0,1.0,1.0,0.0,30.0,0.0,0.0,0.0,0.0,0.0,0.0,0.0,0.0,0.0,0.0,0.0,0.0,0.0,0.0
2023-02-06T14:48:08.000000000,2023-02-06T14:49:06.000000000,80,1,0.0,0.0,0.0,0.5,0.5,0.0,15.0,0.0,0.0,0.0,0.0,0.0,0.0,0.0,0.0,0.0,0.0,1.0,1.0,0.0,30.0,3.8058589238810147e-06,1.123984650357079e-06,0.09375,0.002581668413660566,-0.0005232849523348069,6.391184656752623e-06,0.029643556077251214,0.0,0.0,0.0,0.0,0.0,0.0,0.0
2023-02-06T14:48:38.000000000,2023-02-06T14:49:36.000000000,81,1,0.0,0.0,0.0,0.5,0.5,0.0,15.0,0.0,0.0,0.0,0.0,0.0,0.0,0.0,0.0,0.0,0.0,1.0,1.0,0.0,30.0,0.0018316532133072997,0.0003657931177110487,0.09375,0.34599891988230536,0.1286615916886697,0.10316144738386002,3.859847750660091,0.0,0.0,0.0,0.0,0.0,0.0,0.0
2023-02-06T14:49:08.000000000,2023-02-06T14:50:06.000000000,82,1,9.999303309419973e-08,2.2298101091995522e-08,0.03125,0.5000602240883658,0.5000589170553289,1.3071887583621814e-06,15.001767511659867,3.3798218466291228e-06,9.625325115373594e-07,0.09375,0.003196017788262516,-0.00010942032992726387,1.0202556894289035e-05,0.03569859946576251,1.129141524652828e-06,5.68152814242202e-07,0.09375,0.9999972991461467,0.9999923602573307,9.877726560837306e-06,29.999770807719923,2.871233851868206,0.6050197815837122,0.0625,0.4963293059811915,0.2647823738705031,0.17623307446327235,7.943471216115091,4.797414288802001e-07,1.0195677110249368e-07,0.03125,0.000574203332873915,-2.2025153642842945e-05,3.292243600905211e-07,0.0050882921973544135
2023-02-06T14:49:38.000000000,2023-02-06T14:50:36.000000000,83,1,0.0003993091881385681,7.794227316327704e-05,0.09375,0.506494327811389,0.5049574877779143,0.001554439642128427,15.148724633337427,0.0034591410668934493,0.0006933444457207913,0.09375,0.11200107884772763,0.03447254408109708,0.011355885367631723,1.0341763224329121,0.0034672391882159996,0.0006858185078039271,0.09375,0.9621423241635425,0.943248308889162,0.03600047972455957,28.297449266674857,3.823450091709497,0.7539491528751106,0.03125,0.6775996889894593,0.5067439986882463,0.20235185831205862,15.202319960647388,0.00011608264751928211,2.3729021923753275e-05,0.09375,0.19690008762117517,0.06330417641933143,0.03476222575309663,1.8991252925799431
2023-02-06T14:50:08.000000000,2023-02-06T14:51:06.000000000,84,1,0.2488890631689202,0.0641139894630338,0.0625,0.5428177789735538,0.5332705964066697,0.010273612177856582,15.998117892200094,0.2091138416950741,0.06382484844403957,0.03125,0.11330226971186523,0.033514705518451544,0.011714168835871728,1.007013039503904,0.796641212274384,0.23440218654668618,0.03125,0.9552171446460586,0.9334588071866604,0.04109444871142629,28.003764215599816,1.4199332767480337,0.2525204502419549,0.03125,0.5767329651823079,0.36928306052980486,0.19625093433371762,11.07849181589415,1.5634574479464862,0.35336759337494106,0.03125,0.2856614662609433,0.12095467516050501,0.06697243986316873,3.62864025481515
2023-02-06T14:50:38.000000000,2023-02-06T14:51:36.000000000,85,1,0.026800806875890863,0.006436686985643988,0.0,0.5368250684324867,0.528375845555419,0.009000119931139897,15.851275366662572,0.0015781785194605364,0.0003017459296970105,0.09375,0.0174341670003916,-0.0011392107477637345,0.00030265237786972313,0.21018968616790037,0.011237035761782789,0.0026845565326698386,0.09375,0.9932200733961881,0.9900850244441716,0.006217758568513699,29.702550733325147,0.0004965286722402782,0.00011304608561002193,0.09375,0.0106806722239571,-0.002072257043582593,0.00010978250990093106,0.11967207145463904,0.1133717460308772,0.023144924541989416,0.0,0.20697045601296468,0.05766135724192998,0.039511937543233074,1.7298407172578993
2023-02-06T14:51:08.000000000,2023-02-06T14:52:06.000000000,86,1,1.0956228219226366e-05,2.274005063612066e-06,0.09375,0.5000062892780113,0.5000038198713347,2.469431640209344e-06,15.000114596140039,6.327507916481487e-07,2.3975749083034055e-07,0.09375,0.0007569613525806833,-7.195185519093378e-05,5.678134198353605e-07,0.007058372380176472,1.322928971659776e-05,3.5212596491422606e-06,0.09375,0.9998847805715394,0.9998821658893422,5.228755033448684e-06,29.996464976680265,7.811717408677733e-07,3.3397805198976726e-07,0.03125,0.0005565266777202718,-0.00020881611463985082,2.6611777328107997e-07,0.006264483439195525,2.0047272099109696e-05,4.2447590036987844e-06,0.09375,0.0019003030341250243,3.2883654399255965e-05,3.6100702867781234e-06,0.02042005632462411
2023-02-06T14:51:38.000000000,2023-02-06T14:52:36.000000000,87,1,0.0,0.0,0.0,0.5,0.5,0.0,15.0,0.0,0.0,0.0,0.0,0.0,0.0,0.0,0.0,0.0,0.0,1.0,1.0,0.0,30.0,0.0,0.0,0.0,0.0,0.0,0.0,0.0,0.0,0.0,0.0,0.0,0.0,0.0,0.0
2023-02-06T14:52:08.000000000,2023-02-06T14:53:06.000000000,88,1,0.0,0.0,0.0,0.5,0.5,0.0,15.0,0.0,0.0,0.0,0.0,0.0,0.0,0.0,0.0,0.0,0.0,1.0,1.0,0.0,30.0,6.322634824735485e-07,1.3111203299129873e-07,0.03125,0.0011699366969343623,-0.00014689478818963526,1.3471737960364082e-06,0.0121816639986404,0.0,0.0,0.0,0.0,0.0,0.0,0.0
2023-02-06T14:52:38.000000000,2023-02-06T14:53:36.000000000,89,1,0.0,0.0,0.0,0.5,0.5,0.0,15.0,0.0,0.0,0.0,0.0,0.0,0.0,0.0,0.0,0.0,0.0,1.0,1.0,0.0,30.0,0.0004414480717964833,8.562124241082039e-05,0.09375,0.0507451799454381,0.0055903852257758735,0.0025438208807223193,0.43398830501550223,0.0,0.0,0.0,0.0,0.0,0.0,0.0
2023-02-06T14:53:08.000000000,2023-02-06T14:54:06.000000000,90,1,2.3773083626550007e-08,9.291734063531385e-09,0.03125,0.4999352384510151,0.49993465605745246,5.823177900878023e-07,14.998039681723572,0.0,0.0,0.0,0.0,0.0,0.0,0.0,3.9677218372347586e-08,8.166444255760582e-09,0.0,1.0002305225420955,1.0002295210388121,2.0034673024704304e-06,30.00688563116436,2.0780444292124725,0.5096313950087352,0.0625,0.5252750883947555,0.30274371554522717,0.18426016118598873,9.082311466356815,5.622470930754292e-08,1.1779675043901786e-08,0.03125,0.000400362626676821,-9.133771942712781e-05,1.519476538494148e-07,0.003734308335223122
2023-02-06T14:53:38.000000000,2023-02-06T14:54:36.000000000,91,1,0.00017089319708213775,3.272096650801406e-05,0.09375,0.49650942205347304,0.49562591993038824,0.0008765536810301963,14.868777597911649,0.0,0.0,0.0,0.0,0.0,0.0,0.0,0.0007084007560919162,0.00013710919119043464,0.09375,1.0048303865726247,1.0042927657893972,0.0010801463627735648,30.128782973681915,3.4923282740006463,0.8574572227381188,0.03125,0.7658776996788035,0.6208427401600137,0.20112294285590113,18.62528220480041,5.9025020366197564e-05,1.1759324156810684e-05,0.09375,0.005897455877968087,2.3340174296936022e-05,3.4779441068844134e-05,0.0792587158233739
2023-02-06T14:54:08.000000000,2023-02-06T14:55:06.000000000,92,1,0.21336190388372026,0.04812783395321702,0.0625,0.5075480312835052,0.49991624425264514,0.007688752792091669,14.997487327579353,0.0,0.0,0.0,0.0,0.0,0.0,0.0,0.8698147840336748,0.2247774495936519,0.0625,0.9543025153529948,0.9325889266705009,0.04097118466061653,27.97766780011502,2.836762695052303,0.4557650958953926,0.03125,0.5760639678695181,0.3643927222160486,0.19906763907355074,10.93178166648146,0.7039879407828301,0.17414766529346626,0.03125,0.21844262589565638,0.08480032997399109,0.04052608484449194,2.5440098992197324
2023-02-06T14:54:38.000000000,2023-02-06T14:55:36.000000000,93,1,0.025230100715142985,0.00882690128310671,0.0625,0.5110502116554226,0.5043740800696117,0.006779106186985201,15.131222402088351,0.0,0.0,0.0,0.0,0.0,0.0,0.0,0.24045472156719497,0.05912212955191373,0.03125,0.9500104527657904,0.9290405675439363,0.03940348422190307,27.87121702631809,0.05359805251884085,0.01127666857805917,0.0,0.13646448373098757,0.04023354128087718,0.017003817475964918,1.207715380149327,0.3647092505734685,0.07294071424303644,0.03125,0.21839584689609876,0.0847830451676861,0.04050858119355829,2.543491355030583
2023-02-06T14:55:08.000000000,2023-02-06T14:56:06.000000000,94,1,2.136037270187081e-05,4.128122011203524e-06,0.09375,0.5001536547063221,0.5001490996899025,4.556395470815234e-06,15.004472990697074,0.0,0.0,0.0,0.0,0.0,0.0,0.0,0.00012036407511798068,2.505346622283356e-05,0.09375,1.0005246509257362,1.0005148856240207,1.9540754818714747e-05,30.015446568720623,4.158978848682558e-06,9.345496473245522e-07,0.09375,0.0011389272975586746,-0.00032287630641947334,1.192906279877224e-06,0.011802586318282697,7.243630592543937e-05,1.3960581658716221e-05,0.09375,0.0037662751989497255,9.739308741909614e-05,1.417534346074677e-05,0.04368198258718875
2023-02-06T14:55:38.000000000,2023-02-06T14:56:36.000000000,95,1,0.0,0.0,0.0,0.5,0.5,0.0,15.0,0.0,0.0,0.0,0.0,0.0,0.0,0.0,0.0,0.0,0.0,1.0,1.0,0.0,30.0,0.0,0.0,0.0,0.0,0.0,0.0,0.0,0.0,0.0,0.0,0.0,0.0,0.0,0.0
2023-02-06T14:56:08.000000000,2023-02-06T14:57:06.000000000,96,1,0.0,0.0,0.0,0.5,0.5,0.0,15.0,0.0,0.0,0.0,0.0,0.0,0.0,0.0,0.0,0.0,0.0,1.0,1.0,0.0,30.0,0.0,0.0,0.0,0.0,0.0,0.0,0.0,0.0,0.0,0.0,0.0,0.0,0.0,0.0
2023-02-06T14:56:38.000000000,2023-02-06T14:57:36.000000000,97,1,0.0,0.0,0.0,0.5,0.5,0.0,15.0,0.0,0.0,0.0,0.0,0.0,0.0,0.0,0.0,0.0,0.0,1.0,1.0,0.0,30.0,1.0372254781733018e-06,4.1946324888758714e-07,0.0625,0.0015349415934709655,4.3831266710890387e-07,2.356045503249193e-06,0.017071681744645247,0.0,0.0,0.0,0.0,0.0,0.0,0.0
2023-02-06T14:57:08.000000000,2023-02-06T14:58:06.000000000,98,1,0.0,0.0,0.0,0.5,0.5,0.0,15.0,0.0,0.0,0.0,0.0,0.0,0.0,0.0,0.0,0.0,0.0,1.0,1.0,0.0,30.0,0.0008710565369541627,0.00017191147228929314,0.09375,0.23990832560336417,0.06528607116424633,0.053293733605746775,1.9585821349273902,0.0,0.0,0.0,0.0,0.0,0.0,0.0
2023-02-06T14:57:38.000000000,2023-02-06T14:58:36.000000000,99,1,7.563499566751481e-07,2.648347854760457e-07,0.09375,0.5002639028932222,0.500257829831041,6.076230696523267e-06,15.007734894931229,0.0,0.0,0.0,0.0,0.0,0.0,0.0,3.654428277076161e-07,1.8480239471192157e-07,0.0625,0.9996681103514431,0.9996648356201685,6.54727812654959e-06,29.989945068605053,2.366563342973863,0.48397955131013,0.0625,0.4954793930335596,0.2643132477472547,0.17563833598620304,7.92939743241764,2.3530885496561505e-07,4.8177979621170394e-08,0.03125,0.0009058695171429542,6.674519110628936e-05,8.16144661552994e-07,0.00916973910199905
2023-02-06T14:58:08.000000000,2023-02-06T14:59:06.000000000,100,1,0.0015839551258734353,0.00029807530845312,0.09375,0.4767154283852189,0.4650135883359902,0.011019962323389042,13.950407650079706,0.0,0.0,0.0,0.0,0.0,0.0,0.0,0.002343080808356001,0.00044895148024752117,0.09375,0.9778046753170984,0.9666666666666668,0.021657538627531857,29.0,3.5719477017393046,0.819630440176893,0.03125,0.7118782469960584,0.5346039799533163,0.22096922316425516,16.038119398599495,0.0002524179077421342,4.802853826971058e-05,0.09375,0.1115334806679133,0.028806653965719336,0.011609893997199095,0.8641996189715799
2023-02-06T14:58:38.000000000,2023-02-06T14:59:36.000000000,101,1,0.3935352272274589,0.10095453656666609,0.0625,0.49971224143526904,0.48305181609447606,0.016373267208089067,14.491554482834282,0.0,0.0,0.0,0.0,0.0,0.0,0.0,0.8912581829847411,0.25199517380868297,0.0625,0.9557883157042163,0.9340036620929965,0.0411684636335744,28.020109862789894,1.9280122647573752,0.3926668408465602,0.03125,0.5647623587881776,0.3358095127262881,0.2061884930665192,10.074285381788643,0.7154387090683594,0.193924721215612,0.03125,0.19876677775039917,0.0754074118838747,0.033821954170252265,2.2622223565162405
2023-02-06T14:59:08.000000000,2023-02-06T15:00:06.000000000,102,1,0.010563125824615908,0.003495608229569996,0.0,0.5222498198592551,0.5183197449973431,0.004089516288913622,15.549592349920294,0.0,0.0,0.0,0.0,0.0,0.0,0.0,0.042391588633210006,0.010054345747059613,0.0,0.9778046753170985,0.9666666666666667,0.02165753862753184,29.0,0.0010451308022992067,0.00019350068549388975,0.09375,0.011509738468652138,0.00010994888243724838,0.00013246199086002161,0.14249796130195816,0.07339458915887692,0.015603179544209918,0.0,0.16453709748630888,0.046692913933396814,0.02489222823762751,1.4007874180019042
2023-02-06T14:59:38.000000000,2023-02-06T15:00:36.000000000,103,1,1.002398930632224e-05,2.1222270291131012e-06,0.09375,0.5000261765400961,0.5000236874078162,2.48925639779172e-06,15.000710622234486,0.0,0.0,0.0,0.0,0.0,0.0,0.0,2.4557788166405234e-05,6.598949946848949e-06,0.09375,0.9996681103514431,0.9996648356201684,6.547278126549575e-06,29.989945068605053,1.0860029708725492e-06,3.8991520184687037e-07,0.03125,0.0006690566670446585,-0.00015840664624531582,4.225441581422184e-07,0.0063401360605488235,1.6423555851836878e-05,3.368663018058678e-06,0.09375,0.0017666981236853629,2.5410824135162487e-05,3.1205765502501535e-06,0.018996587823917357
2023-02-06T15:00:08.000000000,2023-02-06T15:01:06.000000000,104,1,0.0,0.0,0.0,0.5,0.5,0.0,15.0,0.0,0.0,0.0,0.0,0.0,0.0,0.0,0.0,0.0,0.0,1.0,1.0,0.0,30.0,1.9546843711650182e-05,4.23916210227438e-06,0.09375,0.004195120819863906,0.00025630148084858053,1.753334824417044e-05,0.04996788160879044,0.0,0.0,0.0,0.0,0.0,0.0,0.0
2023-02-06T15:00:38.000000000,2023-02-06T15:01:36.000000000,105,1,0.0,0.0,0.0,0.5,0.5,0.0,15.0,0.0,0.0,0.0,0.0,0.0,0.0,0.0,0.0,0.0,0.0,1.0,1.0,0.0,30.0,0.02753002913924579,0.007403219449825362,0.0,0.3507274508939421,0.13036965057810773,0.10601349901870463,3.9110895173432327,0.0,0.0,0.0,0.0,0.0,0.0,0.0
2023-02-06T15:01:08.000000000,2023-02-06T15:02:06.000000000,106,1,0.0,0.0,0.0,0.5,0.5,0.0,15.0,0.0,0.0,0.0,0.0,0.0,0.0,0.0,0.0,0.0,0.0,1.0,1.0,0.0,30.0,3.919079449450516,0.8707767943502834,0.0625,0.5259934499295971,0.2995141018164438,0.18696041218192855,8.985423054493312,0.0,0.0,0.0,0.0,0.0,0.0,0.0
2023-02-06T15:01:38.000000000,2023-02-06T15:02:36.000000000,107,1,0.0,0.0,0.0,0.5,0.5,0.0,15.0,0.0,0.0,0.0,0.0,0.0,0.0,0.0,0.0,0.0,0.0,1.0,1.0,0.0,30.0,1.328639487346124,0.2238564522070981,0.03125,0.39203044257535574,0.1696655572819278,0.12490146657804216,5.089966718457834,0.0,0.0,0.0,0.0,0.0,0.0,0.0
2023-02-06T15:02:08.000000000,2023-02-06T15:03:06.000000000,108,1,0.0,0.0,0.0,0.5,0.5,0.0,15.0,0.0,0.0,0.0,0.0,0.0,0.0,0.0,0.0,0.0,0.0,1.0,1.0,0.0,30.0,5.9664827339818694e-05,1.2809362560313578e-05,0.09375,0.0033077933220327154,0.00022959670270771663,1.0888782015389976e-05,0.039496671145684635,0.0,0.0,0.0,0.0,0.0,0.0,0.0
2023-02-06T15:02:38.000000000,2023-02-06T15:03:36.000000000,109,1,0.0,0.0,0.0,0.5,0.5,0.0,15.0,0.0,0.0,0.0,0.0,0.0,0.0,0.0,0.0,0.0,0.0,1.0,1.0,0.0,30.0,6.500496336446062e-38,1.0834160560743436e-38,0.0,2.280437911708374e-19,-4.163490950775503e-20,5.027050500184956e-38,1.2490472852326509e-18,0.0,0.0,0.0,0.0,0.0,0.0,0.0
2023-02-06T15:03:08.000000000,2023-02-06T15:04:06.000000000,110,1,0.0,0.0,0.0,0.5,0.5,0.0,15.0,0.0,0.0,0.0,0.0,0.0,0.0,0.0,0.0,0.0,0.0,1.0,1.0,0.0,30.0,0.0,0.0,0.0,0.0,0.0,0.0,0.0,0.0,0.0,0.0,0.0,0.0,0.0,0.0
2023-02-06T15:03:38.000000000,2023-02-06T15:04:36.000000000,111,1,0.0,0.0,0.0,0.5,0.5,0.0,15.0,0.0,0.0,0.0,0.0,0.0,0.0,0.0,0.0,0.0,0.0,1.0,1.0,0.0,30.0,0.0,0.0,0.0,0.0,0.0,0.0,0.0,0.0,0.0,0.0,0.0,0.0,0.0,0.0
2023-02-06T15:04:08.000000000,2023-02-06T15:05:06.000000000,112,1,0.0,0.0,0.0,0.5,0.5,0.0,15.0,0.0,0.0,0.0,0.0,0.0,0.0,0.0,0.0,0.0,0.0,1.0,1.0,0.0,30.0,0.0,0.0,0.0,0.0,0.0,0.0,0.0,0.0,0.0,0.0,0.0,0.0,0.0,0.0
2023-02-06T15:04:38.000000000,2023-02-06T15:05:36.000000000,113,1,0.0,0.0,0.0,0.5,0.5,0.0,15.0,0.0,0.0,0.0,0.0,0.0,0.0,0.0,0.0,0.0,0.0,1.0,1.0,0.0,30.0,1.0372254781733018e-06,4.1946324888758714e-07,0.0625,0.0015349415934709655,4.3831266710890387e-07,2.356045503249193e-06,0.017071681744645247,0.0,0.0,0.0,0.0,0.0,0.0,0.0
2023-02-06T15:05:08.000000000,2023-02-06T15:06:06.000000000,114,1,0.0,0.0,0.0,0.5,0.5,0.0,15.0,0.0,0.0,0.0,0.0,0.0,0.0,0.0,0.0,0.0,0.0,1.0,1.0,0.0,30.0,0.0008710565369541627,0.00017191147228929314,0.09375,0.23990832560336417,0.06528607116424633,0.053293733605746775,1.9585821349273902,0.0,0.0,0.0,0.0,0.0,0.0,0.0
2023-02-06T15:05:38.000000000,2023-02-06T15:06:36.000000000,115,1,3.7253089447744926e-07,1.21010587459247e-07,0.09375,0.5001248202455703,0.5001239480552363,8.724073072604817e-07,15.003718441657089,6.327507916481496e-07,2.84079510051277e-07,0.09375,0.002403498913860679,-0.00015994244724647458,5.751225442498272e-06,0.026074524729967765,3.9997213237680664e-07,8.919240436798533e-08,0.03125,0.9998847805715394,0.9998821658893423,5.2287550334487e-06,29.996464976680265,2.3671276299116784,0.48397967926146584,0.0625,0.49554991923511255,0.2644808299371705,0.1756196130496721,7.934424898115113,2.9848592139417805e-07,5.306929400674425e-08,0.03125,0.0004609366952933921,-7.244812509120788e-05,2.0721390623876207e-07,0.004050986797108532
2023-02-06T15:06:08.000000000,2023-02-06T15:07:06.000000000,116,1,0.00022480162356493876,4.1886222563081956e-05,0.09375,0.48323253332863025,0.4801797782917,0.002941061786939649,14.405393348750996,0.0015781785194605383,0.0003047848745695004,0.09375,0.11017454046565603,0.03340963414319311,0.011022225713236468,1.0022890242957934,0.0015972367525542638,0.0003117690926531086,0.09375,0.9932200733961881,0.9900850244441716,0.006217758568513706,29.702550733325143,3.571893439420224,0.8271037863074434,0.03125,0.7147854049277071,0.5579460369209615,0.19961439498185926,16.738381107628847,0.00010628207771301835,2.172685158300264e-05,0.09375,0.08313772908269076,0.020945038330624586,0.006473187366355551,0.6283511499187375
2023-02-06T15:06:38.000000000,2023-02-06T15:07:36.000000000,117,1,0.17570845625002457,0.04264119268788124,0.0625,0.5066221771795588,0.5,0.0066660304101563254,15.0,0.2125343827607342,0.06450116961730776,0.03125,0.11331934244871882,0.033543023859837796,0.01171613892334836,1.0106993271859253,0.9955562526756804,0.25645595785213493,0.0625,0.9552171446460584,0.9334588071866605,0.04109444871142629,28.003764215599816,1.5174426472964269,0.2966481758027854,0.03125,0.5712209106712759,0.36880768167978994,0.1902742227221005,11.064230450393696,1.0595082260641753,0.2787995109809671,0.03125,0.247722543218267,0.10000443469292383,0.051365571460274886,3.0001330407877163
2023-02-06T15:07:08.000000000,2023-02-06T15:08:06.000000000,118,1,0.014026951087636963,0.0033247604128776266,0.03125,0.5226414877177337,0.5198202217083001,0.0029410617869396498,15.594606651249004,0.003459141066893446,0.0006328135865932543,0.09375,0.026641367743304112,-7.63008098597725e-05,0.00070975665342038,0.30236201540463115,0.1072032275035634,0.025746747942575938,0.0,0.9621423241635425,0.9432483088891619,0.03600047972455956,28.297449266674857,0.005779118262463918,0.0016829724374667976,0.09375,0.05825253278469522,0.01010122524812556,0.003291322824318621,0.5631423128207663,0.17717939735892854,0.04474929289398145,0.03125,0.2333730820921798,0.07862414849325619,0.04828123871891372,2.358724454797686
2023-02-06T15:07:38.000000000,2023-02-06T15:08:36.000000000,119,1,5.483994243698892e-06,1.1780286147591048e-06,0.09375,0.4998769245676294,0.4998760519447637,8.72407307260512e-07,14.996281558342913,3.3798218466291185e-06,9.01956774651571e-07,0.09375,0.0010684858508690448,-4.974807925798946e-05,1.139187142117488e-06,0.010510481302908627,4.38249128769076e-05,9.096020254448486e-06,0.09375,0.9999972991461467,0.9999923602573306,9.877726560837434e-06,29.999770807719926,5.433583131519238e-06,1.6555670856393415e-06,0.09375,0.0014721641778673172,9.175543670459141e-06,2.1671831759941052e-06,0.015342294563123755,3.3341194300863984e-05,6.768952620328001e-06,0.09375,0.002864709595573059,-0.0003627997439518723,8.07493741275682e-06,0.032157321015172644
2023-02-06T15:08:08.000000000,2023-02-06T15:09:06.000000000,120,1,0.0,0.0,0.0,0.5,0.5,0.0,15.0,0.0,0.0,0.0,0.0,0.0,0.0,0.0,0.0,0.0,0.0,1.0,1.0,0.0,30.0,2.0087296179406876e-05,4.47062853346191e-06,0.09375,0.004980458074734783,0.00030604956010657025,2.4711296300949465e-05,0.05801968123866322,0.0,0.0,0.0,0.0,0.0,0.0,0.0
2023-02-06T15:08:38.000000000,2023-02-06T15:09:36.000000000,121,1,0.0,0.0,0.0,0.5,0.5,0.0,15.0,0.0,0.0,0.0,0.0,0.0,0.0,0.0,0.0,0.0,0.0,1.0,1.0,0.0,30.0,0.029569362396040254,0.008511954477138445,0.0,0.348521501870024,0.13044595138796755,0.10445109103222515,3.913378541639026,0.0,0.0,0.0,0.0,0.0,0.0,0.0
2023-02-06T15:09:08.000000000,2023-02-06T15:10:06.000000000,122,1,0.0,0.0,0.0,0.5,0.5,0.0,15.0,0.0,0.0,0.0,0.0,0.0,0.0,0.0,0.0,0.0,0.0,1.0,1.0,0.0,30.0,3.806728730785173,0.8710774623047348,0.0625,0.49179280632872463,0.26597107795660596,0.1711195500472835,7.979132338698179,0.0,0.0,0.0,0.0,0.0,0.0,0.0
2023-02-06T15:09:38.000000000,2023-02-06T15:10:36.000000000,123,1,0.0,0.0,0.0,0.5,0.5,0.0,15.0,0.0,0.0,0.0,0.0,0.0,0.0,0.0,0.0,0.0,0.0,1.0,1.0,0.0,30.0,1.093339159230737,0.2071129917594749,0.03125,0.34704796601199533,0.1362559231387347,0.10187661412267432,4.087677694162042,0.0,0.0,0.0,0.0,0.0,0.0,0.0
2023-02-06T15:10:08.000000000,2023-02-06T15:11:06.000000000,124,1,0.0,0.0,0.0,0.5,0.5,0.0,15.0,0.0,0.0,0.0,0.0,0.0,0.0,0.0,0.0,0.0,0.0,1.0,1.0,0.0,30.0,0.00011085186062501445,2.2667679770570865e-05,0.09375,0.004959420055389861,0.0003895391499541908,2.444410653645614e-05,0.057759152772853754,0.0,0.0,0.0,0.0,0.0,0.0,0.0
