timestamp,i3_photoresistor_baseband,i3_photoresistor_original_bits,i3_photoresistor_ask_recovered,current_state_binary
2023-02-06 14:08:10,0.018089,0,0,1.0
2023-02-06 14:08:12,0.017886,0,0,1.0
2023-02-06 14:08:14,0.017739,0,0,1.0
2023-02-06 14:08:16,0.017924,0,0,1.0
2023-02-06 14:08:18,0.0183,0,0,1.0
2023-02-06 14:08:20,0.018297,0,0,1.0
2023-02-06 14:08:22,0.017672,0,0,1.0
2023-02-06 14:08:24,0.017185,0,0,1.0
2023-02-06 14:08:26,0.017808,0,0,1.0
2023-02-06 14:08:28,0.019051,0,0,1.0
2023-02-06 14:08:30,0.01904,0,0,1.0
2023-02-06 14:08:32,0.017162,0,0,1.0
2023-02-06 14:08:34,0.015768,0,0,1.0
2023-02-06 14:08:36,0.017479,0,0,1.0
2023-02-06 14:08:38,0.020769,0,0,1.0
2023-02-06 14:08:40,0.020738,0,0,1.0
2023-02-06 14:08:42,0.015988,0,0,1.0
2023-02-06 14:08:44,0.012506,0,0,1.0
2023-02-06 14:08:46,0.016818,0,0,1.0
2023-02-06 14:08:48,0.025252,0,0,1.0
2023-02-06 14:08:50,0.025165,0,0,1.0
2023-02-06 14:08:52,0.011456,0,0,1.0
2023-02-06 14:08:54,0.0,0,0,1.0
2023-02-06 14:08:56,0.017816,0,0,1.0
2023-02-06 14:08:58,0.075583,0,0,1.0
2023-02-06 14:09:00,0.151967,0,0,1.0
2023-02-06 14:09:02,0.209563,0,0,1.0
2023-02-06 14:09:04,0.227478,0,0,1.0
2023-02-06 14:09:06,0.216638,0,0,1.0
2023-02-06 14:09:08,0.2037,0,0,1.0
2023-02-06 14:09:10,0.203998,0,0,1.0
2023-02-06 14:09:12,0.212406,0,0,1.0
2023-02-06 14:09:14,0.216763,0,0,1.0
2023-02-06 14:09:16,0.213651,0,0,1.0
2023-02-06 14:09:18,0.209066,0,0,1.0
2023-02-06 14:09:20,0.208298,0,0,1.0
2023-02-06 14:09:22,0.210135,0,0,1.0
2023-02-06 14:09:24,0.21088,0,0,1.0
2023-02-06 14:09:26,0.210007,0,0,1.0
2023-02-06 14:09:28,0.209721,0,0,1.0
2023-02-06 14:09:30,0.210854,0,0,1.0
2023-02-06 14:09:32,0.21178,0,0,1.0
2023-02-06 14:09:34,0.21122,0,0,1.0
2023-02-06 14:09:36,0.21013,0,0,1.0
2023-02-06 14:09:38,0.210103,0,0,1.0
2023-02-06 14:09:40,0.211099,0,0,1.0
2023-02-06 14:09:42,0.211773,0,0,1.0
2023-02-06 14:09:44,0.211498,0,0,1.0
2023-02-06 14:09:46,0.211059,0,0,1.0
2023-02-06 14:09:48,0.211355,0,0,1.0
2023-02-06 14:09:50,0.212204,0,0,1.0
2023-02-06 14:09:52,0.212591,0,0,1.0
2023-02-06 14:09:54,0.212478,0,0,1.0
2023-02-06 14:09:56,0.212652,0,0,1.0
2023-02-06 14:09:58,0.213602,0,0,1.0
2023-02-06 14:10:00,0.214725,0,0,1.0
2023-02-06 14:10:02,0.214908,0,0,1.0
2023-02-06 14:10:04,0.213815,0,0,1.0
2023-02-06 14:10:06,0.212359,0,0,1.0
2023-02-06 14:10:08,0.211782,0,0,1.0
2023-02-06 14:10:10,0.21244,0,0,1.0
2023-02-06 14:10:12,0.213589,0,0,1.0
2023-02-06 14:10:14,0.214258,0,0,1.0
2023-02-06 14:10:16,0.214193,0,0,1.0
2023-02-06 14:10:18,0.213882,0,0,1.0
2023-02-06 14:10:20,0.213908,0,0,1.0
2023-02-06 14:10:22,0.214382,0,0,1.0
2023-02-06 14:10:24,0.214986,0,0,1.0
2023-02-06 14:10:26,0.21534,0,0,1.0
2023-02-06 14:10:28,0.215259,0,0,1.0
2023-02-06 14:10:30,0.214773,0,0,1.0
2023-02-06 14:10:32,0.214003,0,0,1.0
2023-02-06 14:10:34,0.213119,0,0,1.0
2023-02-06 14:10:36,0.212324,0,0,1.0
2023-02-06 14:10:38,0.211813,0,0,1.0
2023-02-06 14:10:40,0.211693,0,0,1.0
2023-02-06 14:10:42,0.211938,0,0,1.0
2023-02-06 14:10:44,0.212367,0,0,1.0
2023-02-06 14:10:46,0.21268,0,0,1.0
2023-02-06 14:10:48,0.212571,0,0,1.0
2023-02-06 14:10:50,0.211937,0,0,1.0
2023-02-06 14:10:52,0.211062,0,0,1.0
2023-02-06 14:10:54,0.210492,0,0,1.0
2023-02-06 14:10:56,0.210586,0,0,1.0
2023-02-06 14:10:58,0.211089,0,0,1.0
2023-02-06 14:11:00,0.211307,0,0,1.0
2023-02-06 14:11:02,0.210744,0,0,1.0
2023-02-06 14:11:04,0.209625,0,0,1.0
2023-02-06 14:11:06,0.208722,0,0,1.0
2023-02-06 14:11:08,0.208632,0,0,1.0
2023-02-06 14:11:10,0.209207,0,0,1.0
2023-02-06 14:11:12,0.20983,0,0,1.0
2023-02-06 14:11:14,0.210092,0,0,1.0
2023-02-06 14:11:16,0.210122,0,0,1.0
2023-02-06 14:11:18,0.210245,0,0,1.0
2023-02-06 14:11:20,0.21049,0,0,1.0
2023-02-06 14:11:22,0.210575,0,0,1.0
2023-02-06 14:11:24,0.210322,0,0,1.0
2023-02-06 14:11:26,0.209891,0,0,1.0
2023-02-06 14:11:28,0.209481,0,0,1.0
2023-02-06 14:11:30,0.208983,0,0,1.0
2023-02-06 14:11:32,0.208143,0,0,1.0
2023-02-06 14:11:34,0.207028,0,0,1.0
2023-02-06 14:11:36,0.206009,0,0,1.0
2023-02-06 14:11:38,0.205149,0,0,1.0
2023-02-06 14:11:40,0.20393,0,0,1.0
2023-02-06 14:11:42,0.20199,0,0,1.0
2023-02-06 14:11:44,0.200026,0,0,1.0
2023-02-06 14:11:46,0.199436,0,0,1.0
2023-02-06 14:11:48,0.2005,0,0,1.0
2023-02-06 14:11:50,0.201164,0,0,1.0
2023-02-06 14:11:52,0.198394,0,0,1.0
2023-02-06 14:11:54,0.191131,0,0,1.0
2023-02-06 14:11:56,0.181916,0,0,1.0
2023-02-06 14:11:58,0.17501,0,0,1.0
2023-02-06 14:12:00,0.172705,0,0,1.0
2023-02-06 14:12:02,0.173518,0,0,1.0
2023-02-06 14:12:04,0.174108,0,0,1.0
2023-02-06 14:12:06,0.17271,0,0,1.0
2023-02-06 14:12:08,0.170443,0,0,1.0
2023-02-06 14:12:10,0.169384,0,0,1.0
2023-02-06 14:12:12,0.169945,0,0,1.0
2023-02-06 14:12:14,0.170491,0,0,1.0
2023-02-06 14:12:16,0.169421,0,0,1.0
2023-02-06 14:12:18,0.167179,0,0,1.0
2023-02-06 14:12:20,0.165686,0,0,1.0
2023-02-06 14:12:22,0.165923,0,0,1.0
2023-02-06 14:12:24,0.166593,0,0,1.0
2023-02-06 14:12:26,0.165607,0,0,1.0
2023-02-06 14:12:28,0.162755,0,0,1.0
2023-02-06 14:12:30,0.160264,0,0,1.0
2023-02-06 14:12:32,0.160173,0,0,1.0
2023-02-06 14:12:34,0.161279,0,0,1.0
2023-02-06 14:12:36,0.159568,0,0,1.0
2023-02-06 14:12:38,0.152457,0,0,1.0
2023-02-06 14:12:40,0.142355,0,0,1.0
2023-02-06 14:12:42,0.135068,0,0,1.0
2023-02-06 14:12:44,0.134015,0,0,1.0
2023-02-06 14:12:46,0.13662,0,0,1.0
2023-02-06 14:12:48,0.137359,0,0,1.0
2023-02-06 14:12:50,0.134342,0,0,1.0
2023-02-06 14:12:52,0.131856,0,0,1.0
2023-02-06 14:12:54,0.135401,0,0,1.0
2023-02-06 14:12:56,0.144702,0,0,1.0
2023-02-06 14:12:58,0.152866,0,0,1.0
2023-02-06 14:13:00,0.153027,0,0,1.0
2023-02-06 14:13:02,0.145225,0,0,1.0
2023-02-06 14:13:04,0.135936,0,0,1.0
2023-02-06 14:13:06,0.131365,0,0,1.0
2023-02-06 14:13:08,0.132005,0,0,1.0
2023-02-06 14:13:10,0.133857,0,0,1.0
2023-02-06 14:13:12,0.133634,0,0,1.0
2023-02-06 14:13:14,0.131652,0,0,1.0
2023-02-06 14:13:16,0.130027,0,0,1.0
2023-02-06 14:13:18,0.129543,0,0,1.0
2023-02-06 14:13:20,0.129179,0,0,1.0
2023-02-06 14:13:22,0.128026,0,0,1.0
2023-02-06 14:13:24,0.126589,0,0,1.0
2023-02-06 14:13:26,0.126027,0,0,1.0
2023-02-06 14:13:28,0.126666,0,0,1.0
2023-02-06 14:13:30,0.127641,0,0,1.0
2023-02-06 14:13:32,0.127756,0,0,1.0
2023-02-06 14:13:34,0.126363,0,0,1.0
2023-02-06 14:13:36,0.123844,0,0,1.0
2023-02-06 14:13:38,0.121538,0,0,1.0
2023-02-06 14:13:40,0.120887,0,0,1.0
2023-02-06 14:13:42,0.12196,0,0,1.0
2023-02-06 14:13:44,0.122619,0,0,1.0
2023-02-06 14:13:46,0.119802,0,0,1.0
2023-02-06 14:13:48,0.112341,0,0,1.0
2023-02-06 14:13:50,0.10254,0,0,1.0
2023-02-06 14:13:52,0.094623,0,0,1.0
2023-02-06 14:13:54,0.091282,0,0,1.0
2023-02-06 14:13:56,0.091654,0,0,1.0
2023-02-06 14:13:58,0.092873,0,0,1.0
2023-02-06 14:14:00,0.092909,0,0,1.0
2023-02-06 14:14:02,0.091784,0,0,1.0
2023-02-06 14:14:04,0.090496,0,0,1.0
2023-02-06 14:14:06,0.089526,0,0,1.0
2023-02-06 14:14:08,0.088729,0,0,1.0
2023-02-06 14:14:10,0.088105,0,0,1.0
2023-02-06 14:14:12,0.087853,0,0,1.0
2023-02-06 14:14:14,0.087733,0,0,1.0
2023-02-06 14:14:16,0.087074,0,0,1.0
2023-02-06 14:14:18,0.08559,0,0,1.0
2023-02-06 14:14:20,0.084024,0,0,1.0
2023-02-06 14:14:22,0.083369,0,0,1.0
2023-02-06 14:14:24,0.083567,0,0,1.0
2023-02-06 14:14:26,0.083579,0,0,1.0
2023-02-06 14:14:28,0.082838,0,0,1.0
2023-02-06 14:14:30,0.082056,0,0,1.0
2023-02-06 14:14:32,0.08215,0,0,1.0
2023-02-06 14:14:34,0.08266,0,0,1.0
2023-02-06 14:14:36,0.081914,0,0,1.0
2023-02-06 14:14:38,0.078942,0,0,1.0
2023-02-06 14:14:40,0.07489,0,0,1.0
2023-02-06 14:14:42,0.072245,0,0,1.0
2023-02-06 14:14:44,0.072675,0,0,1.0
2023-02-06 14:14:46,0.07576,0,0,1.0
2023-02-06 14:14:48,0.079432,0,0,1.0
2023-02-06 14:14:50,0.081408,0,0,1.0
2023-02-06 14:14:52,0.080349,0,0,1.0
2023-02-06 14:14:54,0.076496,0,0,1.0
2023-02-06 14:14:56,0.071527,0,0,1.0
2023-02-06 14:14:58,0.067562,0,0,1.0
2023-02-06 14:15:00,0.06564,0,0,1.0
2023-02-06 14:15:02,0.064934,0,0,1.0
2023-02-06 14:15:04,0.063661,0,0,1.0
2023-02-06 14:15:06,0.060903,0,0,1.0
2023-02-06 14:15:08,0.057458,0,0,1.0
2023-02-06 14:15:10,0.054821,0,0,1.0
2023-02-06 14:15:12,0.053551,0,0,1.0
2023-02-06 14:15:14,0.052893,0,0,1.0
2023-02-06 14:15:16,0.051892,0,0,1.0
2023-02-06 14:15:18,0.050502,0,0,1.0
2023-02-06 14:15:20,0.049521,0,0,1.0
2023-02-06 14:15:22,0.049495,0,0,1.0
2023-02-06 14:15:24,0.049974,0,0,1.0
2023-02-06 14:15:26,0.049875,0,0,1.0
2023-02-06 14:15:28,0.048704,0,0,1.0
2023-02-06 14:15:30,0.047182,0,0,1.0
2023-02-06 14:15:32,0.046724,0,0,1.0
2023-02-06 14:15:34,0.048074,0,0,1.0
2023-02-06 14:15:36,0.05026,0,0,1.0
2023-02-06 14:15:38,0.051328,0,0,1.0
2023-02-06 14:15:40,0.050121,0,0,1.0
2023-02-06 14:15:42,0.047467,0,0,1.0
2023-02-06 14:15:44,0.045359,0,0,1.0
2023-02-06 14:15:46,0.044895,0,0,1.0
2023-02-06 14:15:48,0.045253,0,0,1.0
2023-02-06 14:15:50,0.044872,0,0,1.0
2023-02-06 14:15:52,0.043425,0,0,1.0
2023-02-06 14:15:54,0.042273,0,0,1.0
2023-02-06 14:15:56,0.042732,0,0,1.0
2023-02-06 14:15:58,0.043837,0,0,1.0
2023-02-06 14:16:00,0.042561,0,0,1.0
2023-02-06 14:16:02,0.036687,0,0,1.0
2023-02-06 14:16:04,0.027673,0,0,1.0
2023-02-06 14:16:06,0.020385,0,0,1.0
2023-02-06 14:16:08,0.019111,0,0,1.0
2023-02-06 14:16:10,0.023592,0,0,1.0
2023-02-06 14:16:12,0.029017,0,0,1.0
2023-02-06 14:16:14,0.030364,0,0,1.0
2023-02-06 14:16:16,0.026786,0,0,1.0
2023-02-06 14:16:18,0.021751,0,0,1.0
2023-02-06 14:16:20,0.019167,0,0,1.0
2023-02-06 14:16:22,0.019825,0,0,1.0
2023-02-06 14:16:24,0.021652,0,0,1.0
2023-02-06 14:16:26,0.02248,0,0,1.0
2023-02-06 14:16:28,0.021894,0,0,1.0
2023-02-06 14:16:30,0.020683,0,0,1.0
2023-02-06 14:16:32,0.019567,0,0,1.0
2023-02-06 14:16:34,0.018957,0,0,1.0
2023-02-06 14:16:36,0.019143,0,0,1.0
2023-02-06 14:16:38,0.019921,0,0,1.0
2023-02-06 14:16:40,0.020298,0,0,1.0
2023-02-06 14:16:42,0.019521,0,0,1.0
2023-02-06 14:16:44,0.018526,0,0,1.0
2023-02-06 14:16:46,0.01944,0,0,1.0
2023-02-06 14:16:48,0.022962,0,0,1.0
2023-02-06 14:16:50,0.026795,0,0,1.0
2023-02-06 14:16:52,0.027766,0,0,1.0
2023-02-06 14:16:54,0.025626,0,0,1.0
2023-02-06 14:16:56,0.023953,0,0,1.0
2023-02-06 14:16:58,0.026494,0,0,1.0
2023-02-06 14:17:00,0.03318,0,0,1.0
2023-02-06 14:17:02,0.040295,0,0,1.0
2023-02-06 14:17:04,0.044383,0,0,1.0
2023-02-06 14:17:06,0.045248,0,0,1.0
2023-02-06 14:17:08,0.045096,0,0,1.0
2023-02-06 14:17:10,0.045513,0,0,1.0
2023-02-06 14:17:12,0.046286,0,0,1.0
2023-02-06 14:17:14,0.046768,0,0,1.0
2023-02-06 14:17:16,0.047274,0,0,1.0
2023-02-06 14:17:18,0.048518,0,0,1.0
2023-02-06 14:17:20,0.050248,0,0,1.0
2023-02-06 14:17:22,0.051312,0,0,1.0
2023-02-06 14:17:24,0.051284,0,0,1.0
2023-02-06 14:17:26,0.051219,0,0,1.0
2023-02-06 14:17:28,0.052402,0,0,1.0
2023-02-06 14:17:30,0.054556,0,0,1.0
2023-02-06 14:17:32,0.056069,0,0,1.0
2023-02-06 14:17:34,0.056158,0,0,1.0
2023-02-06 14:17:36,0.056299,0,0,1.0
2023-02-06 14:17:38,0.058995,0,0,1.0
2023-02-06 14:17:40,0.065067,0,0,1.0
2023-02-06 14:17:42,0.072597,0,0,1.0
2023-02-06 14:17:44,0.078627,0,0,1.0
2023-02-06 14:17:46,0.081749,0,0,1.0
2023-02-06 14:17:48,0.082697,0,0,1.0
2023-02-06 14:17:50,0.083056,0,0,1.0
2023-02-06 14:17:52,0.08383,0,0,1.0
2023-02-06 14:17:54,0.08529,0,0,1.0
2023-02-06 14:17:56,0.087293,0,0,1.0
2023-02-06 14:17:58,0.089265,0,0,1.0
2023-02-06 14:18:00,0.090373,0,0,1.0
2023-02-06 14:18:02,0.09046,0,0,1.0
2023-02-06 14:18:04,0.091009,0,0,1.0
2023-02-06 14:18:06,0.094402,0,0,1.0
2023-02-06 14:18:08,0.101561,0,0,1.0
2023-02-06 14:18:10,0.110442,0,0,1.0
2023-02-06 14:18:12,0.117441,0,0,1.0
2023-02-06 14:18:14,0.120495,0,0,1.0
2023-02-06 14:18:16,0.120634,0,0,1.0
2023-02-06 14:18:18,0.120547,0,0,1.0
2023-02-06 14:18:20,0.121952,0,0,1.0
2023-02-06 14:18:22,0.124447,0,0,1.0
2023-02-06 14:18:24,0.126566,0,0,1.0
2023-02-06 14:18:26,0.127493,0,0,1.0
2023-02-06 14:18:28,0.127759,0,0,1.0
2023-02-06 14:18:30,0.128536,0,0,1.0
2023-02-06 14:18:32,0.130326,0,0,1.0
2023-02-06 14:18:34,0.132291,0,0,1.0
2023-02-06 14:18:36,0.133062,0,0,1.0
2023-02-06 14:18:38,0.132418,0,0,1.0
2023-02-06 14:18:40,0.132214,0,0,1.0
2023-02-06 14:18:42,0.135107,0,0,1.0
2023-02-06 14:18:44,0.14192,0,0,1.0
2023-02-06 14:18:46,0.1504,0,0,1.0
2023-02-06 14:18:48,0.156936,0,0,1.0
2023-02-06 14:18:50,0.159654,0,0,1.0
2023-02-06 14:18:52,0.159658,0,0,1.0
2023-02-06 14:18:54,0.15938,0,0,1.0
2023-02-06 14:18:56,0.160154,0,0,1.0
2023-02-06 14:18:58,0.161569,0,0,1.0
2023-02-06 14:19:00,0.162625,0,0,1.0
2023-02-06 14:19:02,0.162851,0,0,1.0
2023-02-06 14:19:04,0.162377,0,0,1.0
2023-02-06 14:19:06,0.161478,0,0,1.0
2023-02-06 14:19:08,0.160579,0,0,1.0
2023-02-06 14:19:10,0.160313,0,0,1.0
2023-02-06 14:19:12,0.161076,0,0,1.0
2023-02-06 14:19:14,0.162533,0,0,1.0
2023-02-06 14:19:16,0.163664,0,0,1.0
2023-02-06 14:19:18,0.163813,0,0,1.0
2023-02-06 14:19:20,0.1634,0,0,1.0
2023-02-06 14:19:22,0.163418,0,0,1.0
2023-02-06 14:19:24,0.164298,0,0,1.0
2023-02-06 14:19:26,0.165433,0,0,1.0
2023-02-06 14:19:28,0.165892,0,0,1.0
2023-02-06 14:19:30,0.16553,0,0,1.0
2023-02-06 14:19:32,0.165187,0,0,1.0
2023-02-06 14:19:34,0.165746,0,0,1.0
2023-02-06 14:19:36,0.1671,0,0,1.0
2023-02-06 14:19:38,0.16828,0,0,1.0
2023-02-06 14:19:40,0.168771,0,0,1.0
2023-02-06 14:19:42,0.169266,0,0,1.0
2023-02-06 14:19:44,0.17073,0,0,1.0
2023-02-06 14:19:46,0.172783,0,0,1.0
2023-02-06 14:19:48,0.173627,0,0,1.0
2023-02-06 14:19:50,0.172206,0,0,1.0
2023-02-06 14:19:52,0.170179,0,0,1.0
2023-02-06 14:19:54,0.170765,0,0,1.0
2023-02-06 14:19:56,0.175125,0,0,1.0
2023-02-06 14:19:58,0.180384,0,0,1.0
2023-02-06 14:20:00,0.182071,0,0,1.0
2023-02-06 14:20:02,0.17868,0,0,1.0
2023-02-06 14:20:04,0.173279,0,0,1.0
2023-02-06 14:20:06,0.170319,0,0,1.0
2023-02-06 14:20:08,0.171252,0,0,1.0
2023-02-06 14:20:10,0.173694,0,0,1.0
2023-02-06 14:20:12,0.174544,0,0,1.0
2023-02-06 14:20:14,0.173173,0,0,1.0
2023-02-06 14:20:16,0.171332,0,0,1.0
2023-02-06 14:20:18,0.17062,0,0,1.0
2023-02-06 14:20:20,0.170884,0,0,1.0
2023-02-06 14:20:22,0.170966,0,0,1.0
2023-02-06 14:20:24,0.170321,0,0,1.0
2023-02-06 14:20:26,0.16946,0,0,1.0
2023-02-06 14:20:28,0.169061,0,0,1.0
2023-02-06 14:20:30,0.169173,0,0,1.0
2023-02-06 14:20:32,0.169398,0,0,1.0
2023-02-06 14:20:34,0.169505,0,0,1.0
2023-02-06 14:20:36,0.169639,0,0,1.0
2023-02-06 14:20:38,0.169968,0,0,1.0
2023-02-06 14:20:40,0.170389,0,0,1.0
2023-02-06 14:20:42,0.170656,0,0,1.0
2023-02-06 14:20:44,0.170695,0,0,1.0
2023-02-06 14:20:46,0.170635,0,0,1.0
2023-02-06 14:20:48,0.170548,0,0,1.0
2023-02-06 14:20:50,0.170253,0,0,1.0
2023-02-06 14:20:52,0.169569,0,0,1.0
2023-02-06 14:20:54,0.168817,0,0,1.0
2023-02-06 14:20:56,0.168646,0,0,1.0
2023-02-06 14:20:58,0.169402,0,0,1.0
2023-02-06 14:21:00,0.170621,0,0,1.0
2023-02-06 14:21:02,0.171343,0,0,1.0
2023-02-06 14:21:04,0.171082,0,0,1.0
2023-02-06 14:21:06,0.170314,0,0,1.0
2023-02-06 14:21:08,0.169879,0,0,1.0
2023-02-06 14:21:10,0.17,0,0,1.0
2023-02-06 14:21:12,0.170071,0,0,1.0
2023-02-06 14:21:14,0.169505,0,0,1.0
2023-02-06 14:21:16,0.168498,0,0,1.0
2023-02-06 14:21:18,0.167768,0,0,1.0
2023-02-06 14:21:20,0.167744,0,0,1.0
2023-02-06 14:21:22,0.168082,0,0,1.0
2023-02-06 14:21:24,0.168002,0,0,1.0
2023-02-06 14:21:26,0.167205,0,0,1.0
2023-02-06 14:21:28,0.166232,0,0,1.0
2023-02-06 14:21:30,0.165867,0,0,1.0
2023-02-06 14:21:32,0.166206,0,0,1.0
2023-02-06 14:21:34,0.166454,0,0,1.0
2023-02-06 14:21:36,0.165859,0,0,1.0
2023-02-06 14:21:38,0.164867,0,0,1.0
2023-02-06 14:21:40,0.164806,0,0,1.0
2023-02-06 14:21:42,0.166018,0,0,1.0
2023-02-06 14:21:44,0.16669,0,0,1.0
2023-02-06 14:21:46,0.16466,0,0,1.0
2023-02-06 14:21:48,0.160683,0,0,1.0
2023-02-06 14:21:50,0.158776,0,0,1.0
2023-02-06 14:21:52,0.161595,0,0,1.0
2023-02-06 14:21:54,0.166161,0,0,1.0
2023-02-06 14:21:56,0.166231,0,0,1.0
2023-02-06 14:21:58,0.160239,0,0,1.0
2023-02-06 14:22:00,0.155475,0,0,1.0
2023-02-06 14:22:02,0.161569,0,0,1.0
2023-02-06 14:22:04,0.179077,0,0,1.0
2023-02-06 14:22:06,0.19641,0,0,1.0
2023-02-06 14:22:08,0.200058,0,0,1.0
2023-02-06 14:22:10,0.187794,0,0,1.0
2023-02-06 14:22:12,0.170382,0,0,1.0
2023-02-06 14:22:14,0.160495,0,0,1.0
2023-02-06 14:22:16,0.161462,0,0,1.0
2023-02-06 14:22:18,0.167142,0,0,1.0
2023-02-06 14:22:20,0.170544,0,0,1.0
2023-02-06 14:22:22,0.170132,0,0,1.0
2023-02-06 14:22:24,0.168403,0,0,1.0
2023-02-06 14:22:26,0.167447,0,0,1.0
2023-02-06 14:22:28,0.167783,0,0,1.0
2023-02-06 14:22:30,0.169928,0,0,1.0
2023-02-06 14:22:32,0.174326,0,0,1.0
2023-02-06 14:22:34,0.179338,0,0,1.0
2023-02-06 14:22:36,0.181391,0,0,1.0
2023-02-06 14:22:38,0.178636,0,0,1.0
2023-02-06 14:22:40,0.173655,0,0,1.0
2023-02-06 14:22:42,0.171028,0,0,1.0
2023-02-06 14:22:44,0.172217,0,0,1.0
2023-02-06 14:22:46,0.174255,0,0,1.0
2023-02-06 14:22:48,0.174034,0,0,1.0
2023-02-06 14:22:50,0.172684,0,0,1.0
2023-02-06 14:22:52,0.17441,0,0,1.0
2023-02-06 14:22:54,0.181379,0,0,1.0
2023-02-06 14:22:56,0.190805,0,0,1.0
2023-02-06 14:22:58,0.197681,0,0,1.0
2023-02-06 14:23:00,0.199765,0,0,1.0
2023-02-06 14:23:02,0.199096,0,0,1.0
2023-02-06 14:23:04,0.198911,0,0,1.0
2023-02-06 14:23:06,0.20024,0,0,1.0
2023-02-06 14:23:08,0.201729,0,0,1.0
2023-02-06 14:23:10,0.202117,0,0,1.0
2023-02-06 14:23:12,0.201989,0,0,1.0
2023-02-06 14:23:14,0.202866,0,0,1.0
2023-02-06 14:23:16,0.205097,0,0,1.0
2023-02-06 14:23:18,0.20729,0,0,1.0
2023-02-06 14:23:20,0.207948,0,0,1.0
2023-02-06 14:23:22,0.207404,0,0,1.0
2023-02-06 14:23:24,0.207609,0,0,1.0
2023-02-06 14:23:26,0.209898,0,0,1.0
2023-02-06 14:23:28,0.213202,0,0,1.0
2023-02-06 14:23:30,0.215061,0,0,1.0
2023-02-06 14:23:32,0.214411,0,0,1.0
2023-02-06 14:23:34,0.213376,0,0,1.0
2023-02-06 14:23:36,0.215668,0,0,1.0
2023-02-06 14:23:38,0.222935,0,0,1.0
2023-02-06 14:23:40,0.232804,0,0,1.0
2023-02-06 14:23:42,0.240709,0,0,1.0
2023-02-06 14:23:44,0.243872,0,0,1.0
2023-02-06 14:23:46,0.24321,0,0,1.0
2023-02-06 14:23:48,0.241904,0,0,1.0
2023-02-06 14:23:50,0.242171,0,0,1.0
2023-02-06 14:23:52,0.243803,0,0,1.0
2023-02-06 14:23:54,0.245311,0,0,1.0
2023-02-06 14:23:56,0.24596,0,0,1.0
2023-02-06 14:23:58,0.246417,0,0,1.0
2023-02-06 14:24:00,0.247729,0,0,1.0
2023-02-06 14:24:02,0.250021,0,0,1.0
2023-02-06 14:24:04,0.252248,0,0,1.0
2023-02-06 14:24:06,0.253088,0,0,1.0
2023-02-06 14:24:08,0.252162,0,0,1.0
2023-02-06 14:24:10,0.250629,0,0,1.0
2023-02-06 14:24:12,0.250521,0,0,1.0
2023-02-06 14:24:14,0.252982,0,0,1.0
2023-02-06 14:24:16,0.256821,0,0,1.0
2023-02-06 14:24:18,0.259153,0,0,1.0
2023-02-06 14:24:20,0.258144,0,0,1.0
2023-02-06 14:24:22,0.255377,0,0,1.0
2023-02-06 14:24:24,0.254853,0,0,1.0
2023-02-06 14:24:26,0.259045,0,0,1.0
2023-02-06 14:24:28,0.266042,0,0,1.0
2023-02-06 14:24:30,0.271204,0,0,1.0
2023-02-06 14:24:32,0.271914,0,0,1.0
2023-02-06 14:24:34,0.270397,0,0,1.0
2023-02-06 14:24:36,0.271179,0,0,1.0
2023-02-06 14:24:38,0.276055,0,0,1.0
2023-02-06 14:24:40,0.282146,0,0,1.0
2023-02-06 14:24:42,0.285166,0,0,1.0
2023-02-06 14:24:44,0.284058,0,0,1.0
2023-02-06 14:24:46,0.281821,0,0,1.0
2023-02-06 14:24:48,0.281896,0,0,1.0
2023-02-06 14:24:50,0.284484,0,0,1.0
2023-02-06 14:24:52,0.286817,0,0,1.0
2023-02-06 14:24:54,0.286627,0,0,1.0
2023-02-06 14:24:56,0.28462,0,0,1.0
2023-02-06 14:24:58,0.2834,0,0,1.0
2023-02-06 14:25:00,0.284461,0,0,1.0
2023-02-06 14:25:02,0.286734,0,0,1.0
2023-02-06 14:25:04,0.287982,0,0,1.0
2023-02-06 14:25:06,0.287189,0,0,1.0
2023-02-06 14:25:08,0.285369,0,0,1.0
2023-02-06 14:25:10,0.284252,0,0,1.0
2023-02-06 14:25:12,0.284528,0,0,1.0
2023-02-06 14:25:14,0.285434,0,0,1.0
2023-02-06 14:25:16,0.285869,0,0,1.0
2023-02-06 14:25:18,0.285579,0,0,1.0
2023-02-06 14:25:20,0.285231,0,0,1.0
2023-02-06 14:25:22,0.285478,0,0,1.0
2023-02-06 14:25:24,0.286346,0,0,1.0
2023-02-06 14:25:26,0.287268,0,0,1.0
2023-02-06 14:25:28,0.287856,0,0,1.0
2023-02-06 14:25:30,0.288093,0,0,1.0
2023-02-06 14:25:32,0.28821,0,0,1.0
2023-02-06 14:25:34,0.288387,0,0,1.0
2023-02-06 14:25:36,0.288767,0,0,1.0
2023-02-06 14:25:38,0.289485,0,0,1.0
2023-02-06 14:25:40,0.290488,0,0,1.0
2023-02-06 14:25:42,0.291399,0,0,1.0
2023-02-06 14:25:44,0.291848,0,0,1.0
2023-02-06 14:25:46,0.291955,0,0,1.0
2023-02-06 14:25:48,0.292247,0,0,1.0
2023-02-06 14:25:50,0.29295,0,0,1.0
2023-02-06 14:25:52,0.293495,0,0,1.0
2023-02-06 14:25:54,0.293176,0,0,1.0
2023-02-06 14:25:56,0.292188,0,0,1.0
2023-02-06 14:25:58,0.291661,0,0,1.0
2023-02-06 14:26:00,0.292399,0,0,1.0
2023-02-06 14:26:02,0.293798,0,0,1.0
2023-02-06 14:26:04,0.294406,0,0,1.0
2023-02-06 14:26:06,0.293599,0,0,1.0
2023-02-06 14:26:08,0.292306,0,0,1.0
2023-02-06 14:26:10,0.291792,0,0,1.0
2023-02-06 14:26:12,0.292098,0,0,1.0
2023-02-06 14:26:14,0.292154,0,0,1.0
2023-02-06 14:26:16,0.291329,0,0,1.0
2023-02-06 14:26:18,0.290252,0,0,1.0
2023-02-06 14:26:20,0.289746,0,0,1.0
2023-02-06 14:26:22,0.289501,0,0,1.0
2023-02-06 14:26:24,0.288519,0,0,1.0
2023-02-06 14:26:26,0.28683,0,0,1.0
2023-02-06 14:26:28,0.285827,0,0,1.0
2023-02-06 14:26:30,0.286279,0,0,1.0
2023-02-06 14:26:32,0.286492,0,0,1.0
2023-02-06 14:26:34,0.283421,0,0,1.0
2023-02-06 14:26:36,0.275971,0,0,1.0
2023-02-06 14:26:38,0.266749,0,0,1.0
2023-02-06 14:26:40,0.259902,0,0,1.0
2023-02-06 14:26:42,0.257327,0,0,1.0
2023-02-06 14:26:44,0.257655,0,0,1.0
2023-02-06 14:26:46,0.258412,0,0,1.0
2023-02-06 14:26:48,0.258508,0,0,1.0
2023-02-06 14:26:50,0.258226,0,0,1.0
2023-02-06 14:26:52,0.257678,0,0,1.0
2023-02-06 14:26:54,0.256414,0,0,1.0
2023-02-06 14:26:56,0.25467,0,0,1.0
2023-02-06 14:26:58,0.253816,0,0,1.0
2023-02-06 14:27:00,0.254796,0,0,1.0
2023-02-06 14:27:02,0.256563,0,0,1.0
2023-02-06 14:27:04,0.257104,0,0,1.0
2023-02-06 14:27:06,0.256027,0,0,1.0
2023-02-06 14:27:08,0.255188,0,0,1.0
2023-02-06 14:27:10,0.256186,0,0,1.0
2023-02-06 14:27:12,0.258015,0,0,1.0
2023-02-06 14:27:14,0.258297,0,0,1.0
2023-02-06 14:27:16,0.2568,0,0,1.0
2023-02-06 14:27:18,0.256489,0,0,1.0
2023-02-06 14:27:20,0.260293,0,0,1.0
2023-02-06 14:27:22,0.267348,0,0,1.0
2023-02-06 14:27:24,0.273542,0,0,1.0
2023-02-06 14:27:26,0.275935,0,0,1.0
2023-02-06 14:27:28,0.275861,0,0,1.0
2023-02-06 14:27:30,0.277134,0,0,1.0
2023-02-06 14:27:32,0.281416,0,0,1.0
2023-02-06 14:27:34,0.286572,0,0,1.0
2023-02-06 14:27:36,0.289215,0,0,1.0
2023-02-06 14:27:38,0.288471,0,0,1.0
2023-02-06 14:27:40,0.286579,0,0,1.0
2023-02-06 14:27:42,0.286191,0,0,1.0
2023-02-06 14:27:44,0.287718,0,0,1.0
2023-02-06 14:27:46,0.289456,0,0,1.0
2023-02-06 14:27:48,0.289731,0,0,1.0
2023-02-06 14:27:50,0.28849,0,0,1.0
2023-02-06 14:27:52,0.286973,0,0,1.0
2023-02-06 14:27:54,0.286282,0,0,1.0
2023-02-06 14:27:56,0.286444,0,0,1.0
2023-02-06 14:27:58,0.286638,0,0,1.0
2023-02-06 14:28:00,0.286171,0,0,1.0
2023-02-06 14:28:02,0.285174,0,0,1.0
2023-02-06 14:28:04,0.284457,0,0,1.0
2023-02-06 14:28:06,0.284589,0,0,1.0
2023-02-06 14:28:08,0.285162,0,0,1.0
2023-02-06 14:28:10,0.285094,0,0,1.0
2023-02-06 14:28:12,0.283657,0,0,1.0
2023-02-06 14:28:14,0.281011,0,0,1.0
2023-02-06 14:28:16,0.277639,0,0,1.0
2023-02-06 14:28:18,0.273504,0,0,1.0
2023-02-06 14:28:20,0.268258,0,0,1.0
2023-02-06 14:28:22,0.26226,0,0,1.0
2023-02-06 14:28:24,0.257156,0,0,1.0
2023-02-06 14:28:26,0.25462,0,0,1.0
2023-02-06 14:28:28,0.254617,0,0,1.0
2023-02-06 14:28:30,0.255274,0,0,1.0
2023-02-06 14:28:32,0.25476,0,0,1.0
2023-02-06 14:28:34,0.252995,0,0,1.0
2023-02-06 14:28:36,0.251205,0,0,1.0
2023-02-06 14:28:38,0.250018,0,0,1.0
2023-02-06 14:28:40,0.248718,0,0,1.0
2023-02-06 14:28:42,0.24659,0,0,1.0
2023-02-06 14:28:44,0.244284,0,0,1.0
2023-02-06 14:28:46,0.243138,0,0,1.0
2023-02-06 14:28:48,0.243334,0,0,1.0
2023-02-06 14:28:50,0.243595,0,0,1.0
2023-02-06 14:28:52,0.243024,0,0,1.0
2023-02-06 14:28:54,0.242421,0,0,1.0
2023-02-06 14:28:56,0.242852,0,0,1.0
2023-02-06 14:28:58,0.243215,0,0,1.0
2023-02-06 14:29:00,0.240445,0,0,1.0
2023-02-06 14:29:02,0.232899,0,0,1.0
2023-02-06 14:29:04,0.223004,0,0,1.0
2023-02-06 14:29:06,0.215585,0,0,1.0
2023-02-06 14:29:08,0.21336,0,0,1.0
2023-02-06 14:29:10,0.214636,0,0,1.0
2023-02-06 14:29:12,0.21559,0,0,1.0
2023-02-06 14:29:14,0.214451,0,0,1.0
2023-02-06 14:29:16,0.212625,0,0,1.0
2023-02-06 14:29:18,0.212255,0,0,1.0
2023-02-06 14:29:20,0.213484,0,0,1.0
2023-02-06 14:29:22,0.214594,0,0,1.0
2023-02-06 14:29:24,0.214281,0,0,1.0
2023-02-06 14:29:26,0.213053,0,0,1.0
2023-02-06 14:29:28,0.212342,0,0,1.0
2023-02-06 14:29:30,0.212785,0,0,1.0
2023-02-06 14:29:32,0.213735,0,0,1.0
2023-02-06 14:29:34,0.2142,0,0,1.0
2023-02-06 14:29:36,0.213894,0,0,1.0
2023-02-06 14:29:38,0.213233,0,0,1.0
2023-02-06 14:29:40,0.212673,0,0,1.0
2023-02-06 14:29:42,0.212237,0,0,1.0
2023-02-06 14:29:44,0.21175,0,0,1.0
2023-02-06 14:29:46,0.211267,0,0,1.0
2023-02-06 14:29:48,0.211143,0,0,1.0
2023-02-06 14:29:50,0.211554,0,0,1.0
2023-02-06 14:29:52,0.21205,0,0,1.0
2023-02-06 14:29:54,0.211802,0,0,1.0
2023-02-06 14:29:56,0.210425,0,0,1.0
2023-02-06 14:29:58,0.208517,0,0,1.0
2023-02-06 14:30:00,0.20723,0,0,1.0
2023-02-06 14:30:02,0.207196,0,0,1.0
2023-02-06 14:30:04,0.207939,0,0,1.0
2023-02-06 14:30:06,0.208442,0,0,1.0
2023-02-06 14:30:08,0.20818,0,0,1.0
2023-02-06 14:30:10,0.207507,0,0,1.0
2023-02-06 14:30:12,0.207064,0,0,1.0
2023-02-06 14:30:14,0.206971,0,0,1.0
2023-02-06 14:30:16,0.206862,0,0,1.0
2023-02-06 14:30:18,0.206456,0,0,1.0
2023-02-06 14:30:20,0.205873,0,0,1.0
2023-02-06 14:30:22,0.205311,0,0,1.0
2023-02-06 14:30:24,0.204697,0,0,1.0
2023-02-06 14:30:26,0.203913,0,0,1.0
2023-02-06 14:30:28,0.203243,0,0,1.0
2023-02-06 14:30:30,0.203185,0,0,1.0
2023-02-06 14:30:32,0.203693,0,0,1.0
2023-02-06 14:30:34,0.203866,0,0,1.0
2023-02-06 14:30:36,0.202848,0,0,1.0
2023-02-06 14:30:38,0.201053,0,0,1.0
2023-02-06 14:30:40,0.199974,0,0,1.0
2023-02-06 14:30:42,0.200603,0,0,1.0
2023-02-06 14:30:44,0.202203,0,0,1.0
2023-02-06 14:30:46,0.20312,0,0,1.0
2023-02-06 14:30:48,0.202721,0,0,1.0
2023-02-06 14:30:50,0.202039,0,0,1.0
2023-02-06 14:30:52,0.202114,0,0,1.0
2023-02-06 14:30:54,0.202016,0,0,1.0
2023-02-06 14:30:56,0.199227,0,0,1.0
2023-02-06 14:30:58,0.192235,0,0,1.0
2023-02-06 14:31:00,0.1826,0,0,1.0
2023-02-06 14:31:02,0.174126,0,0,1.0
2023-02-06 14:31:04,0.169841,0,0,1.0
2023-02-06 14:31:06,0.169694,0,0,1.0
2023-02-06 14:31:08,0.170986,0,0,1.0
2023-02-06 14:31:10,0.170752,0,0,1.0
2023-02-06 14:31:12,0.168212,0,0,1.0
2023-02-06 14:31:14,0.165064,0,0,1.0
2023-02-06 14:31:16,0.163534,0,0,1.0
2023-02-06 14:31:18,0.163882,0,0,1.0
2023-02-06 14:31:20,0.163687,0,0,1.0
2023-02-06 14:31:22,0.159861,0,0,1.0
2023-02-06 14:31:24,0.151735,0,0,1.0
2023-02-06 14:31:26,0.1421,0,0,1.0
2023-02-06 14:31:28,0.134983,0,0,1.0
2023-02-06 14:31:30,0.132276,0,0,1.0
2023-02-06 14:31:32,0.132567,0,0,1.0
2023-02-06 14:31:34,0.133106,0,0,1.0
2023-02-06 14:31:36,0.132432,0,0,1.0
2023-02-06 14:31:38,0.131106,0,0,1.0
2023-02-06 14:31:40,0.130381,0,0,1.0
2023-02-06 14:31:42,0.130681,0,0,1.0
2023-02-06 14:31:44,0.131201,0,0,1.0
2023-02-06 14:31:46,0.130484,0,0,1.0
2023-02-06 14:31:48,0.12737,0,0,1.0
2023-02-06 14:31:50,0.122028,0,0,1.0
2023-02-06 14:31:52,0.116353,0,0,1.0
2023-02-06 14:31:54,0.112796,0,0,1.0
2023-02-06 14:31:56,0.112153,0,0,1.0
2023-02-06 14:31:58,0.112389,0,0,1.0
2023-02-06 14:32:00,0.110339,0,0,1.0
2023-02-06 14:32:02,0.104959,0,0,1.0
2023-02-06 14:32:04,0.098626,0,0,1.0
2023-02-06 14:32:06,0.094789,0,0,1.0
2023-02-06 14:32:08,0.09451,0,0,1.0
2023-02-06 14:32:10,0.095779,0,0,1.0
2023-02-06 14:32:12,0.096009,0,0,1.0
2023-02-06 14:32:14,0.09466,0,0,1.0
2023-02-06 14:32:16,0.093127,0,0,1.0
2023-02-06 14:32:18,0.09257,0,0,1.0
2023-02-06 14:32:20,0.092539,0,0,1.0
2023-02-06 14:32:22,0.091835,0,0,1.0
2023-02-06 14:32:24,0.090092,0,0,1.0
2023-02-06 14:32:26,0.088167,0,0,1.0
2023-02-06 14:32:28,0.08721,0,0,1.0
2023-02-06 14:32:30,0.087663,0,0,1.0
2023-02-06 14:32:32,0.089043,0,0,1.0
2023-02-06 14:32:34,0.090383,0,0,1.0
2023-02-06 14:32:36,0.090911,0,0,1.0
2023-02-06 14:32:38,0.090611,0,0,1.0
2023-02-06 14:32:40,0.090217,0,0,1.0
2023-02-06 14:32:42,0.090472,0,0,1.0
2023-02-06 14:32:44,0.091122,0,0,1.0
2023-02-06 14:32:46,0.091126,0,0,1.0
2023-02-06 14:32:48,0.090274,0,0,1.0
2023-02-06 14:32:50,0.090302,0,0,1.0
2023-02-06 14:32:52,0.093881,0,0,1.0
2023-02-06 14:32:54,0.101757,0,0,1.0
2023-02-06 14:32:56,0.111198,0,0,1.0
2023-02-06 14:32:58,0.118029,0,0,1.0
2023-02-06 14:33:00,0.120358,0,0,1.0
2023-02-06 14:33:02,0.120028,0,0,1.0
2023-02-06 14:33:04,0.120314,0,0,1.0
2023-02-06 14:33:06,0.122331,0,0,1.0
2023-02-06 14:33:08,0.124624,0,0,1.0
2023-02-06 14:33:10,0.125754,0,0,1.0
2023-02-06 14:33:12,0.126383,0,0,1.0
2023-02-06 14:33:14,0.128137,0,0,1.0
2023-02-06 14:33:16,0.130943,0,0,1.0
2023-02-06 14:33:18,0.13271,0,0,1.0
2023-02-06 14:33:20,0.132192,0,0,1.0
2023-02-06 14:33:22,0.13135,0,0,1.0
2023-02-06 14:33:24,0.133863,0,0,1.0
2023-02-06 14:33:26,0.141163,0,0,1.0
2023-02-06 14:33:28,0.150635,0,0,1.0
2023-02-06 14:33:30,0.158128,0,0,1.0
2023-02-06 14:33:32,0.16176,0,0,1.0
2023-02-06 14:33:34,0.162873,0,0,1.0
2023-02-06 14:33:36,0.163672,0,0,1.0
2023-02-06 14:33:38,0.164932,0,0,1.0
2023-02-06 14:33:40,0.166253,0,0,1.0
2023-02-06 14:33:42,0.167716,0,0,1.0
2023-02-06 14:33:44,0.170254,0,0,1.0
2023-02-06 14:33:46,0.17433,0,0,1.0
2023-02-06 14:33:48,0.17911,0,0,1.0
2023-02-06 14:33:50,0.183462,0,0,1.0
2023-02-06 14:33:52,0.187234,0,0,1.0
2023-02-06 14:33:54,0.19107,0,0,1.0
2023-02-06 14:33:56,0.195051,0,0,1.0
2023-02-06 14:33:58,0.198179,0,0,1.0
2023-02-06 14:34:00,0.199533,0,0,1.0
2023-02-06 14:34:02,0.199493,0,0,1.0
2023-02-06 14:34:04,0.199413,0,0,1.0
2023-02-06 14:34:06,0.200175,0,0,1.0
2023-02-06 14:34:08,0.201437,0,0,1.0
2023-02-06 14:34:10,0.202354,0,0,1.0
2023-02-06 14:34:12,0.202655,0,0,1.0
2023-02-06 14:34:14,0.202754,0,0,1.0
2023-02-06 14:34:16,0.203084,0,0,1.0
2023-02-06 14:34:18,0.203617,0,0,1.0
2023-02-06 14:34:20,0.204037,0,0,1.0
2023-02-06 14:34:22,0.204217,0,0,1.0
2023-02-06 14:34:24,0.204295,0,0,1.0
2023-02-06 14:34:26,0.204503,0,0,1.0
2023-02-06 14:34:28,0.20508,0,0,1.0
2023-02-06 14:34:30,0.206074,0,0,1.0
2023-02-06 14:34:32,0.207179,0,0,1.0
2023-02-06 14:34:34,0.20782,0,0,1.0
2023-02-06 14:34:36,0.207651,0,0,1.0
2023-02-06 14:34:38,0.20703,0,0,1.0
2023-02-06 14:34:40,0.206774,0,0,1.0
2023-02-06 14:34:42,0.207327,0,0,1.0
2023-02-06 14:34:44,0.208441,0,0,1.0
2023-02-06 14:34:46,0.209579,0,0,1.0
2023-02-06 14:34:48,0.210736,0,0,1.0
2023-02-06 14:34:50,0.212163,0,0,1.0
2023-02-06 14:34:52,0.213496,0,0,1.0
2023-02-06 14:34:54,0.213756,0,0,1.0
2023-02-06 14:34:56,0.21267,0,0,1.0
2023-02-06 14:34:58,0.211561,0,0,1.0
2023-02-06 14:35:00,0.212101,0,0,1.0
2023-02-06 14:35:02,0.213974,0,0,1.0
2023-02-06 14:35:04,0.214788,0,0,1.0
2023-02-06 14:35:06,0.213051,0,0,1.0
2023-02-06 14:35:08,0.210906,0,0,1.0
2023-02-06 14:35:10,0.213021,0,0,1.0
2023-02-06 14:35:12,0.221757,0,0,1.0
2023-02-06 14:35:14,0.233966,0,0,1.0
2023-02-06 14:35:16,0.243284,0,0,1.0
2023-02-06 14:35:18,0.245843,0,0,1.0
2023-02-06 14:35:20,0.243482,0,0,1.0
2023-02-06 14:35:22,0.241343,0,0,1.0
2023-02-06 14:35:24,0.242648,0,0,1.0
2023-02-06 14:35:26,0.246142,0,0,1.0
2023-02-06 14:35:28,0.248408,0,0,1.0
2023-02-06 14:35:30,0.248049,0,0,1.0
2023-02-06 14:35:32,0.247104,0,0,1.0
2023-02-06 14:35:34,0.248403,0,0,1.0
2023-02-06 14:35:36,0.252035,0,0,1.0
2023-02-06 14:35:38,0.255147,0,0,1.0
2023-02-06 14:35:40,0.255333,0,0,1.0
2023-02-06 14:35:42,0.253751,0,0,1.0
2023-02-06 14:35:44,0.254315,0,0,1.0
2023-02-06 14:35:46,0.259492,0,0,1.0
2023-02-06 14:35:48,0.267452,0,0,1.0
2023-02-06 14:35:50,0.273799,0,0,1.0
2023-02-06 14:35:52,0.276057,0,0,1.0
2023-02-06 14:35:54,0.275982,0,0,1.0
2023-02-06 14:35:56,0.277343,0,0,1.0
2023-02-06 14:35:58,0.281813,0,0,1.0
2023-02-06 14:36:00,0.28737,0,0,1.0
2023-02-06 14:36:02,0.290552,0,0,1.0
2023-02-06 14:36:04,0.289987,0,0,1.0
2023-02-06 14:36:06,0.28777,0,0,1.0
2023-02-06 14:36:08,0.287492,0,0,1.0
2023-02-06 14:36:10,0.290655,0,0,1.0
2023-02-06 14:36:12,0.295111,0,0,1.0
2023-02-06 14:36:14,0.297376,0,0,1.0
2023-02-06 14:36:16,0.296875,0,0,1.0
2023-02-06 14:36:18,0.297394,0,0,1.0
2023-02-06 14:36:20,0.303173,0,0,1.0
2023-02-06 14:36:22,0.313183,0,0,1.0
2023-02-06 14:36:24,0.320508,0,0,1.0
2023-02-06 14:36:26,0.319019,0,0,1.0
2023-02-06 14:36:28,0.310521,0,0,1.0
2023-02-06 14:36:30,0.304014,0,0,1.0
2023-02-06 14:36:32,0.307019,0,0,1.0
2023-02-06 14:36:34,0.318278,0,0,1.0
2023-02-06 14:36:36,0.329676,0,0,1.0
2023-02-06 14:36:38,0.334658,0,0,1.0
2023-02-06 14:36:40,0.333597,0,0,1.0
2023-02-06 14:36:42,0.331314,0,0,1.0
2023-02-06 14:36:44,0.331381,0,0,1.0
2023-02-06 14:36:46,0.333787,0,0,1.0
2023-02-06 14:36:48,0.336815,0,0,1.0
2023-02-06 14:36:50,0.339413,0,0,1.0
2023-02-06 14:36:52,0.341239,0,0,1.0
2023-02-06 14:36:54,0.342059,0,0,1.0
2023-02-06 14:36:56,0.342094,0,0,1.0
2023-02-06 14:36:58,0.342249,0,0,1.0
2023-02-06 14:37:00,0.343039,0,0,1.0
2023-02-06 14:37:02,0.343646,0,0,1.0
2023-02-06 14:37:04,0.343123,0,0,1.0
2023-02-06 14:37:06,0.342653,0,0,1.0
2023-02-06 14:37:08,0.345434,0,0,1.0
2023-02-06 14:37:10,0.353353,0,0,1.0
2023-02-06 14:37:12,0.364121,0,0,1.0
2023-02-06 14:37:14,0.37263,0,0,1.0
2023-02-06 14:37:16,0.375502,0,0,1.0
2023-02-06 14:37:18,0.373971,0,0,1.0
2023-02-06 14:37:20,0.372094,0,0,1.0
2023-02-06 14:37:22,0.372519,0,0,1.0
2023-02-06 14:37:24,0.374552,0,0,1.0
2023-02-06 14:37:26,0.375885,0,0,1.0
2023-02-06 14:37:28,0.375571,0,0,1.0
2023-02-06 14:37:30,0.374781,0,0,1.0
2023-02-06 14:37:32,0.375068,0,0,1.0
2023-02-06 14:37:34,0.376539,0,0,1.0
2023-02-06 14:37:36,0.377911,0,0,1.0
2023-02-06 14:37:38,0.378114,0,0,1.0
2023-02-06 14:37:40,0.37746,0,0,1.0
2023-02-06 14:37:42,0.377156,0,0,1.0
2023-02-06 14:37:44,0.377887,0,0,1.0
2023-02-06 14:37:46,0.379116,0,0,1.0
2023-02-06 14:37:48,0.379798,0,0,1.0
2023-02-06 14:37:50,0.379555,0,0,1.0
2023-02-06 14:37:52,0.379059,0,0,1.0
2023-02-06 14:37:54,0.37923,0,0,1.0
2023-02-06 14:37:56,0.380205,0,0,1.0
2023-02-06 14:37:58,0.381209,0,0,1.0
2023-02-06 14:38:00,0.381503,0,0,1.0
2023-02-06 14:38:02,0.381152,0,0,1.0
2023-02-06 14:38:04,0.380801,0,0,1.0
2023-02-06 14:38:06,0.380971,0,0,1.0
2023-02-06 14:38:08,0.381603,0,0,1.0
2023-02-06 14:38:10,0.382371,0,0,1.0
2023-02-06 14:38:12,0.38306,0,0,1.0
2023-02-06 14:38:14,0.383516,0,0,1.0
2023-02-06 14:38:16,0.383501,0,0,1.0
2023-02-06 14:38:18,0.383023,0,0,1.0
2023-02-06 14:38:20,0.38272,0,0,1.0
2023-02-06 14:38:22,0.383451,0,0,1.0
2023-02-06 14:38:24,0.3852,0,0,1.0
2023-02-06 14:38:26,0.386834,0,0,1.0
2023-02-06 14:38:28,0.387293,0,0,1.0
2023-02-06 14:38:30,0.386934,0,0,1.0
2023-02-06 14:38:32,0.387151,0,0,1.0
2023-02-06 14:38:34,0.388469,0,0,1.0
2023-02-06 14:38:36,0.389708,0,0,1.0
2023-02-06 14:38:38,0.389682,0,0,1.0
2023-02-06 14:38:40,0.389494,0,0,1.0
2023-02-06 14:38:42,0.392288,0,0,1.0
2023-02-06 14:38:44,0.400055,0,0,1.0
2023-02-06 14:38:46,0.410902,0,0,1.0
2023-02-06 14:38:48,0.420061,0,0,1.0
2023-02-06 14:38:50,0.423979,0,0,1.0
2023-02-06 14:38:52,0.423256,0,0,1.0
2023-02-06 14:38:54,0.42172,0,0,1.0
2023-02-06 14:38:56,0.422786,0,0,1.0
2023-02-06 14:38:58,0.426628,0,0,1.0
2023-02-06 14:39:00,0.430618,0,0,1.0
2023-02-06 14:39:02,0.432211,0,0,1.0
2023-02-06 14:39:04,0.431617,0,0,1.0
2023-02-06 14:39:06,0.431991,0,0,1.0
2023-02-06 14:39:08,0.43696,0,0,1.0
2023-02-06 14:39:10,0.447375,0,0,1.0
2023-02-06 14:39:12,0.46002,0,0,1.0
2023-02-06 14:39:14,0.469713,0,0,1.0
2023-02-06 14:39:16,0.473368,0,0,1.0
2023-02-06 14:39:18,0.472469,0,0,1.0
2023-02-06 14:39:20,0.471483,0,0,1.0
2023-02-06 14:39:22,0.473539,0,0,1.0
2023-02-06 14:39:24,0.477808,0,0,1.0
2023-02-06 14:39:26,0.480917,0,0,1.0
2023-02-06 14:39:28,0.481303,0,0,1.0
2023-02-06 14:39:30,0.48153,0,0,1.0
2023-02-06 14:39:32,0.4861,0,0,1.0
2023-02-06 14:39:34,0.496688,0,0,1.0
2023-02-06 14:39:36,0.509725,1,1,1.0
2023-02-06 14:39:38,0.519288,1,1,1.0
2023-02-06 14:39:40,0.522545,1,1,1.0
2023-02-06 14:39:42,0.522046,1,1,1.0
2023-02-06 14:39:44,0.522487,1,1,1.0
2023-02-06 14:39:46,0.525542,1,1,1.0
2023-02-06 14:39:48,0.528719,1,1,1.0
2023-02-06 14:39:50,0.529383,1,1,1.0
2023-02-06 14:39:52,0.528587,1,1,1.0
2023-02-06 14:39:54,0.529522,1,1,1.0
2023-02-06 14:39:56,0.532675,1,1,1.0
2023-02-06 14:39:58,0.534677,1,1,1.0
2023-02-06 14:40:00,0.533136,1,1,1.0
2023-02-06 14:40:02,0.531068,1,1,1.0
2023-02-06 14:40:04,0.533905,1,1,1.0
2023-02-06 14:40:06,0.542004,1,1,1.0
2023-02-06 14:40:08,0.548499,1,1,1.0
2023-02-06 14:40:10,0.54688,1,1,1.0
2023-02-06 14:40:12,0.539634,1,1,1.0
2023-02-06 14:40:14,0.53661,1,1,1.0
2023-02-06 14:40:16,0.543771,1,1,1.0
2023-02-06 14:40:18,0.555471,1,1,1.0
2023-02-06 14:40:20,0.559996,1,1,1.0
2023-02-06 14:40:22,0.552337,1,1,1.0
2023-02-06 14:40:24,0.539431,1,1,1.0
2023-02-06 14:40:26,0.532198,1,1,1.0
2023-02-06 14:40:28,0.534133,1,1,1.0
2023-02-06 14:40:30,0.53933,1,1,1.0
2023-02-06 14:40:32,0.540532,1,1,1.0
2023-02-06 14:40:34,0.536806,1,1,1.0
2023-02-06 14:40:36,0.532664,1,1,1.0
2023-02-06 14:40:38,0.531604,1,1,1.0
2023-02-06 14:40:40,0.532706,1,1,1.0
2023-02-06 14:40:42,0.533174,1,1,1.0
2023-02-06 14:40:44,0.532149,1,1,1.0
2023-02-06 14:40:46,0.530774,1,1,1.0
2023-02-06 14:40:48,0.529916,1,1,1.0
2023-02-06 14:40:50,0.528995,1,1,1.0
2023-02-06 14:40:52,0.527479,1,1,1.0
2023-02-06 14:40:54,0.526158,1,1,1.0
2023-02-06 14:40:56,0.526177,1,1,1.0
2023-02-06 14:40:58,0.527207,1,1,1.0
2023-02-06 14:41:00,0.527419,1,1,1.0
2023-02-06 14:41:02,0.525436,1,1,1.0
2023-02-06 14:41:04,0.522059,1,1,1.0
2023-02-06 14:41:06,0.51939,1,1,1.0
2023-02-06 14:41:08,0.518874,1,1,1.0
2023-02-06 14:41:10,0.519855,1,1,1.0
2023-02-06 14:41:12,0.520603,1,1,1.0
2023-02-06 14:41:14,0.520182,1,1,1.0
2023-02-06 14:41:16,0.519282,1,1,1.0
2023-02-06 14:41:18,0.519129,1,1,1.0
2023-02-06 14:41:20,0.519869,1,1,1.0
2023-02-06 14:41:22,0.520362,1,1,1.0
2023-02-06 14:41:24,0.519435,1,1,1.0
2023-02-06 14:41:26,0.517152,1,1,1.0
2023-02-06 14:41:28,0.51428,1,1,1.0
2023-02-06 14:41:30,0.510851,1,1,1.0
2023-02-06 14:41:32,0.506024,1,1,1.0
2023-02-06 14:41:34,0.499625,0,1,1.0
2023-02-06 14:41:36,0.493271,0,0,1.0
2023-02-06 14:41:38,0.489241,0,0,1.0
2023-02-06 14:41:40,0.488087,0,0,1.0
2023-02-06 14:41:42,0.48817,0,0,1.0
2023-02-06 14:41:44,0.487796,0,0,1.0
2023-02-06 14:41:46,0.487219,0,0,1.0
2023-02-06 14:41:48,0.487942,0,0,1.0
2023-02-06 14:41:50,0.490659,0,0,1.0
2023-02-06 14:41:52,0.494212,0,0,1.0
2023-02-06 14:41:54,0.496743,0,0,1.0
2023-02-06 14:41:56,0.497156,0,0,1.0
2023-02-06 14:41:58,0.4955,0,0,1.0
2023-02-06 14:42:00,0.493042,0,0,1.0
2023-02-06 14:42:02,0.492376,0,0,1.0
2023-02-06 14:42:04,0.496103,0,0,1.0
2023-02-06 14:42:06,0.503902,1,1,1.0
2023-02-06 14:42:08,0.511153,1,1,1.0
2023-02-06 14:42:10,0.512255,1,1,1.0
2023-02-06 14:42:12,0.506517,1,1,1.0
2023-02-06 14:42:14,0.499816,0,1,1.0
2023-02-06 14:42:16,0.49888,0,1,1.0
2023-02-06 14:42:18,0.503702,1,1,1.0
2023-02-06 14:42:20,0.50704,1,1,1.0
2023-02-06 14:42:22,0.502344,1,1,1.0
2023-02-06 14:42:24,0.491424,0,1,1.0
2023-02-06 14:42:26,0.482862,0,0,1.0
2023-02-06 14:42:28,0.483085,0,0,1.0
2023-02-06 14:42:30,0.489792,0,0,1.0
2023-02-06 14:42:32,0.495222,0,0,1.0
2023-02-06 14:42:34,0.495011,0,0,1.0
2023-02-06 14:42:36,0.492491,0,0,1.0
2023-02-06 14:42:38,0.493969,0,1,1.0
2023-02-06 14:42:40,0.500847,1,1,1.0
2023-02-06 14:42:42,0.50752,1,1,1.0
2023-02-06 14:42:44,0.507201,1,1,1.0
2023-02-06 14:42:46,0.498969,0,0,1.0
2023-02-06 14:42:48,0.488669,0,0,1.0
2023-02-06 14:42:50,0.482742,0,0,1.0
2023-02-06 14:42:52,0.482302,0,0,1.0
2023-02-06 14:42:54,0.483283,0,0,1.0
2023-02-06 14:42:56,0.481801,0,0,1.0
2023-02-06 14:42:58,0.478015,0,0,1.0
2023-02-06 14:43:00,0.474908,0,0,1.0
2023-02-06 14:43:02,0.474367,0,0,1.0
2023-02-06 14:43:04,0.475343,0,0,1.0
2023-02-06 14:43:06,0.475751,0,0,1.0
2023-02-06 14:43:08,0.474863,0,0,1.0
2023-02-06 14:43:10,0.473536,0,0,1.0
2023-02-06 14:43:12,0.47283,0,0,1.0
2023-02-06 14:43:14,0.473046,0,0,1.0
2023-02-06 14:43:16,0.473763,0,0,1.0
2023-02-06 14:43:18,0.474357,0,0,1.0
2023-02-06 14:43:20,0.474316,0,0,1.0
2023-02-06 14:43:22,0.473385,0,0,1.0
2023-02-06 14:43:24,0.471877,0,0,1.0
2023-02-06 14:43:26,0.470635,0,0,1.0
2023-02-06 14:43:28,0.470267,0,0,1.0
2023-02-06 14:43:30,0.470629,0,0,1.0
2023-02-06 14:43:32,0.470957,0,0,1.0
2023-02-06 14:43:34,0.470612,0,0,1.0
2023-02-06 14:43:36,0.46971,0,0,1.0
2023-02-06 14:43:38,0.46905,0,0,1.0
2023-02-06 14:43:40,0.46933,0,0,1.0
2023-02-06 14:43:42,0.470424,0,0,1.0
2023-02-06 14:43:44,0.471283,0,0,1.0
2023-02-06 14:43:46,0.470861,0,0,1.0
2023-02-06 14:43:48,0.469301,0,0,1.0
2023-02-06 14:43:50,0.467936,0,0,1.0
2023-02-06 14:43:52,0.467868,0,0,1.0
2023-02-06 14:43:54,0.468571,0,0,1.0
2023-02-06 14:43:56,0.468143,0,0,1.0
2023-02-06 14:43:58,0.464968,0,0,1.0
2023-02-06 14:44:00,0.459056,0,0,1.0
2023-02-06 14:44:02,0.452071,0,0,1.0
2023-02-06 14:44:04,0.44648,0,0,1.0
2023-02-06 14:44:06,0.444598,0,0,1.0
2023-02-06 14:44:08,0.447363,0,0,1.0
2023-02-06 14:44:10,0.453062,0,0,1.0
2023-02-06 14:44:12,0.457437,0,0,1.0
2023-02-06 14:44:14,0.456395,0,0,1.0
2023-02-06 14:44:16,0.449566,0,0,1.0
2023-02-06 14:44:18,0.441024,0,0,1.0
2023-02-06 14:44:20,0.435829,0,0,1.0
2023-02-06 14:44:22,0.435598,0,0,1.0
2023-02-06 14:44:24,0.437743,0,0,1.0
2023-02-06 14:44:26,0.438813,0,0,1.0
2023-02-06 14:44:28,0.437892,0,0,1.0
2023-02-06 14:44:30,0.436464,0,0,1.0
2023-02-06 14:44:32,0.435829,0,0,1.0
2023-02-06 14:44:34,0.435694,0,0,1.0
2023-02-06 14:44:36,0.435285,0,0,1.0
2023-02-06 14:44:38,0.434725,0,0,1.0
2023-02-06 14:44:40,0.434637,0,0,1.0
2023-02-06 14:44:42,0.434871,0,0,1.0
2023-02-06 14:44:44,0.434524,0,0,1.0
2023-02-06 14:44:46,0.433313,0,0,1.0
2023-02-06 14:44:48,0.432161,0,0,1.0
2023-02-06 14:44:50,0.431985,0,0,1.0
2023-02-06 14:44:52,0.432325,0,0,1.0
2023-02-06 14:44:54,0.431805,0,0,1.0
2023-02-06 14:44:56,0.429859,0,0,1.0
2023-02-06 14:44:58,0.427606,0,0,1.0
2023-02-06 14:45:00,0.426755,0,0,1.0
2023-02-06 14:45:02,0.427654,0,0,1.0
2023-02-06 14:45:04,0.428955,0,0,1.0
2023-02-06 14:45:06,0.429138,0,0,1.0
2023-02-06 14:45:08,0.42799,0,0,1.0
2023-02-06 14:45:10,0.426479,0,0,1.0
2023-02-06 14:45:12,0.425625,0,0,1.0
2023-02-06 14:45:14,0.425501,0,0,1.0
2023-02-06 14:45:16,0.425515,0,0,1.0
2023-02-06 14:45:18,0.425365,0,0,1.0
2023-02-06 14:45:20,0.425184,0,0,1.0
2023-02-06 14:45:22,0.425136,0,0,1.0
2023-02-06 14:45:24,0.425095,0,0,1.0
2023-02-06 14:45:26,0.424959,0,0,1.0
2023-02-06 14:45:28,0.425007,0,0,1.0
2023-02-06 14:45:30,0.425581,0,0,1.0
2023-02-06 14:45:32,0.426445,0,0,1.0
2023-02-06 14:45:34,0.426866,0,0,1.0
2023-02-06 14:45:36,0.426559,0,0,1.0
2023-02-06 14:45:38,0.426174,0,0,1.0
2023-02-06 14:45:40,0.426356,0,0,1.0
2023-02-06 14:45:42,0.426507,0,0,1.0
2023-02-06 14:45:44,0.425255,0,0,1.0
2023-02-06 14:45:46,0.422514,0,0,1.0
2023-02-06 14:45:48,0.420321,0,0,1.0
2023-02-06 14:45:50,0.420673,0,0,1.0
2023-02-06 14:45:52,0.422539,0,0,1.0
2023-02-06 14:45:54,0.422126,0,0,1.0
2023-02-06 14:45:56,0.416881,0,0,1.0
2023-02-06 14:45:58,0.408776,0,0,1.0
2023-02-06 14:46:00,0.402602,0,0,1.0
2023-02-06 14:46:02,0.400875,0,0,1.0
2023-02-06 14:46:04,0.401268,0,0,1.0
2023-02-06 14:46:06,0.399561,0,0,1.0
2023-02-06 14:46:08,0.394656,0,0,1.0
2023-02-06 14:46:10,0.389449,0,0,1.0
2023-02-06 14:46:12,0.387149,0,0,1.0
2023-02-06 14:46:14,0.387803,0,0,1.0
2023-02-06 14:46:16,0.388863,0,0,1.0
2023-02-06 14:46:18,0.388451,0,0,1.0
2023-02-06 14:46:20,0.387024,0,0,1.0
2023-02-06 14:46:22,0.386017,0,0,1.0
2023-02-06 14:46:24,0.385959,0,0,1.0
2023-02-06 14:46:26,0.38638,0,0,1.0
2023-02-06 14:46:28,0.386795,0,0,1.0
2023-02-06 14:46:30,0.386998,0,0,1.0
2023-02-06 14:46:32,0.386741,0,0,1.0
2023-02-06 14:46:34,0.385959,0,0,1.0
2023-02-06 14:46:36,0.385323,0,0,1.0
2023-02-06 14:46:38,0.385741,0,0,1.0
2023-02-06 14:46:40,0.386988,0,0,1.0
2023-02-06 14:46:42,0.387625,0,0,1.0
2023-02-06 14:46:44,0.386947,0,0,1.0
2023-02-06 14:46:46,0.386464,0,0,1.0
2023-02-06 14:46:48,0.388452,0,0,1.0
2023-02-06 14:46:50,0.392947,0,0,1.0
2023-02-06 14:46:52,0.397397,0,0,1.0
2023-02-06 14:46:54,0.399622,0,0,1.0
2023-02-06 14:46:56,0.400688,0,0,1.0
2023-02-06 14:46:58,0.403797,0,0,1.0
2023-02-06 14:47:00,0.410208,0,0,1.0
2023-02-06 14:47:02,0.417473,0,0,1.0
2023-02-06 14:47:04,0.422045,0,0,1.0
2023-02-06 14:47:06,0.422978,0,0,1.0
2023-02-06 14:47:08,0.422398,0,0,1.0
2023-02-06 14:47:10,0.422768,0,0,1.0
2023-02-06 14:47:12,0.424546,0,0,1.0
2023-02-06 14:47:14,0.42657,0,0,1.0
2023-02-06 14:47:16,0.427864,0,0,1.0
2023-02-06 14:47:18,0.428443,0,0,1.0
2023-02-06 14:47:20,0.428943,0,0,1.0
2023-02-06 14:47:22,0.429948,0,0,1.0
2023-02-06 14:47:24,0.431639,0,0,1.0
2023-02-06 14:47:26,0.433471,0,0,1.0
2023-02-06 14:47:28,0.434335,0,0,1.0
2023-02-06 14:47:30,0.433869,0,0,1.0
2023-02-06 14:47:32,0.433918,0,0,1.0
2023-02-06 14:47:34,0.437827,0,0,1.0
2023-02-06 14:47:36,0.447209,0,0,1.0
2023-02-06 14:47:38,0.459433,0,0,1.0
2023-02-06 14:47:40,0.469128,0,0,1.0
2023-02-06 14:47:42,0.47267,0,0,1.0
2023-02-06 14:47:44,0.471198,0,0,1.0
2023-02-06 14:47:46,0.469042,0,0,1.0
2023-02-06 14:47:48,0.469814,0,0,1.0
2023-02-06 14:47:50,0.473811,0,0,1.0
2023-02-06 14:47:52,0.478762,0,0,1.0
2023-02-06 14:47:54,0.482217,0,0,1.0
2023-02-06 14:47:56,0.483213,0,0,1.0
2023-02-06 14:47:58,0.482766,0,0,1.0
2023-02-06 14:48:00,0.483461,0,0,1.0
2023-02-06 14:48:02,0.488089,0,0,1.0
2023-02-06 14:48:04,0.497485,0,0,1.0
2023-02-06 14:48:06,0.509269,1,1,1.0
2023-02-06 14:48:08,0.518962,1,1,1.0
2023-02-06 14:48:10,0.523376,1,1,1.0
2023-02-06 14:48:12,0.523252,1,1,1.0
2023-02-06 14:48:14,0.522365,1,1,1.0
2023-02-06 14:48:16,0.523784,1,1,1.0
2023-02-06 14:48:18,0.527048,1,1,1.0
2023-02-06 14:48:20,0.529282,1,1,1.0
2023-02-06 14:48:22,0.529206,1,1,1.0
2023-02-06 14:48:24,0.529532,1,1,1.0
2023-02-06 14:48:26,0.534757,1,1,1.0
2023-02-06 14:48:28,0.54622,1,1,1.0
2023-02-06 14:48:30,0.559886,1,1,1.0
2023-02-06 14:48:32,0.569626,1,1,1.0
2023-02-06 14:48:34,0.57286,1,1,1.0
2023-02-06 14:48:36,0.572607,1,1,1.0
2023-02-06 14:48:38,0.573697,1,1,1.0
2023-02-06 14:48:40,0.577478,1,1,1.0
2023-02-06 14:48:42,0.581074,1,1,1.0
2023-02-06 14:48:44,0.581915,1,1,1.0
2023-02-06 14:48:46,0.581936,1,1,1.0
2023-02-06 14:48:48,0.58619,1,1,1.0
2023-02-06 14:48:50,0.597292,1,1,1.0
2023-02-06 14:48:52,0.61174,1,1,1.0
2023-02-06 14:48:54,0.622593,1,1,1.0
2023-02-06 14:48:56,0.625925,1,1,1.0
2023-02-06 14:48:58,0.624295,1,1,1.0
2023-02-06 14:49:00,0.623899,1,1,1.0
2023-02-06 14:49:02,0.628138,1,1,1.0
2023-02-06 14:49:04,0.634492,1,1,1.0
2023-02-06 14:49:06,0.637871,1,1,1.0
2023-02-06 14:49:08,0.63689,1,1,1.0
2023-02-06 14:49:10,0.636088,1,1,1.0
2023-02-06 14:49:12,0.641339,1,1,1.0
2023-02-06 14:49:14,0.653506,1,1,1.0
2023-02-06 14:49:16,0.667202,1,1,1.0
2023-02-06 14:49:18,0.676275,1,1,1.0
2023-02-06 14:49:20,0.679688,1,1,1.0
2023-02-06 14:49:22,0.681175,1,1,1.0
2023-02-06 14:49:24,0.683893,1,1,1.0
2023-02-06 14:49:26,0.686872,1,1,1.0
2023-02-06 14:49:28,0.687719,1,1,1.0
2023-02-06 14:49:30,0.687596,1,1,1.0
2023-02-06 14:49:32,0.691523,1,1,1.0
2023-02-06 14:49:34,0.703005,1,1,1.0
2023-02-06 14:49:36,0.719223,1,1,1.0
2023-02-06 14:49:38,0.732926,1,1,1.0
2023-02-06 14:49:40,0.739094,1,1,1.0
2023-02-06 14:49:42,0.739248,1,1,1.0
2023-02-06 14:49:44,0.738984,1,1,1.0
2023-02-06 14:49:46,0.741944,1,1,1.0
2023-02-06 14:49:48,0.746627,1,1,1.0
2023-02-06 14:49:50,0.749061,1,1,1.0
2023-02-06 14:49:52,0.747927,1,1,1.0
2023-02-06 14:49:54,0.746687,1,1,1.0
2023-02-06 14:49:56,0.750697,1,1,1.0
2023-02-06 14:49:58,0.762169,1,1,1.0
2023-02-06 14:50:00,0.77768,1,1,1.0
2023-02-06 14:50:02,0.790646,1,1,1.0
2023-02-06 14:50:04,0.796622,1,1,1.0
2023-02-06 14:50:06,0.796732,1,1,1.0
2023-02-06 14:50:08,0.79594,1,1,1.0
2023-02-06 14:50:10,0.798056,1,1,1.0
2023-02-06 14:50:12,0.802271,1,1,1.0
2023-02-06 14:50:14,0.804874,1,1,1.0
2023-02-06 14:50:16,0.804351,1,1,1.0
2023-02-06 14:50:18,0.804008,1,1,1.0
2023-02-06 14:50:20,0.809189,1,1,1.0
2023-02-06 14:50:22,0.821806,1,1,1.0
2023-02-06 14:50:24,0.837881,1,1,1.0
2023-02-06 14:50:26,0.850676,1,1,1.0
2023-02-06 14:50:28,0.856161,1,1,1.0
2023-02-06 14:50:30,0.855661,1,1,1.0
2023-02-06 14:50:32,0.853612,1,1,1.0
2023-02-06 14:50:34,0.853496,1,1,1.0
2023-02-06 14:50:36,0.85575,1,1,1.0
2023-02-06 14:50:38,0.858556,1,1,1.0
2023-02-06 14:50:40,0.859963,1,1,1.0
2023-02-06 14:50:42,0.859402,1,1,1.0
2023-02-06 14:50:44,0.858057,1,1,1.0
2023-02-06 14:50:46,0.857926,1,1,1.0
2023-02-06 14:50:48,0.86015,1,1,1.0
2023-02-06 14:50:50,0.863531,1,1,1.0
2023-02-06 14:50:52,0.865335,1,1,1.0
2023-02-06 14:50:54,0.864614,1,1,1.0
2023-02-06 14:50:56,0.864469,1,1,1.0
2023-02-06 14:50:58,0.870092,1,1,1.0
2023-02-06 14:51:00,0.883471,1,1,1.0
2023-02-06 14:51:02,0.900288,1,1,1.0
2023-02-06 14:51:04,0.913061,1,1,1.0
2023-02-06 14:51:06,0.917762,1,1,1.0
2023-02-06 14:51:08,0.91695,1,1,1.0
2023-02-06 14:51:10,0.916207,1,1,1.0
2023-02-06 14:51:12,0.918256,1,1,1.0
2023-02-06 14:51:14,0.921411,1,1,1.0
2023-02-06 14:51:16,0.923211,1,1,1.0
2023-02-06 14:51:18,0.924048,1,1,1.0
2023-02-06 14:51:20,0.925998,1,1,1.0
2023-02-06 14:51:22,0.929107,1,1,1.0
2023-02-06 14:51:24,0.930698,1,1,1.0
2023-02-06 14:51:26,0.929272,1,1,1.0
2023-02-06 14:51:28,0.927975,1,1,1.0
2023-02-06 14:51:30,0.932586,1,1,1.0
2023-02-06 14:51:32,0.945469,1,1,1.0
2023-02-06 14:51:34,0.962226,1,1,1.0
2023-02-06 14:51:36,0.975139,1,1,1.0
2023-02-06 14:51:38,0.979904,1,1,1.0
2023-02-06 14:51:40,0.978664,1,1,1.0
2023-02-06 14:51:42,0.976774,1,1,1.0
2023-02-06 14:51:44,0.977505,1,1,1.0
2023-02-06 14:51:46,0.980261,1,1,1.0
2023-02-06 14:51:48,0.98298,1,1,1.0
2023-02-06 14:51:50,0.984889,1,1,1.0
2023-02-06 14:51:52,0.986525,1,1,1.0
2023-02-06 14:51:54,0.988125,1,1,1.0
2023-02-06 14:51:56,0.989345,1,1,1.0
2023-02-06 14:51:58,0.990245,1,1,1.0
2023-02-06 14:52:00,0.991717,1,1,1.0
2023-02-06 14:52:02,0.99423,1,1,1.0
2023-02-06 14:52:04,0.996677,1,1,1.0
2023-02-06 14:52:06,0.997309,1,1,1.0
2023-02-06 14:52:08,0.995881,1,1,1.0
2023-02-06 14:52:10,0.994283,1,1,1.0
2023-02-06 14:52:12,0.994508,1,1,1.0
2023-02-06 14:52:14,0.996623,1,1,1.0
2023-02-06 14:52:16,0.998944,1,1,1.0
2023-02-06 14:52:18,1.0,1,1,1.0
2023-02-06 14:52:20,0.999797,1,1,1.0
2023-02-06 14:52:22,0.999141,1,1,1.0
2023-02-06 14:52:24,0.998495,1,1,1.0
2023-02-06 14:52:26,0.997835,1,1,1.0
2023-02-06 14:52:28,0.997388,1,1,1.0
2023-02-06 14:52:30,0.997534,1,1,1.0
2023-02-06 14:52:32,0.997987,1,1,1.0
2023-02-06 14:52:34,0.998025,1,1,1.0
2023-02-06 14:52:36,0.997604,1,1,1.0
2023-02-06 14:52:38,0.997609,1,1,1.0
2023-02-06 14:52:40,0.998308,1,1,1.0
2023-02-06 14:52:42,0.998153,1,1,1.0
2023-02-06 14:52:44,0.995393,1,1,1.0
2023-02-06 14:52:46,0.991003,1,1,1.0
2023-02-06 14:52:48,0.988455,1,1,1.0
2023-02-06 14:52:50,0.989248,1,1,1.0
2023-02-06 14:52:52,0.989406,1,1,1.0
2023-02-06 14:52:54,0.982435,1,1,1.0
2023-02-06 14:52:56,0.966573,1,1,1.0
2023-02-06 14:52:58,0.947787,1,1,1.0
2023-02-06 14:53:00,0.934286,1,1,1.0
2023-02-06 14:53:02,0.928562,1,1,1.0
2023-02-06 14:53:04,0.926268,1,1,1.0
2023-02-06 14:53:06,0.922774,1,1,1.0
2023-02-06 14:53:08,0.91856,1,1,1.0
2023-02-06 14:53:10,0.916673,1,1,1.0
2023-02-06 14:53:12,0.916367,1,1,1.0
2023-02-06 14:53:14,0.911955,1,1,1.0
2023-02-06 14:53:16,0.899303,1,1,1.0
2023-02-06 14:53:18,0.881736,1,1,1.0
2023-02-06 14:53:20,0.867654,1,1,1.0
2023-02-06 14:53:22,0.862409,1,1,1.0
2023-02-06 14:53:24,0.863799,1,1,1.0
2023-02-06 14:53:26,0.865742,1,1,1.0
2023-02-06 14:53:28,0.864993,1,1,1.0
2023-02-06 14:53:30,0.863103,1,1,1.0
2023-02-06 14:53:32,0.862705,1,1,1.0
2023-02-06 14:53:34,0.863867,1,1,1.0
2023-02-06 14:53:36,0.864801,1,1,1.0
2023-02-06 14:53:38,0.864774,1,1,1.0
2023-02-06 14:53:40,0.86475,1,1,1.0
2023-02-06 14:53:42,0.865171,1,1,1.0
2023-02-06 14:53:44,0.864668,1,1,1.0
2023-02-06 14:53:46,0.861983,1,1,1.0
2023-02-06 14:53:48,0.858472,1,1,1.0
2023-02-06 14:53:50,0.85718,1,1,1.0
2023-02-06 14:53:52,0.858705,1,1,1.0
2023-02-06 14:53:54,0.859165,1,1,1.0
2023-02-06 14:53:56,0.853149,1,1,1.0
2023-02-06 14:53:58,0.839582,1,1,1.0
2023-02-06 14:54:00,0.823513,1,1,1.0
2023-02-06 14:54:02,0.811961,1,1,1.0
2023-02-06 14:54:04,0.807994,1,1,1.0
2023-02-06 14:54:06,0.809042,1,1,1.0
2023-02-06 14:54:08,0.810513,1,1,1.0
2023-02-06 14:54:10,0.810142,1,1,1.0
2023-02-06 14:54:12,0.808529,1,1,1.0
2023-02-06 14:54:14,0.806927,1,1,1.0
2023-02-06 14:54:16,0.805658,1,1,1.0
2023-02-06 14:54:18,0.804625,1,1,1.0
2023-02-06 14:54:20,0.804135,1,1,1.0
2023-02-06 14:54:22,0.804329,1,1,1.0
2023-02-06 14:54:24,0.804363,1,1,1.0
2023-02-06 14:54:26,0.803094,1,1,1.0
2023-02-06 14:54:28,0.800668,1,1,1.0
2023-02-06 14:54:30,0.798626,1,1,1.0
2023-02-06 14:54:32,0.798103,1,1,1.0
2023-02-06 14:54:34,0.798183,1,1,1.0
2023-02-06 14:54:36,0.796727,1,1,1.0
2023-02-06 14:54:38,0.792424,1,1,1.0
2023-02-06 14:54:40,0.785625,1,1,1.0
2023-02-06 14:54:42,0.777355,1,1,1.0
2023-02-06 14:54:44,0.768476,1,1,1.0
2023-02-06 14:54:46,0.760086,1,1,1.0
2023-02-06 14:54:48,0.753976,1,1,1.0
2023-02-06 14:54:50,0.751475,1,1,1.0
2023-02-06 14:54:52,0.751727,1,1,1.0
2023-02-06 14:54:54,0.751784,1,1,1.0
2023-02-06 14:54:56,0.74937,1,1,1.0
2023-02-06 14:54:58,0.745233,1,1,1.0
2023-02-06 14:55:00,0.741997,1,1,1.0
2023-02-06 14:55:02,0.740992,1,1,1.0
2023-02-06 14:55:04,0.7409,1,1,1.0
2023-02-06 14:55:06,0.739959,1,1,1.0
2023-02-06 14:55:08,0.738686,1,1,1.0
2023-02-06 14:55:10,0.739112,1,1,1.0
2023-02-06 14:55:12,0.741206,1,1,1.0
2023-02-06 14:55:14,0.741237,1,1,1.0
2023-02-06 14:55:16,0.734892,1,1,1.0
2023-02-06 14:55:18,0.721972,1,1,1.0
2023-02-06 14:55:20,0.707251,1,1,1.0
2023-02-06 14:55:22,0.696359,1,1,1.0
2023-02-06 14:55:24,0.691093,1,1,1.0
2023-02-06 14:55:26,0.688888,1,1,1.0
2023-02-06 14:55:28,0.686217,1,1,1.0
2023-02-06 14:55:30,0.681969,1,1,1.0
2023-02-06 14:55:32,0.677801,1,1,1.0
2023-02-06 14:55:34,0.676043,1,1,1.0
2023-02-06 14:55:36,0.677314,1,1,1.0
2023-02-06 14:55:38,0.67992,1,1,1.0
2023-02-06 14:55:40,0.680423,1,1,1.0
2023-02-06 14:55:42,0.675661,1,1,1.0
2023-02-06 14:55:44,0.665186,1,1,1.0
2023-02-06 14:55:46,0.652321,1,1,1.0
2023-02-06 14:55:48,0.642326,1,1,1.0
2023-02-06 14:55:50,0.638527,1,1,1.0
2023-02-06 14:55:52,0.63966,1,1,1.0
2023-02-06 14:55:54,0.641228,1,1,1.0
2023-02-06 14:55:56,0.639682,1,1,1.0
2023-02-06 14:55:58,0.635319,1,1,1.0
2023-02-06 14:56:00,0.631269,1,1,1.0
2023-02-06 14:56:02,0.62999,1,1,1.0
2023-02-06 14:56:04,0.631018,1,1,1.0
2023-02-06 14:56:06,0.632019,1,1,1.0
2023-02-06 14:56:08,0.631529,1,1,1.0
2023-02-06 14:56:10,0.63031,1,1,1.0
2023-02-06 14:56:12,0.630203,1,1,1.0
2023-02-06 14:56:14,0.631818,1,1,1.0
2023-02-06 14:56:16,0.63376,1,1,1.0
2023-02-06 14:56:18,0.633995,1,1,1.0
2023-02-06 14:56:20,0.631913,1,1,1.0
2023-02-06 14:56:22,0.628909,1,1,1.0
2023-02-06 14:56:24,0.626973,1,1,1.0
2023-02-06 14:56:26,0.626813,1,1,1.0
2023-02-06 14:56:28,0.627466,1,1,1.0
2023-02-06 14:56:30,0.627621,1,1,1.0
2023-02-06 14:56:32,0.627038,1,1,1.0
2023-02-06 14:56:34,0.626562,1,1,1.0
2023-02-06 14:56:36,0.626963,1,1,1.0
2023-02-06 14:56:38,0.628109,1,1,1.0
2023-02-06 14:56:40,0.629148,1,1,1.0
2023-02-06 14:56:42,0.629452,1,1,1.0
2023-02-06 14:56:44,0.62909,1,1,1.0
2023-02-06 14:56:46,0.628571,1,1,1.0
2023-02-06 14:56:48,0.628336,1,1,1.0
2023-02-06 14:56:50,0.628493,1,1,1.0
2023-02-06 14:56:52,0.628899,1,1,1.0
2023-02-06 14:56:54,0.629325,1,1,1.0
2023-02-06 14:56:56,0.629633,1,1,1.0
2023-02-06 14:56:58,0.629806,1,1,1.0
2023-02-06 14:57:00,0.629858,1,1,1.0
2023-02-06 14:57:02,0.629878,1,1,1.0
2023-02-06 14:57:04,0.62978,1,1,1.0
2023-02-06 14:57:06,0.629342,1,1,1.0
2023-02-06 14:57:08,0.628515,1,1,1.0
2023-02-06 14:57:10,0.627437,1,1,1.0
2023-02-06 14:57:12,0.626376,1,1,1.0
2023-02-06 14:57:14,0.625619,1,1,1.0
2023-02-06 14:57:16,0.625317,1,1,1.0
2023-02-06 14:57:18,0.625375,1,1,1.0
2023-02-06 14:57:20,0.625579,1,1,1.0
2023-02-06 14:57:22,0.625832,1,1,1.0
2023-02-06 14:57:24,0.626204,1,1,1.0
2023-02-06 14:57:26,0.626884,1,1,1.0
2023-02-06 14:57:28,0.627884,1,1,1.0
2023-02-06 14:57:30,0.629074,1,1,1.0
2023-02-06 14:57:32,0.630378,1,1,1.0
2023-02-06 14:57:34,0.631822,1,1,1.0
2023-02-06 14:57:36,0.633198,1,1,1.0
2023-02-06 14:57:38,0.634006,1,1,1.0
2023-02-06 14:57:40,0.634393,1,1,1.0
2023-02-06 14:57:42,0.636098,1,1,1.0
2023-02-06 14:57:44,0.641255,1,1,1.0
2023-02-06 14:57:46,0.64935,1,1,1.0
2023-02-06 14:57:48,0.656049,1,1,1.0
2023-02-06 14:57:50,0.656853,1,1,1.0
2023-02-06 14:57:52,0.65254,1,1,1.0
2023-02-06 14:57:54,0.649473,1,1,1.0
2023-02-06 14:57:56,0.652827,1,1,1.0
2023-02-06 14:57:58,0.660086,1,1,1.0
2023-02-06 14:58:00,0.663444,1,1,1.0
2023-02-06 14:58:02,0.659332,1,1,1.0
2023-02-06 14:58:04,0.653714,1,1,1.0
2023-02-06 14:58:06,0.655463,1,1,1.0
2023-02-06 14:58:08,0.665145,1,1,1.0
2023-02-06 14:58:10,0.672936,1,1,1.0
2023-02-06 14:58:12,0.669039,1,1,1.0
2023-02-06 14:58:14,0.654638,1,1,1.0
2023-02-06 14:58:16,0.640489,1,1,1.0
2023-02-06 14:58:18,0.635316,1,1,1.0
2023-02-06 14:58:20,0.637592,1,1,1.0
2023-02-06 14:58:22,0.639557,1,1,1.0
2023-02-06 14:58:24,0.637098,1,1,1.0
2023-02-06 14:58:26,0.6334,1,1,1.0
2023-02-06 14:58:28,0.633353,1,1,1.0
2023-02-06 14:58:30,0.637142,1,1,1.0
2023-02-06 14:58:32,0.640733,1,1,1.0
2023-02-06 14:58:34,0.641276,1,1,1.0
2023-02-06 14:58:36,0.640038,1,1,1.0
2023-02-06 14:58:38,0.639571,1,1,1.0
2023-02-06 14:58:40,0.63999,1,1,1.0
2023-02-06 14:58:42,0.639709,1,1,1.0
2023-02-06 14:58:44,0.639048,1,1,1.0
2023-02-06 14:58:46,0.641665,1,1,1.0
2023-02-06 14:58:48,0.651169,1,1,1.0
2023-02-06 14:58:50,0.666148,1,1,1.0
2023-02-06 14:58:52,0.679986,1,1,1.0
2023-02-06 14:58:54,0.686605,1,1,1.0
2023-02-06 14:58:56,0.68646,1,1,1.0
2023-02-06 14:58:58,0.686359,1,1,1.0
2023-02-06 14:59:00,0.693057,1,1,1.0
2023-02-06 14:59:02,0.707091,1,1,1.0
2023-02-06 14:59:04,0.722887,1,1,1.0
2023-02-06 14:59:06,0.73454,1,1,1.0
2023-02-06 14:59:08,0.740436,1,1,1.0
2023-02-06 14:59:10,0.742666,1,1,1.0
2023-02-06 14:59:12,0.743457,1,1,1.0
2023-02-06 14:59:14,0.743823,1,1,1.0
2023-02-06 14:59:16,0.745307,1,1,1.0
2023-02-06 14:59:18,0.750864,1,1,1.0
2023-02-06 14:59:20,0.762428,1,1,1.0
2023-02-06 14:59:22,0.777615,1,1,1.0
2023-02-06 14:59:24,0.79038,1,1,1.0
2023-02-06 14:59:26,0.795923,1,1,1.0
2023-02-06 14:59:28,0.79487,1,1,1.0
2023-02-06 14:59:30,0.792284,1,1,1.0
2023-02-06 14:59:32,0.792677,1,1,1.0
2023-02-06 14:59:34,0.796227,1,1,1.0
2023-02-06 14:59:36,0.799736,1,1,1.0
2023-02-06 14:59:38,0.800573,1,1,1.0
2023-02-06 14:59:40,0.79928,1,1,1.0
2023-02-06 14:59:42,0.798438,1,1,1.0
2023-02-06 14:59:44,0.799775,1,1,1.0
2023-02-06 14:59:46,0.802653,1,1,1.0
2023-02-06 14:59:48,0.805355,1,1,1.0
2023-02-06 14:59:50,0.807136,1,1,1.0
2023-02-06 14:59:52,0.808422,1,1,1.0
2023-02-06 14:59:54,0.809307,1,1,1.0
2023-02-06 14:59:56,0.808841,1,1,1.0
2023-02-06 14:59:58,0.806863,1,1,1.0
2023-02-06 15:00:00,0.806053,1,1,1.0
2023-02-06 15:00:02,0.810805,1,1,1.0
2023-02-06 15:00:04,0.822856,1,1,1.0
2023-02-06 15:00:06,0.838253,1,1,1.0
2023-02-06 15:00:08,0.849842,1,1,1.0
2023-02-06 15:00:10,0.853481,1,1,1.0
2023-02-06 15:00:12,0.851482,1,1,1.0
2023-02-06 15:00:14,0.849501,1,1,1.0
2023-02-06 15:00:16,0.850537,1,1,1.0
2023-02-06 15:00:18,0.852738,1,1,1.0
2023-02-06 15:00:20,0.852925,1,1,1.0
2023-02-06 15:00:22,0.850966,1,1,1.0
2023-02-06 15:00:24,0.849679,1,1,1.0
2023-02-06 15:00:26,0.851031,1,1,1.0
2023-02-06 15:00:28,0.853781,1,1,1.0
2023-02-06 15:00:30,0.85533,1,1,1.0
2023-02-06 15:00:32,0.854934,1,1,1.0
2023-02-06 15:00:34,0.854119,1,1,1.0
2023-02-06 15:00:36,0.854313,1,1,1.0
2023-02-06 15:00:38,0.855285,1,1,1.0
2023-02-06 15:00:40,0.856066,1,1,1.0
2023-02-06 15:00:42,0.85658,1,1,1.0
2023-02-06 15:00:44,0.857294,1,1,1.0
2023-02-06 15:00:46,0.857765,1,1,1.0
2023-02-06 15:00:48,0.856897,1,1,1.0
2023-02-06 15:00:50,0.854928,1,1,1.0
2023-02-06 15:00:52,0.854024,1,1,1.0
2023-02-06 15:00:54,0.855524,1,1,1.0
2023-02-06 15:00:56,0.856795,1,1,1.0
2023-02-06 15:00:58,0.852294,1,1,1.0
2023-02-06 15:01:00,0.839158,1,1,1.0
2023-02-06 15:01:02,0.821369,1,1,1.0
2023-02-06 15:01:04,0.807339,1,1,1.0
2023-02-06 15:01:06,0.802567,1,1,1.0
2023-02-06 15:01:08,0.804783,1,1,1.0
2023-02-06 15:01:10,0.806728,1,1,1.0
2023-02-06 15:01:12,0.803634,1,1,1.0
2023-02-06 15:01:14,0.797589,1,1,1.0
2023-02-06 15:01:16,0.794275,1,1,1.0
2023-02-06 15:01:18,0.795938,1,1,1.0
2023-02-06 15:01:20,0.798233,1,1,1.0
2023-02-06 15:01:22,0.794291,1,1,1.0
2023-02-06 15:01:24,0.781745,1,1,1.0
2023-02-06 15:01:26,0.765398,1,1,1.0
2023-02-06 15:01:28,0.752988,1,1,1.0
2023-02-06 15:01:30,0.748492,1,1,1.0
2023-02-06 15:01:32,0.749491,1,1,1.0
2023-02-06 15:01:34,0.750589,1,1,1.0
2023-02-06 15:01:36,0.748728,1,1,1.0
2023-02-06 15:01:38,0.745066,1,1,1.0
2023-02-06 15:01:40,0.742522,1,1,1.0
2023-02-06 15:01:42,0.742377,1,1,1.0
2023-02-06 15:01:44,0.74344,1,1,1.0
2023-02-06 15:01:46,0.743809,1,1,1.0
2023-02-06 15:01:48,0.742734,1,1,1.0
2023-02-06 15:01:50,0.740864,1,1,1.0
2023-02-06 15:01:52,0.739328,1,1,1.0
2023-02-06 15:01:54,0.738859,1,1,1.0
2023-02-06 15:01:56,0.739371,1,1,1.0
2023-02-06 15:01:58,0.740113,1,1,1.0
2023-02-06 15:02:00,0.740189,1,1,1.0
2023-02-06 15:02:02,0.739234,1,1,1.0
2023-02-06 15:02:04,0.737693,1,1,1.0
2023-02-06 15:02:06,0.736376,1,1,1.0
2023-02-06 15:02:08,0.735615,1,1,1.0
2023-02-06 15:02:10,0.735061,1,1,1.0
2023-02-06 15:02:12,0.734219,1,1,1.0
2023-02-06 15:02:14,0.733057,1,1,1.0
2023-02-06 15:02:16,0.731977,1,1,1.0
2023-02-06 15:02:18,0.731463,1,1,1.0
2023-02-06 15:02:20,0.731727,1,1,1.0
2023-02-06 15:02:22,0.732803,1,1,1.0
2023-02-06 15:02:24,0.734499,1,1,1.0
2023-02-06 15:02:26,0.736223,1,1,1.0
2023-02-06 15:02:28,0.737249,1,1,1.0
2023-02-06 15:02:30,0.737471,1,1,1.0
2023-02-06 15:02:32,0.737773,1,1,1.0
2023-02-06 15:02:34,0.739359,1,1,1.0
2023-02-06 15:02:36,0.742323,1,1,1.0
2023-02-06 15:02:38,0.745178,1,1,1.0
2023-02-06 15:02:40,0.746161,1,1,1.0
2023-02-06 15:02:42,0.745048,1,1,1.0
2023-02-06 15:02:44,0.743406,1,1,1.0
2023-02-06 15:02:46,0.742881,1,1,1.0
2023-02-06 15:02:48,0.743485,1,1,1.0
2023-02-06 15:02:50,0.743908,1,1,1.0
2023-02-06 15:02:52,0.743437,1,1,1.0
2023-02-06 15:02:54,0.742977,1,1,1.0
2023-02-06 15:02:56,0.743695,1,1,1.0
2023-02-06 15:02:58,0.745199,1,1,1.0
2023-02-06 15:03:00,0.745834,1,1,1.0
2023-02-06 15:03:02,0.744982,1,1,1.0
2023-02-06 15:03:04,0.744261,1,1,1.0
2023-02-06 15:03:06,0.745569,1,1,1.0
2023-02-06 15:03:08,0.74828,1,1,1.0
2023-02-06 15:03:10,0.7496,1,1,1.0
2023-02-06 15:03:12,0.748318,1,1,1.0
2023-02-06 15:03:14,0.747507,1,1,1.0
2023-02-06 15:03:16,0.752213,1,1,1.0
2023-02-06 15:03:18,0.764064,1,1,1.0
2023-02-06 15:03:20,0.77882,1,1,1.0
2023-02-06 15:03:22,0.789718,1,1,1.0
2023-02-06 15:03:24,0.793338,1,1,1.0
2023-02-06 15:03:26,0.791835,1,1,1.0
2023-02-06 15:03:28,0.789823,1,1,1.0
2023-02-06 15:03:30,0.789877,1,1,1.0
2023-02-06 15:03:32,0.791228,1,1,1.0
2023-02-06 15:03:34,0.792085,1,1,1.0
2023-02-06 15:03:36,0.792165,1,1,1.0
2023-02-06 15:03:38,0.792625,1,1,1.0
2023-02-06 15:03:40,0.794195,1,1,1.0
2023-02-06 15:03:42,0.79614,1,1,1.0
2023-02-06 15:03:44,0.79724,1,1,1.0
2023-02-06 15:03:46,0.797334,1,1,1.0
2023-02-06 15:03:48,0.797336,1,1,1.0
2023-02-06 15:03:50,0.797751,1,1,1.0
2023-02-06 15:03:52,0.797738,1,1,1.0
2023-02-06 15:03:54,0.796252,1,1,1.0
2023-02-06 15:03:56,0.793899,1,1,1.0
2023-02-06 15:03:58,0.792794,1,1,1.0
2023-02-06 15:04:00,0.79382,1,1,1.0
2023-02-06 15:04:02,0.794372,1,1,1.0
2023-02-06 15:04:04,0.789877,1,1,1.0
2023-02-06 15:04:06,0.778386,1,1,1.0
2023-02-06 15:04:08,0.763426,1,1,1.0
2023-02-06 15:04:10,0.751544,1,1,1.0
2023-02-06 15:04:12,0.746635,1,1,1.0
2023-02-06 15:04:14,0.747049,1,1,1.0
2023-02-06 15:04:16,0.748094,1,1,1.0
2023-02-06 15:04:18,0.746939,1,1,1.0
2023-02-06 15:04:20,0.74459,1,1,1.0
2023-02-06 15:04:22,0.743434,1,1,1.0
2023-02-06 15:04:24,0.744157,1,1,1.0
2023-02-06 15:04:26,0.745449,1,1,1.0
2023-02-06 15:04:28,0.746089,1,1,1.0
2023-02-06 15:04:30,0.746252,1,1,1.0
2023-02-06 15:04:32,0.746701,1,1,1.0
2023-02-06 15:04:34,0.747442,1,1,1.0
2023-02-06 15:04:36,0.747865,1,1,1.0
2023-02-06 15:04:38,0.74789,1,1,1.0
2023-02-06 15:04:40,0.748189,1,1,1.0
2023-02-06 15:04:42,0.749168,1,1,1.0
2023-02-06 15:04:44,0.750231,1,1,1.0
2023-02-06 15:04:46,0.75044,1,1,1.0
2023-02-06 15:04:48,0.749502,1,1,1.0
2023-02-06 15:04:50,0.747687,1,1,1.0
2023-02-06 15:04:52,0.745168,1,1,1.0
2023-02-06 15:04:54,0.741979,1,1,1.0
2023-02-06 15:04:56,0.738875,1,1,1.0
2023-02-06 15:04:58,0.737287,1,1,1.0
2023-02-06 15:05:00,0.737546,1,1,1.0
2023-02-06 15:05:02,0.737186,1,1,1.0
2023-02-06 15:05:04,0.732317,1,1,1.0
2023-02-06 15:05:06,0.721346,1,1,1.0
2023-02-06 15:05:08,0.707473,1,1,1.0
2023-02-06 15:05:10,0.696684,1,1,1.0
2023-02-06 15:05:12,0.692711,1,1,1.0
2023-02-06 15:05:14,0.693867,1,1,1.0
2023-02-06 15:05:16,0.694989,1,1,1.0
2023-02-06 15:05:18,0.692571,1,1,1.0
2023-02-06 15:05:20,0.687963,1,1,1.0
2023-02-06 15:05:22,0.685485,1,1,1.0
2023-02-06 15:05:24,0.687441,1,1,1.0
2023-02-06 15:05:26,0.691396,1,1,1.0
2023-02-06 15:05:28,0.692865,1,1,1.0
2023-02-06 15:05:30,0.69072,1,1,1.0
2023-02-06 15:05:32,0.689252,1,1,1.0
2023-02-06 15:05:34,0.69413,1,1,1.0
2023-02-06 15:05:36,0.706337,1,1,1.0
2023-02-06 15:05:38,0.720778,1,1,1.0
2023-02-06 15:05:40,0.73121,1,1,1.0
2023-02-06 15:05:42,0.735787,1,1,1.0
2023-02-06 15:05:44,0.736966,1,1,1.0
2023-02-06 15:05:46,0.736543,1,1,1.0
2023-02-06 15:05:48,0.73266,1,1,1.0
2023-02-06 15:05:50,0.722673,1,1,1.0
2023-02-06 15:05:52,0.708086,1,1,1.0
2023-02-06 15:05:54,0.694835,1,1,1.0
2023-02-06 15:05:56,0.688033,1,1,1.0
2023-02-06 15:05:58,0.687278,1,1,1.0
2023-02-06 15:06:00,0.687851,1,1,1.0
2023-02-06 15:06:02,0.68604,1,1,1.0
2023-02-06 15:06:04,0.682359,1,1,1.0
2023-02-06 15:06:06,0.679682,1,1,1.0
2023-02-06 15:06:08,0.679428,1,1,1.0
2023-02-06 15:06:10,0.680308,1,1,1.0
2023-02-06 15:06:12,0.680373,1,1,1.0
2023-02-06 15:06:14,0.679225,1,1,1.0
2023-02-06 15:06:16,0.678048,1,1,1.0
2023-02-06 15:06:18,0.678091,1,1,1.0
2023-02-06 15:06:20,0.679578,1,1,1.0
2023-02-06 15:06:22,0.681857,1,1,1.0
2023-02-06 15:06:24,0.684009,1,1,1.0
2023-02-06 15:06:26,0.685345,1,1,1.0
2023-02-06 15:06:28,0.685799,1,1,1.0
2023-02-06 15:06:30,0.686168,1,1,1.0
2023-02-06 15:06:32,0.687772,1,1,1.0
2023-02-06 15:06:34,0.691068,1,1,1.0
2023-02-06 15:06:36,0.694558,1,1,1.0
2023-02-06 15:06:38,0.695877,1,1,1.0
2023-02-06 15:06:40,0.694524,1,1,1.0
2023-02-06 15:06:42,0.693655,1,1,1.0
2023-02-06 15:06:44,0.697827,1,1,1.0
2023-02-06 15:06:46,0.708518,1,1,1.0
2023-02-06 15:06:48,0.722043,1,1,1.0
2023-02-06 15:06:50,0.732606,1,1,1.0
2023-02-06 15:06:52,0.737215,1,1,1.0
2023-02-06 15:06:54,0.73742,1,1,1.0
2023-02-06 15:06:56,0.736633,1,1,1.0
2023-02-06 15:06:58,0.736929,1,1,1.0
2023-02-06 15:07:00,0.738701,1,1,1.0
2023-02-06 15:07:02,0.74184,1,1,1.0
2023-02-06 15:07:04,0.745541,1,1,1.0
2023-02-06 15:07:06,0.747501,1,1,1.0
2023-02-06 15:07:08,0.745582,1,1,1.0
2023-02-06 15:07:10,0.741079,1,1,1.0
2023-02-06 15:07:12,0.738423,1,1,1.0
2023-02-06 15:07:14,0.73971,1,1,1.0
2023-02-06 15:07:16,0.740589,1,1,1.0
2023-02-06 15:07:18,0.734101,1,1,1.0
2023-02-06 15:07:20,0.719535,1,1,1.0
2023-02-06 15:07:22,0.705126,1,1,1.0
2023-02-06 15:07:24,0.69984,1,1,1.0
2023-02-06 15:07:26,0.703431,1,1,1.0
2023-02-06 15:07:28,0.70729,1,1,1.0
2023-02-06 15:07:30,0.705418,1,1,1.0
2023-02-06 15:07:32,0.701972,1,1,1.0
2023-02-06 15:07:34,0.705883,1,1,1.0
2023-02-06 15:07:36,0.719157,1,1,1.0
2023-02-06 15:07:38,0.733357,1,1,1.0
2023-02-06 15:07:40,0.738537,1,1,1.0
2023-02-06 15:07:42,0.734047,1,1,1.0
2023-02-06 15:07:44,0.72862,1,1,1.0
2023-02-06 15:07:46,0.730545,1,1,1.0
2023-02-06 15:07:48,0.739181,1,1,1.0
2023-02-06 15:07:50,0.746939,1,1,1.0
2023-02-06 15:07:52,0.748114,1,1,1.0
2023-02-06 15:07:54,0.744613,1,1,1.0
2023-02-06 15:07:56,0.743593,1,1,1.0
2023-02-06 15:07:58,0.750411,1,1,1.0
2023-02-06 15:08:00,0.764203,1,1,1.0
2023-02-06 15:08:02,0.779321,1,1,1.0
2023-02-06 15:08:04,0.790115,1,1,1.0
2023-02-06 15:08:06,0.794596,1,1,1.0
2023-02-06 15:08:08,0.794726,1,1,1.0
2023-02-06 15:08:10,0.79408,1,1,1.0
2023-02-06 15:08:12,0.795074,1,1,1.0
2023-02-06 15:08:14,0.797572,1,1,1.0
2023-02-06 15:08:16,0.799531,1,1,1.0
2023-02-06 15:08:18,0.799326,1,1,1.0
2023-02-06 15:08:20,0.797472,1,1,1.0
2023-02-06 15:08:22,0.796168,1,1,1.0
2023-02-06 15:08:24,0.796488,1,1,1.0
2023-02-06 15:08:26,0.79677,1,1,1.0
2023-02-06 15:08:28,0.794218,1,1,1.0
2023-02-06 15:08:30,0.788529,1,1,1.0
2023-02-06 15:08:32,0.782595,1,1,1.0
2023-02-06 15:08:34,0.779363,1,1,1.0
2023-02-06 15:08:36,0.777841,1,1,1.0
2023-02-06 15:08:38,0.773923,1,1,1.0
2023-02-06 15:08:40,0.765437,1,1,1.0
2023-02-06 15:08:42,0.755402,1,1,1.0
2023-02-06 15:08:44,0.749202,1,1,1.0
2023-02-06 15:08:46,0.748775,1,1,1.0
2023-02-06 15:08:48,0.750761,1,1,1.0
2023-02-06 15:08:50,0.75069,1,1,1.0
2023-02-06 15:08:52,0.747935,1,1,1.0
2023-02-06 15:08:54,0.745521,1,1,1.0
2023-02-06 15:08:56,0.745729,1,1,1.0
2023-02-06 15:08:58,0.747087,1,1,1.0
2023-02-06 15:09:00,0.746353,1,1,1.0
2023-02-06 15:09:02,0.742623,1,1,1.0
2023-02-06 15:09:04,0.738407,1,1,1.0
2023-02-06 15:09:06,0.73667,1,1,1.0
2023-02-06 15:09:08,0.73757,1,1,1.0
2023-02-06 15:09:10,0.738445,1,1,1.0
2023-02-06 15:09:12,0.73655,1,1,1.0
2023-02-06 15:09:14,0.731367,1,1,1.0
2023-02-06 15:09:16,0.724297,1,1,1.0
2023-02-06 15:09:18,0.716846,1,1,1.0
2023-02-06 15:09:20,0.709653,1,1,1.0
2023-02-06 15:09:22,0.703089,1,1,1.0
2023-02-06 15:09:24,0.698043,1,1,1.0
2023-02-06 15:09:26,0.695458,1,1,1.0
2023-02-06 15:09:28,0.694873,1,1,1.0
2023-02-06 15:09:30,0.694395,1,1,1.0
2023-02-06 15:09:32,0.692336,1,1,1.0
2023-02-06 15:09:34,0.688907,1,1,1.0
2023-02-06 15:09:36,0.686076,1,1,1.0
2023-02-06 15:09:38,0.685422,1,1,1.0
2023-02-06 15:09:40,0.686443,1,1,1.0
2023-02-06 15:09:42,0.687167,1,1,1.0
2023-02-06 15:09:44,0.686245,1,1,1.0
2023-02-06 15:09:46,0.684107,1,1,1.0
2023-02-06 15:09:48,0.682186,1,1,1.0
2023-02-06 15:09:50,0.6814,1,1,1.0
2023-02-06 15:09:52,0.681603,1,1,1.0
2023-02-06 15:09:54,0.682209,1,1,1.0
2023-02-06 15:09:56,0.682862,1,1,1.0
2023-02-06 15:09:58,0.683406,1,1,1.0
2023-02-06 15:10:00,0.683748,1,1,1.0
2023-02-06 15:10:02,0.683956,1,1,1.0
2023-02-06 15:10:04,0.684326,1,1,1.0
2023-02-06 15:10:06,0.685066,1,1,1.0
2023-02-06 15:10:08,0.685837,1,1,1.0
2023-02-06 15:10:10,0.685983,1,1,1.0
2023-02-06 15:10:12,0.685183,1,1,1.0
2023-02-06 15:10:14,0.683966,1,1,1.0
2023-02-06 15:10:16,0.683024,1,1,1.0
2023-02-06 15:10:18,0.682436,1,1,1.0
2023-02-06 15:10:20,0.681899,1,1,1.0
2023-02-06 15:10:22,0.681602,1,1,1.0
2023-02-06 15:10:24,0.682182,1,1,1.0
2023-02-06 15:10:26,0.683429,1,1,1.0
2023-02-06 15:10:28,0.683629,1,1,1.0
2023-02-06 15:10:30,0.681233,1,1,1.0
2023-02-06 15:10:32,0.677397,1,1,1.0
2023-02-06 15:10:34,0.675702,1,1,1.0
2023-02-06 15:10:36,0.678133,1,1,1.0
2023-02-06 15:10:38,0.681435,1,1,1.0
2023-02-06 15:10:40,0.678861,1,1,1.0
2023-02-06 15:10:42,0.666865,1,1,1.0
2023-02-06 15:10:44,0.649822,1,1,1.0
2023-02-06 15:10:46,0.637068,1,1,1.0
2023-02-06 15:10:48,0.634452,1,1,1.0
2023-02-06 15:10:50,0.639127,1,1,1.0
2023-02-06 15:10:52,0.643155,1,1,1.0
2023-02-06 15:10:54,0.642087,1,1,1.0
2023-02-06 15:10:56,0.639332,1,1,1.0
2023-02-06 15:10:58,0.641903,1,1,1.0
2023-02-06 15:11:00,0.65256,1,1,1.0
2023-02-06 15:11:02,0.666764,1,1,1.0
2023-02-06 15:11:04,0.677176,1,1,1.0
2023-02-06 15:11:06,0.68034,1,1,1.0
2023-02-06 15:11:08,0.67877,1,1,1.0
2023-02-06 15:11:10,0.67717,1,1,1.0
2023-02-06 15:11:12,0.677836,1,1,1.0
2023-02-06 15:11:14,0.679641,1,1,1.0
