timestamp,i3_photoresistor_baseband,i3_photoresistor_fm_demodulated,current_state_binary
2023-02-06 14:08:10,0.018089,0.823162,1.0
2023-02-06 14:08:12,0.017886,0.652413,1.0
2023-02-06 14:08:14,0.017739,0.701442,1.0
2023-02-06 14:08:16,0.017924,0.735358,1.0
2023-02-06 14:08:18,0.0183,0.694975,1.0
2023-02-06 14:08:20,0.018297,0.720078,1.0
2023-02-06 14:08:22,0.017672,0.692098,1.0
2023-02-06 14:08:24,0.017185,0.707788,1.0
2023-02-06 14:08:26,0.017808,0.706701,1.0
2023-02-06 14:08:28,0.019051,0.688947,1.0
2023-02-06 14:08:30,0.01904,0.726114,1.0
2023-02-06 14:08:32,0.017162,0.704809,1.0
2023-02-06 14:08:34,0.015768,0.694586,1.0
2023-02-06 14:08:36,0.017479,0.705485,1.0
2023-02-06 14:08:38,0.020769,0.712192,1.0
2023-02-06 14:08:40,0.020738,0.717261,1.0
2023-02-06 14:08:42,0.015988,0.691048,1.0
2023-02-06 14:08:44,0.012506,0.716792,1.0
2023-02-06 14:08:46,0.016818,0.716541,1.0
2023-02-06 14:08:48,0.025252,0.694837,1.0
2023-02-06 14:08:50,0.025165,0.711942,1.0
2023-02-06 14:08:52,0.011456,0.687036,1.0
2023-02-06 14:08:54,0.0,0.713936,1.0
2023-02-06 14:08:56,0.017816,0.739715,1.0
2023-02-06 14:08:58,0.075583,0.732239,1.0
2023-02-06 14:09:00,0.151967,0.759844,1.0
2023-02-06 14:09:02,0.209563,0.761234,1.0
2023-02-06 14:09:04,0.227478,0.751088,1.0
2023-02-06 14:09:06,0.216638,0.76131,1.0
2023-02-06 14:09:08,0.2037,0.743803,1.0
2023-02-06 14:09:10,0.203998,0.758817,1.0
2023-02-06 14:09:12,0.212406,0.782463,1.0
2023-02-06 14:09:14,0.216763,0.753655,1.0
2023-02-06 14:09:16,0.213651,0.757602,1.0
2023-02-06 14:09:18,0.209066,0.778564,1.0
2023-02-06 14:09:20,0.208298,0.753833,1.0
2023-02-06 14:09:22,0.210135,0.757944,1.0
2023-02-06 14:09:24,0.21088,0.772981,1.0
2023-02-06 14:09:26,0.210007,0.752014,1.0
2023-02-06 14:09:28,0.209721,0.760491,1.0
2023-02-06 14:09:30,0.210854,0.767406,1.0
2023-02-06 14:09:32,0.21178,0.746436,1.0
2023-02-06 14:09:34,0.21122,0.755878,1.0
2023-02-06 14:09:36,0.21013,0.76187,1.0
2023-02-06 14:09:38,0.210103,0.759988,1.0
2023-02-06 14:09:40,0.211099,0.768226,1.0
2023-02-06 14:09:42,0.211773,0.755257,1.0
2023-02-06 14:09:44,0.211498,0.76043,1.0
2023-02-06 14:09:46,0.211059,0.770631,1.0
2023-02-06 14:09:48,0.211355,0.741399,1.0
2023-02-06 14:09:50,0.212204,0.749151,1.0
2023-02-06 14:09:52,0.212591,0.774015,1.0
2023-02-06 14:09:54,0.212478,0.757808,1.0
2023-02-06 14:09:56,0.212652,0.760114,1.0
2023-02-06 14:09:58,0.213602,0.766163,1.0
2023-02-06 14:10:00,0.214725,0.744393,1.0
2023-02-06 14:10:02,0.214908,0.766825,1.0
2023-02-06 14:10:04,0.213815,0.778137,1.0
2023-02-06 14:10:06,0.212359,0.743276,1.0
2023-02-06 14:10:08,0.211782,0.750786,1.0
2023-02-06 14:10:10,0.21244,0.775814,1.0
2023-02-06 14:10:12,0.213589,0.762992,1.0
2023-02-06 14:10:14,0.214258,0.756386,1.0
2023-02-06 14:10:16,0.214193,0.760573,1.0
2023-02-06 14:10:18,0.213882,0.755619,1.0
2023-02-06 14:10:20,0.213908,0.7608,1.0
2023-02-06 14:10:22,0.214382,0.770523,1.0
2023-02-06 14:10:24,0.214986,0.772799,1.0
2023-02-06 14:10:26,0.21534,0.765914,1.0
2023-02-06 14:10:28,0.215259,0.756884,1.0
2023-02-06 14:10:30,0.214773,0.762513,1.0
2023-02-06 14:10:32,0.214003,0.762957,1.0
2023-02-06 14:10:34,0.213119,0.751178,1.0
2023-02-06 14:10:36,0.212324,0.757228,1.0
2023-02-06 14:10:38,0.211813,0.765214,1.0
2023-02-06 14:10:40,0.211693,0.754509,1.0
2023-02-06 14:10:42,0.211938,0.751984,1.0
2023-02-06 14:10:44,0.212367,0.763525,1.0
2023-02-06 14:10:46,0.21268,0.764607,1.0
2023-02-06 14:10:48,0.212571,0.752938,1.0
2023-02-06 14:10:50,0.211937,0.752413,1.0
2023-02-06 14:10:52,0.211062,0.769356,1.0
2023-02-06 14:10:54,0.210492,0.769155,1.0
2023-02-06 14:10:56,0.210586,0.751089,1.0
2023-02-06 14:10:58,0.211089,0.756994,1.0
2023-02-06 14:11:00,0.211307,0.769757,1.0
2023-02-06 14:11:02,0.210744,0.762602,1.0
2023-02-06 14:11:04,0.209625,0.756117,1.0
2023-02-06 14:11:06,0.208722,0.760856,1.0
2023-02-06 14:11:08,0.208632,0.764841,1.0
2023-02-06 14:11:10,0.209207,0.763045,1.0
2023-02-06 14:11:12,0.20983,0.752774,1.0
2023-02-06 14:11:14,0.210092,0.748482,1.0
2023-02-06 14:11:16,0.210122,0.757606,1.0
2023-02-06 14:11:18,0.210245,0.759205,1.0
2023-02-06 14:11:20,0.21049,0.752509,1.0
2023-02-06 14:11:22,0.210575,0.756495,1.0
2023-02-06 14:11:24,0.210322,0.770312,1.0
2023-02-06 14:11:26,0.209891,0.776177,1.0
2023-02-06 14:11:28,0.209481,0.760881,1.0
2023-02-06 14:11:30,0.208983,0.743016,1.0
2023-02-06 14:11:32,0.208143,0.759578,1.0
2023-02-06 14:11:34,0.207028,0.770393,1.0
2023-02-06 14:11:36,0.206009,0.74977,1.0
2023-02-06 14:11:38,0.205149,0.753004,1.0
2023-02-06 14:11:40,0.20393,0.77535,1.0
2023-02-06 14:11:42,0.20199,0.753544,1.0
2023-02-06 14:11:44,0.200026,0.733852,1.0
2023-02-06 14:11:46,0.199436,0.765081,1.0
2023-02-06 14:11:48,0.2005,0.769889,1.0
2023-02-06 14:11:50,0.201164,0.753408,1.0
2023-02-06 14:11:52,0.198394,0.757132,1.0
2023-02-06 14:11:54,0.191131,0.751178,1.0
2023-02-06 14:11:56,0.181916,0.743642,1.0
2023-02-06 14:11:58,0.17501,0.758292,1.0
2023-02-06 14:12:00,0.172705,0.750892,1.0
2023-02-06 14:12:02,0.173518,0.744291,1.0
2023-02-06 14:12:04,0.174108,0.7589,1.0
2023-02-06 14:12:06,0.17271,0.748098,1.0
2023-02-06 14:12:08,0.170443,0.731181,1.0
2023-02-06 14:12:10,0.169384,0.747063,1.0
2023-02-06 14:12:12,0.169945,0.756049,1.0
2023-02-06 14:12:14,0.170491,0.749085,1.0
2023-02-06 14:12:16,0.169421,0.741936,1.0
2023-02-06 14:12:18,0.167179,0.753324,1.0
2023-02-06 14:12:20,0.165686,0.765417,1.0
2023-02-06 14:12:22,0.165923,0.745029,1.0
2023-02-06 14:12:24,0.166593,0.733808,1.0
2023-02-06 14:12:26,0.165607,0.750053,1.0
2023-02-06 14:12:28,0.162755,0.739359,1.0
2023-02-06 14:12:30,0.160264,0.742937,1.0
2023-02-06 14:12:32,0.160173,0.758401,1.0
2023-02-06 14:12:34,0.161279,0.734398,1.0
2023-02-06 14:12:36,0.159568,0.728326,1.0
2023-02-06 14:12:38,0.152457,0.745419,1.0
2023-02-06 14:12:40,0.142355,0.733819,1.0
2023-02-06 14:12:42,0.135068,0.747515,1.0
2023-02-06 14:12:44,0.134015,0.753562,1.0
2023-02-06 14:12:46,0.13662,0.724995,1.0
2023-02-06 14:12:48,0.137359,0.737926,1.0
2023-02-06 14:12:50,0.134342,0.745056,1.0
2023-02-06 14:12:52,0.131856,0.726999,1.0
2023-02-06 14:12:54,0.135401,0.748384,1.0
2023-02-06 14:12:56,0.144702,0.757506,1.0
2023-02-06 14:12:58,0.152866,0.738955,1.0
2023-02-06 14:13:00,0.153027,0.737748,1.0
2023-02-06 14:13:02,0.145225,0.745576,1.0
2023-02-06 14:13:04,0.135936,0.741404,1.0
2023-02-06 14:13:06,0.131365,0.733196,1.0
2023-02-06 14:13:08,0.132005,0.737204,1.0
2023-02-06 14:13:10,0.133857,0.748328,1.0
2023-02-06 14:13:12,0.133634,0.739812,1.0
2023-02-06 14:13:14,0.131652,0.731438,1.0
2023-02-06 14:13:16,0.130027,0.744258,1.0
2023-02-06 14:13:18,0.129543,0.735101,1.0
2023-02-06 14:13:20,0.129179,0.720452,1.0
2023-02-06 14:13:22,0.128026,0.74477,1.0
2023-02-06 14:13:24,0.126589,0.74693,1.0
2023-02-06 14:13:26,0.126027,0.722047,1.0
2023-02-06 14:13:28,0.126666,0.74233,1.0
2023-02-06 14:13:30,0.127641,0.749531,1.0
2023-02-06 14:13:32,0.127756,0.708854,1.0
2023-02-06 14:13:34,0.126363,0.730041,1.0
2023-02-06 14:13:36,0.123844,0.754031,1.0
2023-02-06 14:13:38,0.121538,0.7198,1.0
2023-02-06 14:13:40,0.120887,0.729766,1.0
2023-02-06 14:13:42,0.12196,0.754259,1.0
2023-02-06 14:13:44,0.122619,0.727797,1.0
2023-02-06 14:13:46,0.119802,0.726154,1.0
2023-02-06 14:13:48,0.112341,0.740659,1.0
2023-02-06 14:13:50,0.10254,0.722672,1.0
2023-02-06 14:13:52,0.094623,0.718552,1.0
2023-02-06 14:13:54,0.091282,0.721796,1.0
2023-02-06 14:13:56,0.091654,0.719873,1.0
2023-02-06 14:13:58,0.092873,0.724447,1.0
2023-02-06 14:14:00,0.092909,0.729074,1.0
2023-02-06 14:14:02,0.091784,0.741935,1.0
2023-02-06 14:14:04,0.090496,0.736915,1.0
2023-02-06 14:14:06,0.089526,0.726221,1.0
2023-02-06 14:14:08,0.088729,0.73385,1.0
2023-02-06 14:14:10,0.088105,0.713961,1.0
2023-02-06 14:14:12,0.087853,0.710065,1.0
2023-02-06 14:14:14,0.087733,0.735168,1.0
2023-02-06 14:14:16,0.087074,0.720605,1.0
2023-02-06 14:14:18,0.08559,0.714501,1.0
2023-02-06 14:14:20,0.084024,0.729285,1.0
2023-02-06 14:14:22,0.083369,0.727717,1.0
2023-02-06 14:14:24,0.083567,0.738007,1.0
2023-02-06 14:14:26,0.083579,0.739689,1.0
2023-02-06 14:14:28,0.082838,0.724643,1.0
2023-02-06 14:14:30,0.082056,0.717089,1.0
2023-02-06 14:14:32,0.08215,0.705459,1.0
2023-02-06 14:14:34,0.08266,0.718394,1.0
2023-02-06 14:14:36,0.081914,0.73968,1.0
2023-02-06 14:14:38,0.078942,0.728303,1.0
2023-02-06 14:14:40,0.07489,0.708825,1.0
2023-02-06 14:14:42,0.072245,0.714171,1.0
2023-02-06 14:14:44,0.072675,0.728627,1.0
2023-02-06 14:14:46,0.07576,0.72278,1.0
2023-02-06 14:14:48,0.079432,0.713656,1.0
2023-02-06 14:14:50,0.081408,0.732072,1.0
2023-02-06 14:14:52,0.080349,0.725296,1.0
2023-02-06 14:14:54,0.076496,0.706874,1.0
2023-02-06 14:14:56,0.071527,0.732178,1.0
2023-02-06 14:14:58,0.067562,0.727775,1.0
2023-02-06 14:15:00,0.06564,0.697288,1.0
2023-02-06 14:15:02,0.064934,0.719636,1.0
2023-02-06 14:15:04,0.063661,0.723585,1.0
2023-02-06 14:15:06,0.060903,0.707912,1.0
2023-02-06 14:15:08,0.057458,0.731116,1.0
2023-02-06 14:15:10,0.054821,0.734026,1.0
2023-02-06 14:15:12,0.053551,0.706542,1.0
2023-02-06 14:15:14,0.052893,0.712041,1.0
2023-02-06 14:15:16,0.051892,0.727591,1.0
2023-02-06 14:15:18,0.050502,0.713988,1.0
2023-02-06 14:15:20,0.049521,0.70686,1.0
2023-02-06 14:15:22,0.049495,0.721335,1.0
2023-02-06 14:15:24,0.049974,0.717285,1.0
2023-02-06 14:15:26,0.049875,0.70472,1.0
2023-02-06 14:15:28,0.048704,0.712237,1.0
2023-02-06 14:15:30,0.047182,0.712526,1.0
2023-02-06 14:15:32,0.046724,0.708274,1.0
2023-02-06 14:15:34,0.048074,0.722091,1.0
2023-02-06 14:15:36,0.05026,0.722719,1.0
2023-02-06 14:15:38,0.051328,0.708882,1.0
2023-02-06 14:15:40,0.050121,0.723258,1.0
2023-02-06 14:15:42,0.047467,0.731727,1.0
2023-02-06 14:15:44,0.045359,0.703527,1.0
2023-02-06 14:15:46,0.044895,0.702054,1.0
2023-02-06 14:15:48,0.045253,0.719977,1.0
2023-02-06 14:15:50,0.044872,0.709851,1.0
2023-02-06 14:15:52,0.043425,0.712702,1.0
2023-02-06 14:15:54,0.042273,0.707624,1.0
2023-02-06 14:15:56,0.042732,0.700064,1.0
2023-02-06 14:15:58,0.043837,0.722052,1.0
2023-02-06 14:16:00,0.042561,0.705159,1.0
2023-02-06 14:16:02,0.036687,0.705219,1.0
2023-02-06 14:16:04,0.027673,0.729381,1.0
2023-02-06 14:16:06,0.020385,0.701666,1.0
2023-02-06 14:16:08,0.019111,0.706801,1.0
2023-02-06 14:16:10,0.023592,0.711429,1.0
2023-02-06 14:16:12,0.029017,0.683047,1.0
2023-02-06 14:16:14,0.030364,0.724866,1.0
2023-02-06 14:16:16,0.026786,0.729368,1.0
2023-02-06 14:16:18,0.021751,0.682143,1.0
2023-02-06 14:16:20,0.019167,0.687432,1.0
2023-02-06 14:16:22,0.019825,0.693113,1.0
2023-02-06 14:16:24,0.021652,0.719994,1.0
2023-02-06 14:16:26,0.02248,0.737454,1.0
2023-02-06 14:16:28,0.021894,0.70986,1.0
2023-02-06 14:16:30,0.020683,0.710556,1.0
2023-02-06 14:16:32,0.019567,0.704389,1.0
2023-02-06 14:16:34,0.018957,0.683196,1.0
2023-02-06 14:16:36,0.019143,0.711621,1.0
2023-02-06 14:16:38,0.019921,0.716126,1.0
2023-02-06 14:16:40,0.020298,0.710595,1.0
2023-02-06 14:16:42,0.019521,0.706755,1.0
2023-02-06 14:16:44,0.018526,0.702167,1.0
2023-02-06 14:16:46,0.01944,0.717203,1.0
2023-02-06 14:16:48,0.022962,0.707887,1.0
2023-02-06 14:16:50,0.026795,0.700787,1.0
2023-02-06 14:16:52,0.027766,0.710608,1.0
2023-02-06 14:16:54,0.025626,0.697018,1.0
2023-02-06 14:16:56,0.023953,0.707629,1.0
2023-02-06 14:16:58,0.026494,0.721215,1.0
2023-02-06 14:17:00,0.03318,0.708012,1.0
2023-02-06 14:17:02,0.040295,0.711213,1.0
2023-02-06 14:17:04,0.044383,0.7163,1.0
2023-02-06 14:17:06,0.045248,0.710763,1.0
2023-02-06 14:17:08,0.045096,0.720863,1.0
2023-02-06 14:17:10,0.045513,0.718213,1.0
2023-02-06 14:17:12,0.046286,0.705353,1.0
2023-02-06 14:17:14,0.046768,0.723419,1.0
2023-02-06 14:17:16,0.047274,0.725014,1.0
2023-02-06 14:17:18,0.048518,0.704407,1.0
2023-02-06 14:17:20,0.050248,0.721272,1.0
2023-02-06 14:17:22,0.051312,0.718543,1.0
2023-02-06 14:17:24,0.051284,0.693359,1.0
2023-02-06 14:17:26,0.051219,0.718879,1.0
2023-02-06 14:17:28,0.052402,0.713192,1.0
2023-02-06 14:17:30,0.054556,0.703122,1.0
2023-02-06 14:17:32,0.056069,0.736249,1.0
2023-02-06 14:17:34,0.056158,0.732832,1.0
2023-02-06 14:17:36,0.056299,0.711705,1.0
2023-02-06 14:17:38,0.058995,0.711758,1.0
2023-02-06 14:17:40,0.065067,0.716542,1.0
2023-02-06 14:17:42,0.072597,0.722678,1.0
2023-02-06 14:17:44,0.078627,0.722918,1.0
2023-02-06 14:17:46,0.081749,0.728221,1.0
2023-02-06 14:17:48,0.082697,0.72141,1.0
2023-02-06 14:17:50,0.083056,0.719109,1.0
2023-02-06 14:17:52,0.08383,0.749364,1.0
2023-02-06 14:17:54,0.08529,0.737999,1.0
2023-02-06 14:17:56,0.087293,0.69846,1.0
2023-02-06 14:17:58,0.089265,0.722968,1.0
2023-02-06 14:18:00,0.090373,0.729264,1.0
2023-02-06 14:18:02,0.09046,0.714469,1.0
2023-02-06 14:18:04,0.091009,0.721313,1.0
2023-02-06 14:18:06,0.094402,0.737351,1.0
2023-02-06 14:18:08,0.101561,0.753519,1.0
2023-02-06 14:18:10,0.110442,0.731173,1.0
2023-02-06 14:18:12,0.117441,0.71157,1.0
2023-02-06 14:18:14,0.120495,0.74836,1.0
2023-02-06 14:18:16,0.120634,0.741205,1.0
2023-02-06 14:18:18,0.120547,0.723413,1.0
2023-02-06 14:18:20,0.121952,0.744632,1.0
2023-02-06 14:18:22,0.124447,0.739553,1.0
2023-02-06 14:18:24,0.126566,0.721621,1.0
2023-02-06 14:18:26,0.127493,0.728215,1.0
2023-02-06 14:18:28,0.127759,0.74351,1.0
2023-02-06 14:18:30,0.128536,0.745382,1.0
2023-02-06 14:18:32,0.130326,0.730189,1.0
2023-02-06 14:18:34,0.132291,0.742293,1.0
2023-02-06 14:18:36,0.133062,0.750642,1.0
2023-02-06 14:18:38,0.132418,0.733264,1.0
2023-02-06 14:18:40,0.132214,0.742959,1.0
2023-02-06 14:18:42,0.135107,0.737395,1.0
2023-02-06 14:18:44,0.14192,0.729828,1.0
2023-02-06 14:18:46,0.1504,0.761844,1.0
2023-02-06 14:18:48,0.156936,0.749368,1.0
2023-02-06 14:18:50,0.159654,0.730475,1.0
2023-02-06 14:18:52,0.159658,0.762517,1.0
2023-02-06 14:18:54,0.15938,0.745197,1.0
2023-02-06 14:18:56,0.160154,0.730674,1.0
2023-02-06 14:18:58,0.161569,0.763189,1.0
2023-02-06 14:19:00,0.162625,0.748853,1.0
2023-02-06 14:19:02,0.162851,0.725606,1.0
2023-02-06 14:19:04,0.162377,0.744903,1.0
2023-02-06 14:19:06,0.161478,0.752445,1.0
2023-02-06 14:19:08,0.160579,0.758666,1.0
2023-02-06 14:19:10,0.160313,0.753441,1.0
2023-02-06 14:19:12,0.161076,0.739215,1.0
2023-02-06 14:19:14,0.162533,0.745303,1.0
2023-02-06 14:19:16,0.163664,0.735395,1.0
2023-02-06 14:19:18,0.163813,0.740729,1.0
2023-02-06 14:19:20,0.1634,0.760387,1.0
2023-02-06 14:19:22,0.163418,0.742575,1.0
2023-02-06 14:19:24,0.164298,0.746658,1.0
2023-02-06 14:19:26,0.165433,0.768402,1.0
2023-02-06 14:19:28,0.165892,0.742297,1.0
2023-02-06 14:19:30,0.16553,0.725848,1.0
2023-02-06 14:19:32,0.165187,0.749522,1.0
2023-02-06 14:19:34,0.165746,0.757322,1.0
2023-02-06 14:19:36,0.1671,0.748934,1.0
2023-02-06 14:19:38,0.16828,0.719942,1.0
2023-02-06 14:19:40,0.168771,0.741278,1.0
2023-02-06 14:19:42,0.169266,0.780489,1.0
2023-02-06 14:19:44,0.17073,0.755713,1.0
2023-02-06 14:19:46,0.172783,0.726834,1.0
2023-02-06 14:19:48,0.173627,0.75731,1.0
2023-02-06 14:19:50,0.172206,0.752348,1.0
2023-02-06 14:19:52,0.170179,0.739271,1.0
2023-02-06 14:19:54,0.170765,0.755686,1.0
2023-02-06 14:19:56,0.175125,0.756238,1.0
2023-02-06 14:19:58,0.180384,0.749911,1.0
2023-02-06 14:20:00,0.182071,0.74571,1.0
2023-02-06 14:20:02,0.17868,0.742293,1.0
2023-02-06 14:20:04,0.173279,0.752653,1.0
2023-02-06 14:20:06,0.170319,0.75499,1.0
2023-02-06 14:20:08,0.171252,0.746666,1.0
2023-02-06 14:20:10,0.173694,0.746548,1.0
2023-02-06 14:20:12,0.174544,0.754375,1.0
2023-02-06 14:20:14,0.173173,0.762319,1.0
2023-02-06 14:20:16,0.171332,0.749348,1.0
2023-02-06 14:20:18,0.17062,0.72825,1.0
2023-02-06 14:20:20,0.170884,0.743188,1.0
2023-02-06 14:20:22,0.170966,0.752136,1.0
2023-02-06 14:20:24,0.170321,0.748632,1.0
2023-02-06 14:20:26,0.16946,0.755094,1.0
2023-02-06 14:20:28,0.169061,0.747008,1.0
2023-02-06 14:20:30,0.169173,0.738733,1.0
2023-02-06 14:20:32,0.169398,0.754042,1.0
2023-02-06 14:20:34,0.169505,0.75566,1.0
2023-02-06 14:20:36,0.169639,0.754619,1.0
2023-02-06 14:20:38,0.169968,0.768103,1.0
2023-02-06 14:20:40,0.170389,0.759767,1.0
2023-02-06 14:20:42,0.170656,0.722513,1.0
2023-02-06 14:20:44,0.170695,0.72028,1.0
2023-02-06 14:20:46,0.170635,0.757506,1.0
2023-02-06 14:20:48,0.170548,0.764785,1.0
2023-02-06 14:20:50,0.170253,0.73731,1.0
2023-02-06 14:20:52,0.169569,0.73578,1.0
2023-02-06 14:20:54,0.168817,0.760982,1.0
2023-02-06 14:20:56,0.168646,0.757846,1.0
2023-02-06 14:20:58,0.169402,0.745119,1.0
2023-02-06 14:21:00,0.170621,0.744107,1.0
2023-02-06 14:21:02,0.171343,0.745647,1.0
2023-02-06 14:21:04,0.171082,0.744813,1.0
2023-02-06 14:21:06,0.170314,0.736899,1.0
2023-02-06 14:21:08,0.169879,0.741591,1.0
2023-02-06 14:21:10,0.17,0.762116,1.0
2023-02-06 14:21:12,0.170071,0.76157,1.0
2023-02-06 14:21:14,0.169505,0.743153,1.0
2023-02-06 14:21:16,0.168498,0.747238,1.0
2023-02-06 14:21:18,0.167768,0.758714,1.0
2023-02-06 14:21:20,0.167744,0.749671,1.0
2023-02-06 14:21:22,0.168082,0.74478,1.0
2023-02-06 14:21:24,0.168002,0.753915,1.0
2023-02-06 14:21:26,0.167205,0.747119,1.0
2023-02-06 14:21:28,0.166232,0.738554,1.0
2023-02-06 14:21:30,0.165867,0.746382,1.0
2023-02-06 14:21:32,0.166206,0.741708,1.0
2023-02-06 14:21:34,0.166454,0.744885,1.0
2023-02-06 14:21:36,0.165859,0.762204,1.0
2023-02-06 14:21:38,0.164867,0.74757,1.0
2023-02-06 14:21:40,0.164806,0.736023,1.0
2023-02-06 14:21:42,0.166018,0.761425,1.0
2023-02-06 14:21:44,0.16669,0.75923,1.0
2023-02-06 14:21:46,0.16466,0.735113,1.0
2023-02-06 14:21:48,0.160683,0.731398,1.0
2023-02-06 14:21:50,0.158776,0.737731,1.0
2023-02-06 14:21:52,0.161595,0.748947,1.0
2023-02-06 14:21:54,0.166161,0.753313,1.0
2023-02-06 14:21:56,0.166231,0.741806,1.0
2023-02-06 14:21:58,0.160239,0.743574,1.0
2023-02-06 14:22:00,0.155475,0.748616,1.0
2023-02-06 14:22:02,0.161569,0.74812,1.0
2023-02-06 14:22:04,0.179077,0.76608,1.0
2023-02-06 14:22:06,0.19641,0.771511,1.0
2023-02-06 14:22:08,0.200058,0.751752,1.0
2023-02-06 14:22:10,0.187794,0.741877,1.0
2023-02-06 14:22:12,0.170382,0.749039,1.0
2023-02-06 14:22:14,0.160495,0.752627,1.0
2023-02-06 14:22:16,0.161462,0.74631,1.0
2023-02-06 14:22:18,0.167142,0.741853,1.0
2023-02-06 14:22:20,0.170544,0.756784,1.0
2023-02-06 14:22:22,0.170132,0.755023,1.0
2023-02-06 14:22:24,0.168403,0.725646,1.0
2023-02-06 14:22:26,0.167447,0.742976,1.0
2023-02-06 14:22:28,0.167783,0.765613,1.0
2023-02-06 14:22:30,0.169928,0.736963,1.0
2023-02-06 14:22:32,0.174326,0.731844,1.0
2023-02-06 14:22:34,0.179338,0.767426,1.0
2023-02-06 14:22:36,0.181391,0.764516,1.0
2023-02-06 14:22:38,0.178636,0.739765,1.0
2023-02-06 14:22:40,0.173655,0.747383,1.0
2023-02-06 14:22:42,0.171028,0.759325,1.0
2023-02-06 14:22:44,0.172217,0.749788,1.0
2023-02-06 14:22:46,0.174255,0.742872,1.0
2023-02-06 14:22:48,0.174034,0.75005,1.0
2023-02-06 14:22:50,0.172684,0.75275,1.0
2023-02-06 14:22:52,0.17441,0.746385,1.0
2023-02-06 14:22:54,0.181379,0.75529,1.0
2023-02-06 14:22:56,0.190805,0.770539,1.0
2023-02-06 14:22:58,0.197681,0.755522,1.0
2023-02-06 14:23:00,0.199765,0.738066,1.0
2023-02-06 14:23:02,0.199096,0.763473,1.0
2023-02-06 14:23:04,0.198911,0.768942,1.0
2023-02-06 14:23:06,0.20024,0.746949,1.0
2023-02-06 14:23:08,0.201729,0.746114,1.0
2023-02-06 14:23:10,0.202117,0.75066,1.0
2023-02-06 14:23:12,0.201989,0.745993,1.0
2023-02-06 14:23:14,0.202866,0.75552,1.0
2023-02-06 14:23:16,0.205097,0.768619,1.0
2023-02-06 14:23:18,0.20729,0.777338,1.0
2023-02-06 14:23:20,0.207948,0.772785,1.0
2023-02-06 14:23:22,0.207404,0.750557,1.0
2023-02-06 14:23:24,0.207609,0.752955,1.0
2023-02-06 14:23:26,0.209898,0.764047,1.0
2023-02-06 14:23:28,0.213202,0.749449,1.0
2023-02-06 14:23:30,0.215061,0.749608,1.0
2023-02-06 14:23:32,0.214411,0.762202,1.0
2023-02-06 14:23:34,0.213376,0.756107,1.0
2023-02-06 14:23:36,0.215668,0.765284,1.0
2023-02-06 14:23:38,0.222935,0.781249,1.0
2023-02-06 14:23:40,0.232804,0.772087,1.0
2023-02-06 14:23:42,0.240709,0.761247,1.0
2023-02-06 14:23:44,0.243872,0.763397,1.0
2023-02-06 14:23:46,0.24321,0.772229,1.0
2023-02-06 14:23:48,0.241904,0.781733,1.0
2023-02-06 14:23:50,0.242171,0.771262,1.0
2023-02-06 14:23:52,0.243803,0.760758,1.0
2023-02-06 14:23:54,0.245311,0.7724,1.0
2023-02-06 14:23:56,0.24596,0.769496,1.0
2023-02-06 14:23:58,0.246417,0.771464,1.0
2023-02-06 14:24:00,0.247729,0.784307,1.0
2023-02-06 14:24:02,0.250021,0.755647,1.0
2023-02-06 14:24:04,0.252248,0.741432,1.0
2023-02-06 14:24:06,0.253088,0.785596,1.0
2023-02-06 14:24:08,0.252162,0.787235,1.0
2023-02-06 14:24:10,0.250629,0.76173,1.0
2023-02-06 14:24:12,0.250521,0.778089,1.0
2023-02-06 14:24:14,0.252982,0.78528,1.0
2023-02-06 14:24:16,0.256821,0.772052,1.0
2023-02-06 14:24:18,0.259153,0.777718,1.0
2023-02-06 14:24:20,0.258144,0.769651,1.0
2023-02-06 14:24:22,0.255377,0.758644,1.0
2023-02-06 14:24:24,0.254853,0.779338,1.0
2023-02-06 14:24:26,0.259045,0.785691,1.0
2023-02-06 14:24:28,0.266042,0.777863,1.0
2023-02-06 14:24:30,0.271204,0.778288,1.0
2023-02-06 14:24:32,0.271914,0.766682,1.0
2023-02-06 14:24:34,0.270397,0.766306,1.0
2023-02-06 14:24:36,0.271179,0.783828,1.0
2023-02-06 14:24:38,0.276055,0.772839,1.0
2023-02-06 14:24:40,0.282146,0.766952,1.0
2023-02-06 14:24:42,0.285166,0.800144,1.0
2023-02-06 14:24:44,0.284058,0.803053,1.0
2023-02-06 14:24:46,0.281821,0.771847,1.0
2023-02-06 14:24:48,0.281896,0.763688,1.0
2023-02-06 14:24:50,0.284484,0.773017,1.0
2023-02-06 14:24:52,0.286817,0.777962,1.0
2023-02-06 14:24:54,0.286627,0.786635,1.0
2023-02-06 14:24:56,0.28462,0.782193,1.0
2023-02-06 14:24:58,0.2834,0.769048,1.0
2023-02-06 14:25:00,0.284461,0.775896,1.0
2023-02-06 14:25:02,0.286734,0.787579,1.0
2023-02-06 14:25:04,0.287982,0.79306,1.0
2023-02-06 14:25:06,0.287189,0.790737,1.0
2023-02-06 14:25:08,0.285369,0.773489,1.0
2023-02-06 14:25:10,0.284252,0.769319,1.0
2023-02-06 14:25:12,0.284528,0.790964,1.0
2023-02-06 14:25:14,0.285434,0.793116,1.0
2023-02-06 14:25:16,0.285869,0.776132,1.0
2023-02-06 14:25:18,0.285579,0.777813,1.0
2023-02-06 14:25:20,0.285231,0.784796,1.0
2023-02-06 14:25:22,0.285478,0.773812,1.0
2023-02-06 14:25:24,0.286346,0.766449,1.0
2023-02-06 14:25:26,0.287268,0.774176,1.0
2023-02-06 14:25:28,0.287856,0.784394,1.0
2023-02-06 14:25:30,0.288093,0.796985,1.0
2023-02-06 14:25:32,0.28821,0.794757,1.0
2023-02-06 14:25:34,0.288387,0.769285,1.0
2023-02-06 14:25:36,0.288767,0.770492,1.0
2023-02-06 14:25:38,0.289485,0.796374,1.0
2023-02-06 14:25:40,0.290488,0.784796,1.0
2023-02-06 14:25:42,0.291399,0.764836,1.0
2023-02-06 14:25:44,0.291848,0.796131,1.0
2023-02-06 14:25:46,0.291955,0.803657,1.0
2023-02-06 14:25:48,0.292247,0.775857,1.0
2023-02-06 14:25:50,0.29295,0.776732,1.0
2023-02-06 14:25:52,0.293495,0.782941,1.0
2023-02-06 14:25:54,0.293176,0.760394,1.0
2023-02-06 14:25:56,0.292188,0.77882,1.0
2023-02-06 14:25:58,0.291661,0.805559,1.0
2023-02-06 14:26:00,0.292399,0.780544,1.0
2023-02-06 14:26:02,0.293798,0.771009,1.0
2023-02-06 14:26:04,0.294406,0.796331,1.0
2023-02-06 14:26:06,0.293599,0.782897,1.0
2023-02-06 14:26:08,0.292306,0.757942,1.0
2023-02-06 14:26:10,0.291792,0.783537,1.0
2023-02-06 14:26:12,0.292098,0.797943,1.0
2023-02-06 14:26:14,0.292154,0.784152,1.0
2023-02-06 14:26:16,0.291329,0.785495,1.0
2023-02-06 14:26:18,0.290252,0.788276,1.0
2023-02-06 14:26:20,0.289746,0.772724,1.0
2023-02-06 14:26:22,0.289501,0.768964,1.0
2023-02-06 14:26:24,0.288519,0.782628,1.0
2023-02-06 14:26:26,0.28683,0.787959,1.0
2023-02-06 14:26:28,0.285827,0.78083,1.0
2023-02-06 14:26:30,0.286279,0.779211,1.0
2023-02-06 14:26:32,0.286492,0.792826,1.0
2023-02-06 14:26:34,0.283421,0.79363,1.0
2023-02-06 14:26:36,0.275971,0.770773,1.0
2023-02-06 14:26:38,0.266749,0.764658,1.0
2023-02-06 14:26:40,0.259902,0.775515,1.0
2023-02-06 14:26:42,0.257327,0.767783,1.0
2023-02-06 14:26:44,0.257655,0.763598,1.0
2023-02-06 14:26:46,0.258412,0.773906,1.0
2023-02-06 14:26:48,0.258508,0.772264,1.0
2023-02-06 14:26:50,0.258226,0.771359,1.0
2023-02-06 14:26:52,0.257678,0.781373,1.0
2023-02-06 14:26:54,0.256414,0.776567,1.0
2023-02-06 14:26:56,0.25467,0.763945,1.0
2023-02-06 14:26:58,0.253816,0.767499,1.0
2023-02-06 14:27:00,0.254796,0.771804,1.0
2023-02-06 14:27:02,0.256563,0.770881,1.0
2023-02-06 14:27:04,0.257104,0.775588,1.0
2023-02-06 14:27:06,0.256027,0.780343,1.0
2023-02-06 14:27:08,0.255188,0.779816,1.0
2023-02-06 14:27:10,0.256186,0.771066,1.0
2023-02-06 14:27:12,0.258015,0.758058,1.0
2023-02-06 14:27:14,0.258297,0.767143,1.0
2023-02-06 14:27:16,0.2568,0.785633,1.0
2023-02-06 14:27:18,0.256489,0.77456,1.0
2023-02-06 14:27:20,0.260293,0.752675,1.0
2023-02-06 14:27:22,0.267348,0.773973,1.0
2023-02-06 14:27:24,0.273542,0.794491,1.0
2023-02-06 14:27:26,0.275935,0.779974,1.0
2023-02-06 14:27:28,0.275861,0.765274,1.0
2023-02-06 14:27:30,0.277134,0.783042,1.0
2023-02-06 14:27:32,0.281416,0.795623,1.0
2023-02-06 14:27:34,0.286572,0.794795,1.0
2023-02-06 14:27:36,0.289215,0.788656,1.0
2023-02-06 14:27:38,0.288471,0.769507,1.0
2023-02-06 14:27:40,0.286579,0.761083,1.0
2023-02-06 14:27:42,0.286191,0.779775,1.0
2023-02-06 14:27:44,0.287718,0.781737,1.0
2023-02-06 14:27:46,0.289456,0.775215,1.0
2023-02-06 14:27:48,0.289731,0.793861,1.0
2023-02-06 14:27:50,0.28849,0.804523,1.0
2023-02-06 14:27:52,0.286973,0.783125,1.0
2023-02-06 14:27:54,0.286282,0.764155,1.0
2023-02-06 14:27:56,0.286444,0.77707,1.0
2023-02-06 14:27:58,0.286638,0.78467,1.0
2023-02-06 14:28:00,0.286171,0.78558,1.0
2023-02-06 14:28:02,0.285174,0.782462,1.0
2023-02-06 14:28:04,0.284457,0.764333,1.0
2023-02-06 14:28:06,0.284589,0.766113,1.0
2023-02-06 14:28:08,0.285162,0.793407,1.0
2023-02-06 14:28:10,0.285094,0.790609,1.0
2023-02-06 14:28:12,0.283657,0.764312,1.0
2023-02-06 14:28:14,0.281011,0.777344,1.0
2023-02-06 14:28:16,0.277639,0.795447,1.0
2023-02-06 14:28:18,0.273504,0.776562,1.0
2023-02-06 14:28:20,0.268258,0.76851,1.0
2023-02-06 14:28:22,0.26226,0.788681,1.0
2023-02-06 14:28:24,0.257156,0.774457,1.0
2023-02-06 14:28:26,0.25462,0.748727,1.0
2023-02-06 14:28:28,0.254617,0.77294,1.0
2023-02-06 14:28:30,0.255274,0.77826,1.0
2023-02-06 14:28:32,0.25476,0.756074,1.0
2023-02-06 14:28:34,0.252995,0.776004,1.0
2023-02-06 14:28:36,0.251205,0.794112,1.0
2023-02-06 14:28:38,0.250018,0.773402,1.0
2023-02-06 14:28:40,0.248718,0.758609,1.0
2023-02-06 14:28:42,0.24659,0.761008,1.0
2023-02-06 14:28:44,0.244284,0.765474,1.0
2023-02-06 14:28:46,0.243138,0.781257,1.0
2023-02-06 14:28:48,0.243334,0.774787,1.0
2023-02-06 14:28:50,0.243595,0.750333,1.0
2023-02-06 14:28:52,0.243024,0.767785,1.0
2023-02-06 14:28:54,0.242421,0.781735,1.0
2023-02-06 14:28:56,0.242852,0.76503,1.0
2023-02-06 14:28:58,0.243215,0.759676,1.0
2023-02-06 14:29:00,0.240445,0.762056,1.0
2023-02-06 14:29:02,0.232899,0.767163,1.0
2023-02-06 14:29:04,0.223004,0.783959,1.0
2023-02-06 14:29:06,0.215585,0.777635,1.0
2023-02-06 14:29:08,0.21336,0.753001,1.0
2023-02-06 14:29:10,0.214636,0.750559,1.0
2023-02-06 14:29:12,0.21559,0.744584,1.0
2023-02-06 14:29:14,0.214451,0.747839,1.0
2023-02-06 14:29:16,0.212625,0.770453,1.0
2023-02-06 14:29:18,0.212255,0.765421,1.0
2023-02-06 14:29:20,0.213484,0.758982,1.0
2023-02-06 14:29:22,0.214594,0.769532,1.0
2023-02-06 14:29:24,0.214281,0.764886,1.0
2023-02-06 14:29:26,0.213053,0.754132,1.0
2023-02-06 14:29:28,0.212342,0.742906,1.0
2023-02-06 14:29:30,0.212785,0.743394,1.0
2023-02-06 14:29:32,0.213735,0.771094,1.0
2023-02-06 14:29:34,0.2142,0.772368,1.0
2023-02-06 14:29:36,0.213894,0.757981,1.0
2023-02-06 14:29:38,0.213233,0.773784,1.0
2023-02-06 14:29:40,0.212673,0.764503,1.0
2023-02-06 14:29:42,0.212237,0.737764,1.0
2023-02-06 14:29:44,0.21175,0.76666,1.0
2023-02-06 14:29:46,0.211267,0.766026,1.0
2023-02-06 14:29:48,0.211143,0.743252,1.0
2023-02-06 14:29:50,0.211554,0.774913,1.0
2023-02-06 14:29:52,0.21205,0.773265,1.0
2023-02-06 14:29:54,0.211802,0.737634,1.0
2023-02-06 14:29:56,0.210425,0.766319,1.0
2023-02-06 14:29:58,0.208517,0.779334,1.0
2023-02-06 14:30:00,0.20723,0.752141,1.0
2023-02-06 14:30:02,0.207196,0.749641,1.0
2023-02-06 14:30:04,0.207939,0.751958,1.0
2023-02-06 14:30:06,0.208442,0.743465,1.0
2023-02-06 14:30:08,0.20818,0.763418,1.0
2023-02-06 14:30:10,0.207507,0.778183,1.0
2023-02-06 14:30:12,0.207064,0.767028,1.0
2023-02-06 14:30:14,0.206971,0.751854,1.0
2023-02-06 14:30:16,0.206862,0.753223,1.0
2023-02-06 14:30:18,0.206456,0.759321,1.0
2023-02-06 14:30:20,0.205873,0.759488,1.0
2023-02-06 14:30:22,0.205311,0.765327,1.0
2023-02-06 14:30:24,0.204697,0.761315,1.0
2023-02-06 14:30:26,0.203913,0.73611,1.0
2023-02-06 14:30:28,0.203243,0.75154,1.0
2023-02-06 14:30:30,0.203185,0.773443,1.0
2023-02-06 14:30:32,0.203693,0.761943,1.0
2023-02-06 14:30:34,0.203866,0.763765,1.0
2023-02-06 14:30:36,0.202848,0.761172,1.0
2023-02-06 14:30:38,0.201053,0.73952,1.0
2023-02-06 14:30:40,0.199974,0.756564,1.0
2023-02-06 14:30:42,0.200603,0.768207,1.0
2023-02-06 14:30:44,0.202203,0.749698,1.0
2023-02-06 14:30:46,0.20312,0.760998,1.0
2023-02-06 14:30:48,0.202721,0.767741,1.0
2023-02-06 14:30:50,0.202039,0.753919,1.0
2023-02-06 14:30:52,0.202114,0.766089,1.0
2023-02-06 14:30:54,0.202016,0.759316,1.0
2023-02-06 14:30:56,0.199227,0.739196,1.0
2023-02-06 14:30:58,0.192235,0.755406,1.0
2023-02-06 14:31:00,0.1826,0.750211,1.0
2023-02-06 14:31:02,0.174126,0.731992,1.0
2023-02-06 14:31:04,0.169841,0.747208,1.0
2023-02-06 14:31:06,0.169694,0.756532,1.0
2023-02-06 14:31:08,0.170986,0.759119,1.0
2023-02-06 14:31:10,0.170752,0.746565,1.0
2023-02-06 14:31:12,0.168212,0.736919,1.0
2023-02-06 14:31:14,0.165064,0.76088,1.0
2023-02-06 14:31:16,0.163534,0.750282,1.0
2023-02-06 14:31:18,0.163882,0.714983,1.0
2023-02-06 14:31:20,0.163687,0.741303,1.0
2023-02-06 14:31:22,0.159861,0.753521,1.0
2023-02-06 14:31:24,0.151735,0.741008,1.0
2023-02-06 14:31:26,0.1421,0.742699,1.0
2023-02-06 14:31:28,0.134983,0.734523,1.0
2023-02-06 14:31:30,0.132276,0.744474,1.0
2023-02-06 14:31:32,0.132567,0.751372,1.0
2023-02-06 14:31:34,0.133106,0.73693,1.0
2023-02-06 14:31:36,0.132432,0.743707,1.0
2023-02-06 14:31:38,0.131106,0.730169,1.0
2023-02-06 14:31:40,0.130381,0.715465,1.0
2023-02-06 14:31:42,0.130681,0.751995,1.0
2023-02-06 14:31:44,0.131201,0.743835,1.0
2023-02-06 14:31:46,0.130484,0.726191,1.0
2023-02-06 14:31:48,0.12737,0.745363,1.0
2023-02-06 14:31:50,0.122028,0.728716,1.0
2023-02-06 14:31:52,0.116353,0.723126,1.0
2023-02-06 14:31:54,0.112796,0.743946,1.0
2023-02-06 14:31:56,0.112153,0.739048,1.0
2023-02-06 14:31:58,0.112389,0.742123,1.0
2023-02-06 14:32:00,0.110339,0.731183,1.0
2023-02-06 14:32:02,0.104959,0.709959,1.0
2023-02-06 14:32:04,0.098626,0.725055,1.0
2023-02-06 14:32:06,0.094789,0.726361,1.0
2023-02-06 14:32:08,0.09451,0.735044,1.0
2023-02-06 14:32:10,0.095779,0.742679,1.0
2023-02-06 14:32:12,0.096009,0.712423,1.0
2023-02-06 14:32:14,0.09466,0.719242,1.0
2023-02-06 14:32:16,0.093127,0.734078,1.0
2023-02-06 14:32:18,0.09257,0.715317,1.0
2023-02-06 14:32:20,0.092539,0.733995,1.0
2023-02-06 14:32:22,0.091835,0.731945,1.0
2023-02-06 14:32:24,0.090092,0.70558,1.0
2023-02-06 14:32:26,0.088167,0.728223,1.0
2023-02-06 14:32:28,0.08721,0.736735,1.0
2023-02-06 14:32:30,0.087663,0.720562,1.0
2023-02-06 14:32:32,0.089043,0.729079,1.0
2023-02-06 14:32:34,0.090383,0.734763,1.0
2023-02-06 14:32:36,0.090911,0.726012,1.0
2023-02-06 14:32:38,0.090611,0.728658,1.0
2023-02-06 14:32:40,0.090217,0.731422,1.0
2023-02-06 14:32:42,0.090472,0.724708,1.0
2023-02-06 14:32:44,0.091122,0.712206,1.0
2023-02-06 14:32:46,0.091126,0.706546,1.0
2023-02-06 14:32:48,0.090274,0.726519,1.0
2023-02-06 14:32:50,0.090302,0.743795,1.0
2023-02-06 14:32:52,0.093881,0.74505,1.0
2023-02-06 14:32:54,0.101757,0.745139,1.0
2023-02-06 14:32:56,0.111198,0.737145,1.0
2023-02-06 14:32:58,0.118029,0.727593,1.0
2023-02-06 14:33:00,0.120358,0.735759,1.0
2023-02-06 14:33:02,0.120028,0.732419,1.0
2023-02-06 14:33:04,0.120314,0.726202,1.0
2023-02-06 14:33:06,0.122331,0.740203,1.0
2023-02-06 14:33:08,0.124624,0.732565,1.0
2023-02-06 14:33:10,0.125754,0.730502,1.0
2023-02-06 14:33:12,0.126383,0.755267,1.0
2023-02-06 14:33:14,0.128137,0.747287,1.0
2023-02-06 14:33:16,0.130943,0.727554,1.0
2023-02-06 14:33:18,0.13271,0.736055,1.0
2023-02-06 14:33:20,0.132192,0.72803,1.0
2023-02-06 14:33:22,0.13135,0.719192,1.0
2023-02-06 14:33:24,0.133863,0.746455,1.0
2023-02-06 14:33:26,0.141163,0.756842,1.0
2023-02-06 14:33:28,0.150635,0.745613,1.0
2023-02-06 14:33:30,0.158128,0.746182,1.0
2023-02-06 14:33:32,0.16176,0.749892,1.0
2023-02-06 14:33:34,0.162873,0.744457,1.0
2023-02-06 14:33:36,0.163672,0.749885,1.0
2023-02-06 14:33:38,0.164932,0.756623,1.0
2023-02-06 14:33:40,0.166253,0.736911,1.0
2023-02-06 14:33:42,0.167716,0.730689,1.0
2023-02-06 14:33:44,0.170254,0.760672,1.0
2023-02-06 14:33:46,0.17433,0.762386,1.0
2023-02-06 14:33:48,0.17911,0.745677,1.0
2023-02-06 14:33:50,0.183462,0.751062,1.0
2023-02-06 14:33:52,0.187234,0.748795,1.0
2023-02-06 14:33:54,0.19107,0.740263,1.0
2023-02-06 14:33:56,0.195051,0.759683,1.0
2023-02-06 14:33:58,0.198179,0.763895,1.0
2023-02-06 14:34:00,0.199533,0.750858,1.0
2023-02-06 14:34:02,0.199493,0.766237,1.0
2023-02-06 14:34:04,0.199413,0.774935,1.0
2023-02-06 14:34:06,0.200175,0.754198,1.0
2023-02-06 14:34:08,0.201437,0.74808,1.0
2023-02-06 14:34:10,0.202354,0.765561,1.0
2023-02-06 14:34:12,0.202655,0.764113,1.0
2023-02-06 14:34:14,0.202754,0.749899,1.0
2023-02-06 14:34:16,0.203084,0.753571,1.0
2023-02-06 14:34:18,0.203617,0.760389,1.0
2023-02-06 14:34:20,0.204037,0.753986,1.0
2023-02-06 14:34:22,0.204217,0.752477,1.0
2023-02-06 14:34:24,0.204295,0.759829,1.0
2023-02-06 14:34:26,0.204503,0.757544,1.0
2023-02-06 14:34:28,0.20508,0.749759,1.0
2023-02-06 14:34:30,0.206074,0.753312,1.0
2023-02-06 14:34:32,0.207179,0.763462,1.0
2023-02-06 14:34:34,0.20782,0.772895,1.0
2023-02-06 14:34:36,0.207651,0.774266,1.0
2023-02-06 14:34:38,0.20703,0.760196,1.0
2023-02-06 14:34:40,0.206774,0.750209,1.0
2023-02-06 14:34:42,0.207327,0.7599,1.0
2023-02-06 14:34:44,0.208441,0.762434,1.0
2023-02-06 14:34:46,0.209579,0.757214,1.0
2023-02-06 14:34:48,0.210736,0.761492,1.0
2023-02-06 14:34:50,0.212163,0.760592,1.0
2023-02-06 14:34:52,0.213496,0.753106,1.0
2023-02-06 14:34:54,0.213756,0.760593,1.0
2023-02-06 14:34:56,0.21267,0.768327,1.0
2023-02-06 14:34:58,0.211561,0.763823,1.0
2023-02-06 14:35:00,0.212101,0.761298,1.0
2023-02-06 14:35:02,0.213974,0.757684,1.0
2023-02-06 14:35:04,0.214788,0.749745,1.0
2023-02-06 14:35:06,0.213051,0.751879,1.0
2023-02-06 14:35:08,0.210906,0.757544,1.0
2023-02-06 14:35:10,0.213021,0.763067,1.0
2023-02-06 14:35:12,0.221757,0.774407,1.0
2023-02-06 14:35:14,0.233966,0.775626,1.0
2023-02-06 14:35:16,0.243284,0.76353,1.0
2023-02-06 14:35:18,0.245843,0.763174,1.0
2023-02-06 14:35:20,0.243482,0.772153,1.0
2023-02-06 14:35:22,0.241343,0.77231,1.0
2023-02-06 14:35:24,0.242648,0.768907,1.0
2023-02-06 14:35:26,0.246142,0.765365,1.0
2023-02-06 14:35:28,0.248408,0.760553,1.0
2023-02-06 14:35:30,0.248049,0.768742,1.0
2023-02-06 14:35:32,0.247104,0.78027,1.0
2023-02-06 14:35:34,0.248403,0.773412,1.0
2023-02-06 14:35:36,0.252035,0.763823,1.0
2023-02-06 14:35:38,0.255147,0.775217,1.0
2023-02-06 14:35:40,0.255333,0.778051,1.0
2023-02-06 14:35:42,0.253751,0.75922,1.0
2023-02-06 14:35:44,0.254315,0.772723,1.0
2023-02-06 14:35:46,0.259492,0.801212,1.0
2023-02-06 14:35:48,0.267452,0.794615,1.0
2023-02-06 14:35:50,0.273799,0.76468,1.0
2023-02-06 14:35:52,0.276057,0.756677,1.0
2023-02-06 14:35:54,0.275982,0.777326,1.0
2023-02-06 14:35:56,0.277343,0.793208,1.0
2023-02-06 14:35:58,0.281813,0.790374,1.0
2023-02-06 14:36:00,0.28737,0.783737,1.0
2023-02-06 14:36:02,0.290552,0.789051,1.0
2023-02-06 14:36:04,0.289987,0.777397,1.0
2023-02-06 14:36:06,0.28777,0.751165,1.0
2023-02-06 14:36:08,0.287492,0.773863,1.0
2023-02-06 14:36:10,0.290655,0.79927,1.0
2023-02-06 14:36:12,0.295111,0.780574,1.0
2023-02-06 14:36:14,0.297376,0.77682,1.0
2023-02-06 14:36:16,0.296875,0.795878,1.0
2023-02-06 14:36:18,0.297394,0.77845,1.0
2023-02-06 14:36:20,0.303173,0.773669,1.0
2023-02-06 14:36:22,0.313183,0.801822,1.0
2023-02-06 14:36:24,0.320508,0.802129,1.0
2023-02-06 14:36:26,0.319019,0.78101,1.0
2023-02-06 14:36:28,0.310521,0.785423,1.0
2023-02-06 14:36:30,0.304014,0.789411,1.0
2023-02-06 14:36:32,0.307019,0.787782,1.0
2023-02-06 14:36:34,0.318278,0.797697,1.0
2023-02-06 14:36:36,0.329676,0.790792,1.0
2023-02-06 14:36:38,0.334658,0.783611,1.0
2023-02-06 14:36:40,0.333597,0.810387,1.0
2023-02-06 14:36:42,0.331314,0.8155,1.0
2023-02-06 14:36:44,0.331381,0.780799,1.0
2023-02-06 14:36:46,0.333787,0.775317,1.0
2023-02-06 14:36:48,0.336815,0.795757,1.0
2023-02-06 14:36:50,0.339413,0.798036,1.0
2023-02-06 14:36:52,0.341239,0.801356,1.0
2023-02-06 14:36:54,0.342059,0.804166,1.0
2023-02-06 14:36:56,0.342094,0.789028,1.0
2023-02-06 14:36:58,0.342249,0.787798,1.0
2023-02-06 14:37:00,0.343039,0.803776,1.0
2023-02-06 14:37:02,0.343646,0.800654,1.0
2023-02-06 14:37:04,0.343123,0.787938,1.0
2023-02-06 14:37:06,0.342653,0.797467,1.0
2023-02-06 14:37:08,0.345434,0.812109,1.0
2023-02-06 14:37:10,0.353353,0.807466,1.0
2023-02-06 14:37:12,0.364121,0.793211,1.0
2023-02-06 14:37:14,0.37263,0.791295,1.0
2023-02-06 14:37:16,0.375502,0.801742,1.0
2023-02-06 14:37:18,0.373971,0.807899,1.0
2023-02-06 14:37:20,0.372094,0.811577,1.0
2023-02-06 14:37:22,0.372519,0.816561,1.0
2023-02-06 14:37:24,0.374552,0.810472,1.0
2023-02-06 14:37:26,0.375885,0.79812,1.0
2023-02-06 14:37:28,0.375571,0.804525,1.0
2023-02-06 14:37:30,0.374781,0.817549,1.0
2023-02-06 14:37:32,0.375068,0.811514,1.0
2023-02-06 14:37:34,0.376539,0.799512,1.0
2023-02-06 14:37:36,0.377911,0.801503,1.0
2023-02-06 14:37:38,0.378114,0.80782,1.0
2023-02-06 14:37:40,0.37746,0.813201,1.0
2023-02-06 14:37:42,0.377156,0.817369,1.0
2023-02-06 14:37:44,0.377887,0.810388,1.0
2023-02-06 14:37:46,0.379116,0.797479,1.0
2023-02-06 14:37:48,0.379798,0.793666,1.0
2023-02-06 14:37:50,0.379555,0.795194,1.0
2023-02-06 14:37:52,0.379059,0.800892,1.0
2023-02-06 14:37:54,0.37923,0.814804,1.0
2023-02-06 14:37:56,0.380205,0.819205,1.0
2023-02-06 14:37:58,0.381209,0.803373,1.0
2023-02-06 14:38:00,0.381503,0.792288,1.0
2023-02-06 14:38:02,0.381152,0.805067,1.0
2023-02-06 14:38:04,0.380801,0.821509,1.0
2023-02-06 14:38:06,0.380971,0.821706,1.0
2023-02-06 14:38:08,0.381603,0.803591,1.0
2023-02-06 14:38:10,0.382371,0.796585,1.0
2023-02-06 14:38:12,0.38306,0.812221,1.0
2023-02-06 14:38:14,0.383516,0.816089,1.0
2023-02-06 14:38:16,0.383501,0.795015,1.0
2023-02-06 14:38:18,0.383023,0.785495,1.0
2023-02-06 14:38:20,0.38272,0.812806,1.0
2023-02-06 14:38:22,0.383451,0.825652,1.0
2023-02-06 14:38:24,0.3852,0.811357,1.0
2023-02-06 14:38:26,0.386834,0.801748,1.0
2023-02-06 14:38:28,0.387293,0.812275,1.0
2023-02-06 14:38:30,0.386934,0.813469,1.0
2023-02-06 14:38:32,0.387151,0.806454,1.0
2023-02-06 14:38:34,0.388469,0.811749,1.0
2023-02-06 14:38:36,0.389708,0.810899,1.0
2023-02-06 14:38:38,0.389682,0.799504,1.0
2023-02-06 14:38:40,0.389494,0.805871,1.0
2023-02-06 14:38:42,0.392288,0.819688,1.0
2023-02-06 14:38:44,0.400055,0.809787,1.0
2023-02-06 14:38:46,0.410902,0.806336,1.0
2023-02-06 14:38:48,0.420061,0.832177,1.0
2023-02-06 14:38:50,0.423979,0.837108,1.0
2023-02-06 14:38:52,0.423256,0.813146,1.0
2023-02-06 14:38:54,0.42172,0.813394,1.0
2023-02-06 14:38:56,0.422786,0.833794,1.0
2023-02-06 14:38:58,0.426628,0.82722,1.0
2023-02-06 14:39:00,0.430618,0.807292,1.0
2023-02-06 14:39:02,0.432211,0.814136,1.0
2023-02-06 14:39:04,0.431617,0.828289,1.0
2023-02-06 14:39:06,0.431991,0.824256,1.0
2023-02-06 14:39:08,0.43696,0.820594,1.0
2023-02-06 14:39:10,0.447375,0.823336,1.0
2023-02-06 14:39:12,0.46002,0.822849,1.0
2023-02-06 14:39:14,0.469713,0.830323,1.0
2023-02-06 14:39:16,0.473368,0.845973,1.0
2023-02-06 14:39:18,0.472469,0.845403,1.0
2023-02-06 14:39:20,0.471483,0.828568,1.0
2023-02-06 14:39:22,0.473539,0.823935,1.0
2023-02-06 14:39:24,0.477808,0.835541,1.0
2023-02-06 14:39:26,0.480917,0.841114,1.0
2023-02-06 14:39:28,0.481303,0.838434,1.0
2023-02-06 14:39:30,0.48153,0.83867,1.0
2023-02-06 14:39:32,0.4861,0.836748,1.0
2023-02-06 14:39:34,0.496688,0.827978,1.0
2023-02-06 14:39:36,0.509725,0.834806,1.0
2023-02-06 14:39:38,0.519288,0.867063,1.0
2023-02-06 14:39:40,0.522545,0.880858,1.0
2023-02-06 14:39:42,0.522046,0.848338,1.0
2023-02-06 14:39:44,0.522487,0.809429,1.0
2023-02-06 14:39:46,0.525542,0.827527,1.0
2023-02-06 14:39:48,0.528719,0.856311,1.0
2023-02-06 14:39:50,0.529383,0.858495,1.0
2023-02-06 14:39:52,0.528587,0.850233,1.0
2023-02-06 14:39:54,0.529522,0.860298,1.0
2023-02-06 14:39:56,0.532675,0.865309,1.0
2023-02-06 14:39:58,0.534677,0.844694,1.0
2023-02-06 14:40:00,0.533136,0.821715,1.0
2023-02-06 14:40:02,0.531068,0.838,1.0
2023-02-06 14:40:04,0.533905,0.86764,1.0
2023-02-06 14:40:06,0.542004,0.874278,1.0
2023-02-06 14:40:08,0.548499,0.861782,1.0
2023-02-06 14:40:10,0.54688,0.849022,1.0
2023-02-06 14:40:12,0.539634,0.844993,1.0
2023-02-06 14:40:14,0.53661,0.845522,1.0
2023-02-06 14:40:16,0.543771,0.846628,1.0
2023-02-06 14:40:18,0.555471,0.852186,1.0
2023-02-06 14:40:20,0.559996,0.862795,1.0
2023-02-06 14:40:22,0.552337,0.864323,1.0
2023-02-06 14:40:24,0.539431,0.849727,1.0
2023-02-06 14:40:26,0.532198,0.837742,1.0
2023-02-06 14:40:28,0.534133,0.847712,1.0
2023-02-06 14:40:30,0.53933,0.858014,1.0
2023-02-06 14:40:32,0.540532,0.850934,1.0
2023-02-06 14:40:34,0.536806,0.841754,1.0
2023-02-06 14:40:36,0.532664,0.844077,1.0
2023-02-06 14:40:38,0.531604,0.846811,1.0
2023-02-06 14:40:40,0.532706,0.849443,1.0
2023-02-06 14:40:42,0.533174,0.856744,1.0
2023-02-06 14:40:44,0.532149,0.85701,1.0
2023-02-06 14:40:46,0.530774,0.849725,1.0
2023-02-06 14:40:48,0.529916,0.851551,1.0
2023-02-06 14:40:50,0.528995,0.859065,1.0
2023-02-06 14:40:52,0.527479,0.849115,1.0
2023-02-06 14:40:54,0.526158,0.834067,1.0
2023-02-06 14:40:56,0.526177,0.844431,1.0
2023-02-06 14:40:58,0.527207,0.8578,1.0
2023-02-06 14:41:00,0.527419,0.852148,1.0
2023-02-06 14:41:02,0.525436,0.839251,1.0
2023-02-06 14:41:04,0.522059,0.83676,1.0
2023-02-06 14:41:06,0.51939,0.835611,1.0
2023-02-06 14:41:08,0.518874,0.83682,1.0
2023-02-06 14:41:10,0.519855,0.849205,1.0
2023-02-06 14:41:12,0.520603,0.859335,1.0
2023-02-06 14:41:14,0.520182,0.853587,1.0
2023-02-06 14:41:16,0.519282,0.844947,1.0
2023-02-06 14:41:18,0.519129,0.841513,1.0
2023-02-06 14:41:20,0.519869,0.838753,1.0
2023-02-06 14:41:22,0.520362,0.845064,1.0
2023-02-06 14:41:24,0.519435,0.856922,1.0
2023-02-06 14:41:26,0.517152,0.853721,1.0
2023-02-06 14:41:28,0.51428,0.840836,1.0
2023-02-06 14:41:30,0.510851,0.839481,1.0
2023-02-06 14:41:32,0.506024,0.842151,1.0
2023-02-06 14:41:34,0.499625,0.836199,1.0
2023-02-06 14:41:36,0.493271,0.832401,1.0
2023-02-06 14:41:38,0.489241,0.833463,1.0
2023-02-06 14:41:40,0.488087,0.831771,1.0
2023-02-06 14:41:42,0.48817,0.839128,1.0
2023-02-06 14:41:44,0.487796,0.852313,1.0
2023-02-06 14:41:46,0.487219,0.844974,1.0
2023-02-06 14:41:48,0.487942,0.821346,1.0
2023-02-06 14:41:50,0.490659,0.821513,1.0
2023-02-06 14:41:52,0.494212,0.835658,1.0
2023-02-06 14:41:54,0.496743,0.841167,1.0
2023-02-06 14:41:56,0.497156,0.84613,1.0
2023-02-06 14:41:58,0.4955,0.848252,1.0
2023-02-06 14:42:00,0.493042,0.839126,1.0
2023-02-06 14:42:02,0.492376,0.837984,1.0
2023-02-06 14:42:04,0.496103,0.847358,1.0
2023-02-06 14:42:06,0.503902,0.843841,1.0
2023-02-06 14:42:08,0.511153,0.834652,1.0
2023-02-06 14:42:10,0.512255,0.843239,1.0
2023-02-06 14:42:12,0.506517,0.847186,1.0
2023-02-06 14:42:14,0.499816,0.829304,1.0
2023-02-06 14:42:16,0.49888,0.831776,1.0
2023-02-06 14:42:18,0.503702,0.862141,1.0
2023-02-06 14:42:20,0.50704,0.863451,1.0
2023-02-06 14:42:22,0.502344,0.833627,1.0
2023-02-06 14:42:24,0.491424,0.820596,1.0
2023-02-06 14:42:26,0.482862,0.831098,1.0
2023-02-06 14:42:28,0.483085,0.83517,1.0
2023-02-06 14:42:30,0.489792,0.838381,1.0
2023-02-06 14:42:32,0.495222,0.844697,1.0
2023-02-06 14:42:34,0.495011,0.839873,1.0
2023-02-06 14:42:36,0.492491,0.830113,1.0
2023-02-06 14:42:38,0.493969,0.832666,1.0
2023-02-06 14:42:40,0.500847,0.84303,1.0
2023-02-06 14:42:42,0.50752,0.852801,1.0
2023-02-06 14:42:44,0.507201,0.854507,1.0
2023-02-06 14:42:46,0.498969,0.838243,1.0
2023-02-06 14:42:48,0.488669,0.81843,1.0
2023-02-06 14:42:50,0.482742,0.826296,1.0
2023-02-06 14:42:52,0.482302,0.838833,1.0
2023-02-06 14:42:54,0.483283,0.834823,1.0
2023-02-06 14:42:56,0.481801,0.837367,1.0
2023-02-06 14:42:58,0.478015,0.844635,1.0
2023-02-06 14:43:00,0.474908,0.830942,1.0
2023-02-06 14:43:02,0.474367,0.822183,1.0
2023-02-06 14:43:04,0.475343,0.839608,1.0
2023-02-06 14:43:06,0.475751,0.840542,1.0
2023-02-06 14:43:08,0.474863,0.82342,1.0
2023-02-06 14:43:10,0.473536,0.835801,1.0
2023-02-06 14:43:12,0.47283,0.852033,1.0
2023-02-06 14:43:14,0.473046,0.825242,1.0
2023-02-06 14:43:16,0.473763,0.808643,1.0
2023-02-06 14:43:18,0.474357,0.838553,1.0
2023-02-06 14:43:20,0.474316,0.845975,1.0
2023-02-06 14:43:22,0.473385,0.828241,1.0
2023-02-06 14:43:24,0.471877,0.831104,1.0
2023-02-06 14:43:26,0.470635,0.838973,1.0
2023-02-06 14:43:28,0.470267,0.823351,1.0
2023-02-06 14:43:30,0.470629,0.825208,1.0
2023-02-06 14:43:32,0.470957,0.843812,1.0
2023-02-06 14:43:34,0.470612,0.834379,1.0
2023-02-06 14:43:36,0.46971,0.817918,1.0
2023-02-06 14:43:38,0.46905,0.83927,1.0
2023-02-06 14:43:40,0.46933,0.847822,1.0
2023-02-06 14:43:42,0.470424,0.82221,1.0
2023-02-06 14:43:44,0.471283,0.816825,1.0
2023-02-06 14:43:46,0.470861,0.842009,1.0
2023-02-06 14:43:48,0.469301,0.843508,1.0
2023-02-06 14:43:50,0.467936,0.828185,1.0
2023-02-06 14:43:52,0.467868,0.828223,1.0
2023-02-06 14:43:54,0.468571,0.833245,1.0
2023-02-06 14:43:56,0.468143,0.828903,1.0
2023-02-06 14:43:58,0.464968,0.819308,1.0
2023-02-06 14:44:00,0.459056,0.810471,1.0
2023-02-06 14:44:02,0.452071,0.821639,1.0
2023-02-06 14:44:04,0.44648,0.846675,1.0
2023-02-06 14:44:06,0.444598,0.847763,1.0
2023-02-06 14:44:08,0.447363,0.820509,1.0
2023-02-06 14:44:10,0.453062,0.816122,1.0
2023-02-06 14:44:12,0.457437,0.831278,1.0
2023-02-06 14:44:14,0.456395,0.824611,1.0
2023-02-06 14:44:16,0.449566,0.815578,1.0
2023-02-06 14:44:18,0.441024,0.828066,1.0
2023-02-06 14:44:20,0.435829,0.831705,1.0
2023-02-06 14:44:22,0.435598,0.818571,1.0
2023-02-06 14:44:24,0.437743,0.819522,1.0
2023-02-06 14:44:26,0.438813,0.826095,1.0
2023-02-06 14:44:28,0.437892,0.820476,1.0
2023-02-06 14:44:30,0.436464,0.817215,1.0
2023-02-06 14:44:32,0.435829,0.822394,1.0
2023-02-06 14:44:34,0.435694,0.8291,1.0
2023-02-06 14:44:36,0.435285,0.836128,1.0
2023-02-06 14:44:38,0.434725,0.833474,1.0
2023-02-06 14:44:40,0.434637,0.816149,1.0
2023-02-06 14:44:42,0.434871,0.804865,1.0
2023-02-06 14:44:44,0.434524,0.811213,1.0
2023-02-06 14:44:46,0.433313,0.820802,1.0
2023-02-06 14:44:48,0.432161,0.82894,1.0
2023-02-06 14:44:50,0.431985,0.831735,1.0
2023-02-06 14:44:52,0.432325,0.824268,1.0
2023-02-06 14:44:54,0.431805,0.82038,1.0
2023-02-06 14:44:56,0.429859,0.820873,1.0
2023-02-06 14:44:58,0.427606,0.80834,1.0
2023-02-06 14:45:00,0.426755,0.800751,1.0
2023-02-06 14:45:02,0.427654,0.823758,1.0
2023-02-06 14:45:04,0.428955,0.833719,1.0
2023-02-06 14:45:06,0.429138,0.816329,1.0
2023-02-06 14:45:08,0.42799,0.808843,1.0
2023-02-06 14:45:10,0.426479,0.822812,1.0
2023-02-06 14:45:12,0.425625,0.82541,1.0
2023-02-06 14:45:14,0.425501,0.823714,1.0
2023-02-06 14:45:16,0.425515,0.82911,1.0
2023-02-06 14:45:18,0.425365,0.821057,1.0
2023-02-06 14:45:20,0.425184,0.80791,1.0
2023-02-06 14:45:22,0.425136,0.822166,1.0
2023-02-06 14:45:24,0.425095,0.834623,1.0
2023-02-06 14:45:26,0.424959,0.819045,1.0
2023-02-06 14:45:28,0.425007,0.805837,1.0
2023-02-06 14:45:30,0.425581,0.814642,1.0
2023-02-06 14:45:32,0.426445,0.821742,1.0
2023-02-06 14:45:34,0.426866,0.824863,1.0
2023-02-06 14:45:36,0.426559,0.826745,1.0
2023-02-06 14:45:38,0.426174,0.815028,1.0
2023-02-06 14:45:40,0.426356,0.804031,1.0
2023-02-06 14:45:42,0.426507,0.819239,1.0
2023-02-06 14:45:44,0.425255,0.832749,1.0
2023-02-06 14:45:46,0.422514,0.821231,1.0
2023-02-06 14:45:48,0.420321,0.812236,1.0
2023-02-06 14:45:50,0.420673,0.827973,1.0
2023-02-06 14:45:52,0.422539,0.833713,1.0
2023-02-06 14:45:54,0.422126,0.815112,1.0
2023-02-06 14:45:56,0.416881,0.798451,1.0
2023-02-06 14:45:58,0.408776,0.810097,1.0
2023-02-06 14:46:00,0.402602,0.820532,1.0
2023-02-06 14:46:02,0.400875,0.809912,1.0
2023-02-06 14:46:04,0.401268,0.802217,1.0
2023-02-06 14:46:06,0.399561,0.821408,1.0
2023-02-06 14:46:08,0.394656,0.83476,1.0
2023-02-06 14:46:10,0.389449,0.819858,1.0
2023-02-06 14:46:12,0.387149,0.797173,1.0
2023-02-06 14:46:14,0.387803,0.797361,1.0
2023-02-06 14:46:16,0.388863,0.804993,1.0
2023-02-06 14:46:18,0.388451,0.805525,1.0
2023-02-06 14:46:20,0.387024,0.807109,1.0
2023-02-06 14:46:22,0.386017,0.807311,1.0
2023-02-06 14:46:24,0.385959,0.802426,1.0
2023-02-06 14:46:26,0.38638,0.80602,1.0
2023-02-06 14:46:28,0.386795,0.817417,1.0
2023-02-06 14:46:30,0.386998,0.81831,1.0
2023-02-06 14:46:32,0.386741,0.809989,1.0
2023-02-06 14:46:34,0.385959,0.803201,1.0
2023-02-06 14:46:36,0.385323,0.79746,1.0
2023-02-06 14:46:38,0.385741,0.800064,1.0
2023-02-06 14:46:40,0.386988,0.822257,1.0
2023-02-06 14:46:42,0.387625,0.836851,1.0
2023-02-06 14:46:44,0.386947,0.818582,1.0
2023-02-06 14:46:46,0.386464,0.788297,1.0
2023-02-06 14:46:48,0.388452,0.794214,1.0
2023-02-06 14:46:50,0.392947,0.813955,1.0
2023-02-06 14:46:52,0.397397,0.812431,1.0
2023-02-06 14:46:54,0.399622,0.808355,1.0
2023-02-06 14:46:56,0.400688,0.823983,1.0
2023-02-06 14:46:58,0.403797,0.831521,1.0
2023-02-06 14:47:00,0.410208,0.820348,1.0
2023-02-06 14:47:02,0.417473,0.811631,1.0
2023-02-06 14:47:04,0.422045,0.813464,1.0
2023-02-06 14:47:06,0.422978,0.813807,1.0
2023-02-06 14:47:08,0.422398,0.816163,1.0
2023-02-06 14:47:10,0.422768,0.819395,1.0
2023-02-06 14:47:12,0.424546,0.813413,1.0
2023-02-06 14:47:14,0.42657,0.810254,1.0
2023-02-06 14:47:16,0.427864,0.828421,1.0
2023-02-06 14:47:18,0.428443,0.840049,1.0
2023-02-06 14:47:20,0.428943,0.823621,1.0
2023-02-06 14:47:22,0.429948,0.806354,1.0
2023-02-06 14:47:24,0.431639,0.81802,1.0
2023-02-06 14:47:26,0.433471,0.83067,1.0
2023-02-06 14:47:28,0.434335,0.819728,1.0
2023-02-06 14:47:30,0.433869,0.808625,1.0
2023-02-06 14:47:32,0.433918,0.824958,1.0
2023-02-06 14:47:34,0.437827,0.837711,1.0
2023-02-06 14:47:36,0.447209,0.831296,1.0
2023-02-06 14:47:38,0.459433,0.825227,1.0
2023-02-06 14:47:40,0.469128,0.835506,1.0
2023-02-06 14:47:42,0.47267,0.83886,1.0
2023-02-06 14:47:44,0.471198,0.825093,1.0
2023-02-06 14:47:46,0.469042,0.816614,1.0
2023-02-06 14:47:48,0.469814,0.825437,1.0
2023-02-06 14:47:50,0.473811,0.838739,1.0
2023-02-06 14:47:52,0.478762,0.847658,1.0
2023-02-06 14:47:54,0.482217,0.847458,1.0
2023-02-06 14:47:56,0.483213,0.838113,1.0
2023-02-06 14:47:58,0.482766,0.832577,1.0
2023-02-06 14:48:00,0.483461,0.837132,1.0
2023-02-06 14:48:02,0.488089,0.840964,1.0
2023-02-06 14:48:04,0.497485,0.838441,1.0
2023-02-06 14:48:06,0.509269,0.841213,1.0
2023-02-06 14:48:08,0.518962,0.8495,1.0
2023-02-06 14:48:10,0.523376,0.846601,1.0
2023-02-06 14:48:12,0.523252,0.839384,1.0
2023-02-06 14:48:14,0.522365,0.84366,1.0
2023-02-06 14:48:16,0.523784,0.851821,1.0
2023-02-06 14:48:18,0.527048,0.851425,1.0
2023-02-06 14:48:20,0.529282,0.852954,1.0
2023-02-06 14:48:22,0.529206,0.860493,1.0
2023-02-06 14:48:24,0.529532,0.857418,1.0
2023-02-06 14:48:26,0.534757,0.841181,1.0
2023-02-06 14:48:28,0.54622,0.840208,1.0
2023-02-06 14:48:30,0.559886,0.856294,1.0
2023-02-06 14:48:32,0.569626,0.862666,1.0
2023-02-06 14:48:34,0.57286,0.859995,1.0
2023-02-06 14:48:36,0.572607,0.867471,1.0
2023-02-06 14:48:38,0.573697,0.87481,1.0
2023-02-06 14:48:40,0.577478,0.859895,1.0
2023-02-06 14:48:42,0.581074,0.840812,1.0
2023-02-06 14:48:44,0.581915,0.845879,1.0
2023-02-06 14:48:46,0.581936,0.872896,1.0
2023-02-06 14:48:48,0.58619,0.890248,1.0
2023-02-06 14:48:50,0.597292,0.879811,1.0
2023-02-06 14:48:52,0.61174,0.867717,1.0
2023-02-06 14:48:54,0.622593,0.87488,1.0
2023-02-06 14:48:56,0.625925,0.881886,1.0
2023-02-06 14:48:58,0.624295,0.874413,1.0
2023-02-06 14:49:00,0.623899,0.865366,1.0
2023-02-06 14:49:02,0.628138,0.871656,1.0
2023-02-06 14:49:04,0.634492,0.87921,1.0
2023-02-06 14:49:06,0.637871,0.876509,1.0
2023-02-06 14:49:08,0.63689,0.873658,1.0
2023-02-06 14:49:10,0.636088,0.880138,1.0
2023-02-06 14:49:12,0.641339,0.888733,1.0
2023-02-06 14:49:14,0.653506,0.891066,1.0
2023-02-06 14:49:16,0.667202,0.888997,1.0
2023-02-06 14:49:18,0.676275,0.887434,1.0
2023-02-06 14:49:20,0.679688,0.88632,1.0
2023-02-06 14:49:22,0.681175,0.890699,1.0
2023-02-06 14:49:24,0.683893,0.905386,1.0
2023-02-06 14:49:26,0.686872,0.91195,1.0
2023-02-06 14:49:28,0.687719,0.896636,1.0
2023-02-06 14:49:30,0.687596,0.873804,1.0
2023-02-06 14:49:32,0.691523,0.87641,1.0
2023-02-06 14:49:34,0.703005,0.907598,1.0
2023-02-06 14:49:36,0.719223,0.92299,1.0
2023-02-06 14:49:38,0.732926,0.909186,1.0
2023-02-06 14:49:40,0.739094,0.892473,1.0
2023-02-06 14:49:42,0.739248,0.898115,1.0
2023-02-06 14:49:44,0.738984,0.915247,1.0
2023-02-06 14:49:46,0.741944,0.92178,1.0
2023-02-06 14:49:48,0.746627,0.911256,1.0
2023-02-06 14:49:50,0.749061,0.900326,1.0
2023-02-06 14:49:52,0.747927,0.903676,1.0
2023-02-06 14:49:54,0.746687,0.912748,1.0
2023-02-06 14:49:56,0.750697,0.919645,1.0
2023-02-06 14:49:58,0.762169,0.921215,1.0
2023-02-06 14:50:00,0.77768,0.917589,1.0
2023-02-06 14:50:02,0.790646,0.913407,1.0
2023-02-06 14:50:04,0.796622,0.916722,1.0
2023-02-06 14:50:06,0.796732,0.927511,1.0
2023-02-06 14:50:08,0.79594,0.931953,1.0
2023-02-06 14:50:10,0.798056,0.927441,1.0
2023-02-06 14:50:12,0.802271,0.919499,1.0
2023-02-06 14:50:14,0.804874,0.917426,1.0
2023-02-06 14:50:16,0.804351,0.927274,1.0
2023-02-06 14:50:18,0.804008,0.938228,1.0
2023-02-06 14:50:20,0.809189,0.939285,1.0
2023-02-06 14:50:22,0.821806,0.928959,1.0
2023-02-06 14:50:24,0.837881,0.924282,1.0
2023-02-06 14:50:26,0.850676,0.939564,1.0
2023-02-06 14:50:28,0.856161,0.959417,1.0
2023-02-06 14:50:30,0.855661,0.949974,1.0
2023-02-06 14:50:32,0.853612,0.922577,1.0
2023-02-06 14:50:34,0.853496,0.920747,1.0
2023-02-06 14:50:36,0.85575,0.942378,1.0
2023-02-06 14:50:38,0.858556,0.952722,1.0
2023-02-06 14:50:40,0.859963,0.940314,1.0
2023-02-06 14:50:42,0.859402,0.934001,1.0
2023-02-06 14:50:44,0.858057,0.943394,1.0
2023-02-06 14:50:46,0.857926,0.940803,1.0
2023-02-06 14:50:48,0.86015,0.925948,1.0
2023-02-06 14:50:50,0.863531,0.926521,1.0
2023-02-06 14:50:52,0.865335,0.94516,1.0
2023-02-06 14:50:54,0.864614,0.958099,1.0
2023-02-06 14:50:56,0.864469,0.952244,1.0
2023-02-06 14:50:58,0.870092,0.946573,1.0
2023-02-06 14:51:00,0.883471,0.949598,1.0
2023-02-06 14:51:02,0.900288,0.953836,1.0
2023-02-06 14:51:04,0.913061,0.961709,1.0
2023-02-06 14:51:06,0.917762,0.969247,1.0
2023-02-06 14:51:08,0.91695,0.957472,1.0
2023-02-06 14:51:10,0.916207,0.94186,1.0
2023-02-06 14:51:12,0.918256,0.945971,1.0
2023-02-06 14:51:14,0.921411,0.962758,1.0
2023-02-06 14:51:16,0.923211,0.958355,1.0
2023-02-06 14:51:18,0.924048,0.9473,1.0
2023-02-06 14:51:20,0.925998,0.963513,1.0
2023-02-06 14:51:22,0.929107,0.981924,1.0
2023-02-06 14:51:24,0.930698,0.964129,1.0
2023-02-06 14:51:26,0.929272,0.949402,1.0
2023-02-06 14:51:28,0.927975,0.966376,1.0
2023-02-06 14:51:30,0.932586,0.982973,1.0
2023-02-06 14:51:32,0.945469,0.969247,1.0
2023-02-06 14:51:34,0.962226,0.961631,1.0
2023-02-06 14:51:36,0.975139,0.972501,1.0
2023-02-06 14:51:38,0.979904,0.971891,1.0
2023-02-06 14:51:40,0.978664,0.97052,1.0
2023-02-06 14:51:42,0.976774,0.986237,1.0
2023-02-06 14:51:44,0.977505,0.986681,1.0
2023-02-06 14:51:46,0.980261,0.953186,1.0
2023-02-06 14:51:48,0.98298,0.94677,1.0
2023-02-06 14:51:50,0.984889,0.981616,1.0
2023-02-06 14:51:52,0.986525,0.99847,1.0
2023-02-06 14:51:54,0.988125,0.97272,1.0
2023-02-06 14:51:56,0.989345,0.95815,1.0
2023-02-06 14:51:58,0.990245,0.972388,1.0
2023-02-06 14:52:00,0.991717,0.99034,1.0
2023-02-06 14:52:02,0.99423,0.99342,1.0
2023-02-06 14:52:04,0.996677,0.987498,1.0
2023-02-06 14:52:06,0.997309,0.974719,1.0
2023-02-06 14:52:08,0.995881,0.967186,1.0
2023-02-06 14:52:10,0.994283,0.972745,1.0
2023-02-06 14:52:12,0.994508,0.974179,1.0
2023-02-06 14:52:14,0.996623,0.971417,1.0
2023-02-06 14:52:16,0.998944,0.979572,1.0
2023-02-06 14:52:18,1.0,0.988285,1.0
2023-02-06 14:52:20,0.999797,0.981064,1.0
2023-02-06 14:52:22,0.999141,0.978552,1.0
2023-02-06 14:52:24,0.998495,0.985019,1.0
2023-02-06 14:52:26,0.997835,0.974863,1.0
2023-02-06 14:52:28,0.997388,0.966233,1.0
2023-02-06 14:52:30,0.997534,0.987183,1.0
2023-02-06 14:52:32,0.997987,1.0,1.0
2023-02-06 14:52:34,0.998025,0.970292,1.0
2023-02-06 14:52:36,0.997604,0.957447,1.0
2023-02-06 14:52:38,0.997609,0.981899,1.0
2023-02-06 14:52:40,0.998308,0.994646,1.0
2023-02-06 14:52:42,0.998153,0.968072,1.0
2023-02-06 14:52:44,0.995393,0.959385,1.0
2023-02-06 14:52:46,0.991003,0.979212,1.0
2023-02-06 14:52:48,0.988455,0.991787,1.0
2023-02-06 14:52:50,0.989248,0.982292,1.0
2023-02-06 14:52:52,0.989406,0.974279,1.0
2023-02-06 14:52:54,0.982435,0.966331,1.0
2023-02-06 14:52:56,0.966573,0.954877,1.0
2023-02-06 14:52:58,0.947787,0.955755,1.0
2023-02-06 14:53:00,0.934286,0.967273,1.0
2023-02-06 14:53:02,0.928562,0.967239,1.0
2023-02-06 14:53:04,0.926268,0.957667,1.0
2023-02-06 14:53:06,0.922774,0.95708,1.0
2023-02-06 14:53:08,0.91856,0.963793,1.0
2023-02-06 14:53:10,0.916673,0.965139,1.0
2023-02-06 14:53:12,0.916367,0.961483,1.0
2023-02-06 14:53:14,0.911955,0.956279,1.0
2023-02-06 14:53:16,0.899303,0.946018,1.0
2023-02-06 14:53:18,0.881736,0.934437,1.0
2023-02-06 14:53:20,0.867654,0.929794,1.0
2023-02-06 14:53:22,0.862409,0.934953,1.0
2023-02-06 14:53:24,0.863799,0.945673,1.0
2023-02-06 14:53:26,0.865742,0.951641,1.0
2023-02-06 14:53:28,0.864993,0.948936,1.0
2023-02-06 14:53:30,0.863103,0.939911,1.0
2023-02-06 14:53:32,0.862705,0.931227,1.0
2023-02-06 14:53:34,0.863867,0.934851,1.0
2023-02-06 14:53:36,0.864801,0.94554,1.0
2023-02-06 14:53:38,0.864774,0.94853,1.0
2023-02-06 14:53:40,0.86475,0.944036,1.0
2023-02-06 14:53:42,0.865171,0.941204,1.0
2023-02-06 14:53:44,0.864668,0.945192,1.0
2023-02-06 14:53:46,0.861983,0.947467,1.0
2023-02-06 14:53:48,0.858472,0.943394,1.0
2023-02-06 14:53:50,0.85718,0.935751,1.0
2023-02-06 14:53:52,0.858705,0.929581,1.0
2023-02-06 14:53:54,0.859165,0.932471,1.0
2023-02-06 14:53:56,0.853149,0.939261,1.0
2023-02-06 14:53:58,0.839582,0.937513,1.0
2023-02-06 14:54:00,0.823513,0.925466,1.0
2023-02-06 14:54:02,0.811961,0.917026,1.0
2023-02-06 14:54:04,0.807994,0.925764,1.0
2023-02-06 14:54:06,0.809042,0.943439,1.0
2023-02-06 14:54:08,0.810513,0.946909,1.0
2023-02-06 14:54:10,0.810142,0.925714,1.0
2023-02-06 14:54:12,0.808529,0.904922,1.0
2023-02-06 14:54:14,0.806927,0.905043,1.0
2023-02-06 14:54:16,0.805658,0.918371,1.0
2023-02-06 14:54:18,0.804625,0.927585,1.0
2023-02-06 14:54:20,0.804135,0.925449,1.0
2023-02-06 14:54:22,0.804329,0.924337,1.0
2023-02-06 14:54:24,0.804363,0.932937,1.0
2023-02-06 14:54:26,0.803094,0.941106,1.0
2023-02-06 14:54:28,0.800668,0.934483,1.0
2023-02-06 14:54:30,0.798626,0.916438,1.0
2023-02-06 14:54:32,0.798103,0.907017,1.0
2023-02-06 14:54:34,0.798183,0.918533,1.0
2023-02-06 14:54:36,0.796727,0.932823,1.0
2023-02-06 14:54:38,0.792424,0.931422,1.0
2023-02-06 14:54:40,0.785625,0.917322,1.0
2023-02-06 14:54:42,0.777355,0.900654,1.0
2023-02-06 14:54:44,0.768476,0.896868,1.0
2023-02-06 14:54:46,0.760086,0.908188,1.0
2023-02-06 14:54:48,0.753976,0.918722,1.0
2023-02-06 14:54:50,0.751475,0.920429,1.0
2023-02-06 14:54:52,0.751727,0.912105,1.0
2023-02-06 14:54:54,0.751784,0.900744,1.0
2023-02-06 14:54:56,0.74937,0.900604,1.0
2023-02-06 14:54:58,0.745233,0.913769,1.0
2023-02-06 14:55:00,0.741997,0.920557,1.0
2023-02-06 14:55:02,0.740992,0.908766,1.0
2023-02-06 14:55:04,0.7409,0.896169,1.0
2023-02-06 14:55:06,0.739959,0.905008,1.0
2023-02-06 14:55:08,0.738686,0.923809,1.0
2023-02-06 14:55:10,0.739112,0.920962,1.0
2023-02-06 14:55:12,0.741206,0.895528,1.0
2023-02-06 14:55:14,0.741237,0.877298,1.0
2023-02-06 14:55:16,0.734892,0.895564,1.0
2023-02-06 14:55:18,0.721972,0.912999,1.0
2023-02-06 14:55:20,0.707251,0.902257,1.0
2023-02-06 14:55:22,0.696359,0.885781,1.0
2023-02-06 14:55:24,0.691093,0.887216,1.0
2023-02-06 14:55:26,0.688888,0.90203,1.0
2023-02-06 14:55:28,0.686217,0.900052,1.0
2023-02-06 14:55:30,0.681969,0.886985,1.0
2023-02-06 14:55:32,0.677801,0.88818,1.0
2023-02-06 14:55:34,0.676043,0.899456,1.0
2023-02-06 14:55:36,0.677314,0.895949,1.0
2023-02-06 14:55:38,0.67992,0.880093,1.0
2023-02-06 14:55:40,0.680423,0.87836,1.0
2023-02-06 14:55:42,0.675661,0.891025,1.0
2023-02-06 14:55:44,0.665186,0.89433,1.0
2023-02-06 14:55:46,0.652321,0.880501,1.0
2023-02-06 14:55:48,0.642326,0.869819,1.0
2023-02-06 14:55:50,0.638527,0.869464,1.0
2023-02-06 14:55:52,0.63966,0.874862,1.0
2023-02-06 14:55:54,0.641228,0.882512,1.0
2023-02-06 14:55:56,0.639682,0.88345,1.0
2023-02-06 14:55:58,0.635319,0.875861,1.0
2023-02-06 14:56:00,0.631269,0.867481,1.0
2023-02-06 14:56:02,0.62999,0.86627,1.0
2023-02-06 14:56:04,0.631018,0.877742,1.0
2023-02-06 14:56:06,0.632019,0.890707,1.0
2023-02-06 14:56:08,0.631529,0.890395,1.0
2023-02-06 14:56:10,0.63031,0.877718,1.0
2023-02-06 14:56:12,0.630203,0.861705,1.0
2023-02-06 14:56:14,0.631818,0.867333,1.0
2023-02-06 14:56:16,0.63376,0.893282,1.0
2023-02-06 14:56:18,0.633995,0.897842,1.0
2023-02-06 14:56:20,0.631913,0.876267,1.0
2023-02-06 14:56:22,0.628909,0.860003,1.0
2023-02-06 14:56:24,0.626973,0.870289,1.0
2023-02-06 14:56:26,0.626813,0.881758,1.0
2023-02-06 14:56:28,0.627466,0.873509,1.0
2023-02-06 14:56:30,0.627621,0.86993,1.0
2023-02-06 14:56:32,0.627038,0.886656,1.0
2023-02-06 14:56:34,0.626562,0.893067,1.0
2023-02-06 14:56:36,0.626963,0.870683,1.0
2023-02-06 14:56:38,0.628109,0.853171,1.0
2023-02-06 14:56:40,0.629148,0.869847,1.0
2023-02-06 14:56:42,0.629452,0.887095,1.0
2023-02-06 14:56:44,0.62909,0.888476,1.0
2023-02-06 14:56:46,0.628571,0.879612,1.0
2023-02-06 14:56:48,0.628336,0.874726,1.0
2023-02-06 14:56:50,0.628493,0.871871,1.0
2023-02-06 14:56:52,0.628899,0.871768,1.0
2023-02-06 14:56:54,0.629325,0.881299,1.0
2023-02-06 14:56:56,0.629633,0.885531,1.0
2023-02-06 14:56:58,0.629806,0.871799,1.0
2023-02-06 14:57:00,0.629858,0.861369,1.0
2023-02-06 14:57:02,0.629878,0.868258,1.0
2023-02-06 14:57:04,0.62978,0.881454,1.0
2023-02-06 14:57:06,0.629342,0.884574,1.0
2023-02-06 14:57:08,0.628515,0.880122,1.0
2023-02-06 14:57:10,0.627437,0.877019,1.0
2023-02-06 14:57:12,0.626376,0.870444,1.0
2023-02-06 14:57:14,0.625619,0.867557,1.0
2023-02-06 14:57:16,0.625317,0.881561,1.0
2023-02-06 14:57:18,0.625375,0.891528,1.0
2023-02-06 14:57:20,0.625579,0.87944,1.0
2023-02-06 14:57:22,0.625832,0.857409,1.0
2023-02-06 14:57:24,0.626204,0.857769,1.0
2023-02-06 14:57:26,0.626884,0.87645,1.0
2023-02-06 14:57:28,0.627884,0.888247,1.0
2023-02-06 14:57:30,0.629074,0.88847,1.0
2023-02-06 14:57:32,0.630378,0.878915,1.0
2023-02-06 14:57:34,0.631822,0.864945,1.0
2023-02-06 14:57:36,0.633198,0.863839,1.0
2023-02-06 14:57:38,0.634006,0.885692,1.0
2023-02-06 14:57:40,0.634393,0.900715,1.0
2023-02-06 14:57:42,0.636098,0.886199,1.0
2023-02-06 14:57:44,0.641255,0.865,1.0
2023-02-06 14:57:46,0.64935,0.87085,1.0
2023-02-06 14:57:48,0.656049,0.891429,1.0
2023-02-06 14:57:50,0.656853,0.891917,1.0
2023-02-06 14:57:52,0.65254,0.879496,1.0
2023-02-06 14:57:54,0.649473,0.877854,1.0
2023-02-06 14:57:56,0.652827,0.883259,1.0
2023-02-06 14:57:58,0.660086,0.88484,1.0
2023-02-06 14:58:00,0.663444,0.886297,1.0
2023-02-06 14:58:02,0.659332,0.890227,1.0
2023-02-06 14:58:04,0.653714,0.888212,1.0
2023-02-06 14:58:06,0.655463,0.880938,1.0
2023-02-06 14:58:08,0.665145,0.885241,1.0
2023-02-06 14:58:10,0.672936,0.897241,1.0
2023-02-06 14:58:12,0.669039,0.893561,1.0
2023-02-06 14:58:14,0.654638,0.873053,1.0
2023-02-06 14:58:16,0.640489,0.86144,1.0
2023-02-06 14:58:18,0.635316,0.872863,1.0
2023-02-06 14:58:20,0.637592,0.882909,1.0
2023-02-06 14:58:22,0.639557,0.883365,1.0
2023-02-06 14:58:24,0.637098,0.880955,1.0
2023-02-06 14:58:26,0.6334,0.877308,1.0
2023-02-06 14:58:28,0.633353,0.874637,1.0
2023-02-06 14:58:30,0.637142,0.883745,1.0
2023-02-06 14:58:32,0.640733,0.898161,1.0
2023-02-06 14:58:34,0.641276,0.891951,1.0
2023-02-06 14:58:36,0.640038,0.868546,1.0
2023-02-06 14:58:38,0.639571,0.856422,1.0
2023-02-06 14:58:40,0.63999,0.870659,1.0
2023-02-06 14:58:42,0.639709,0.88619,1.0
2023-02-06 14:58:44,0.639048,0.883302,1.0
2023-02-06 14:58:46,0.641665,0.875547,1.0
2023-02-06 14:58:48,0.651169,0.876731,1.0
2023-02-06 14:58:50,0.666148,0.889165,1.0
2023-02-06 14:58:52,0.679986,0.902695,1.0
2023-02-06 14:58:54,0.686605,0.901328,1.0
2023-02-06 14:58:56,0.68646,0.89318,1.0
2023-02-06 14:58:58,0.686359,0.888694,1.0
2023-02-06 14:59:00,0.693057,0.891008,1.0
2023-02-06 14:59:02,0.707091,0.898217,1.0
2023-02-06 14:59:04,0.722887,0.904783,1.0
2023-02-06 14:59:06,0.73454,0.910792,1.0
2023-02-06 14:59:08,0.740436,0.916534,1.0
2023-02-06 14:59:10,0.742666,0.915232,1.0
2023-02-06 14:59:12,0.743457,0.902873,1.0
2023-02-06 14:59:14,0.743823,0.895617,1.0
2023-02-06 14:59:16,0.745307,0.907989,1.0
2023-02-06 14:59:18,0.750864,0.924326,1.0
2023-02-06 14:59:20,0.762428,0.930121,1.0
2023-02-06 14:59:22,0.777615,0.920556,1.0
2023-02-06 14:59:24,0.79038,0.908975,1.0
2023-02-06 14:59:26,0.795923,0.91768,1.0
2023-02-06 14:59:28,0.79487,0.930929,1.0
2023-02-06 14:59:30,0.792284,0.92869,1.0
2023-02-06 14:59:32,0.792677,0.918624,1.0
2023-02-06 14:59:34,0.796227,0.922674,1.0
2023-02-06 14:59:36,0.799736,0.939499,1.0
2023-02-06 14:59:38,0.800573,0.938104,1.0
2023-02-06 14:59:40,0.79928,0.91451,1.0
2023-02-06 14:59:42,0.798438,0.907591,1.0
2023-02-06 14:59:44,0.799775,0.92684,1.0
2023-02-06 14:59:46,0.802653,0.938673,1.0
2023-02-06 14:59:48,0.805355,0.922111,1.0
2023-02-06 14:59:50,0.807136,0.908331,1.0
2023-02-06 14:59:52,0.808422,0.922604,1.0
2023-02-06 14:59:54,0.809307,0.941352,1.0
2023-02-06 14:59:56,0.808841,0.931255,1.0
2023-02-06 14:59:58,0.806863,0.912412,1.0
2023-02-06 15:00:00,0.806053,0.91406,1.0
2023-02-06 15:00:02,0.810805,0.929476,1.0
2023-02-06 15:00:04,0.822856,0.937575,1.0
2023-02-06 15:00:06,0.838253,0.940756,1.0
2023-02-06 15:00:08,0.849842,0.945584,1.0
2023-02-06 15:00:10,0.853481,0.939889,1.0
2023-02-06 15:00:12,0.851482,0.92883,1.0
2023-02-06 15:00:14,0.849501,0.932705,1.0
2023-02-06 15:00:16,0.850537,0.949309,1.0
2023-02-06 15:00:18,0.852738,0.948066,1.0
2023-02-06 15:00:20,0.852925,0.932337,1.0
2023-02-06 15:00:22,0.850966,0.932717,1.0
2023-02-06 15:00:24,0.849679,0.945712,1.0
2023-02-06 15:00:26,0.851031,0.946507,1.0
2023-02-06 15:00:28,0.853781,0.935788,1.0
2023-02-06 15:00:30,0.85533,0.931458,1.0
2023-02-06 15:00:32,0.854934,0.932797,1.0
2023-02-06 15:00:34,0.854119,0.932108,1.0
2023-02-06 15:00:36,0.854313,0.936359,1.0
2023-02-06 15:00:38,0.855285,0.947742,1.0
2023-02-06 15:00:40,0.856066,0.947332,1.0
2023-02-06 15:00:42,0.85658,0.930153,1.0
2023-02-06 15:00:44,0.857294,0.925862,1.0
2023-02-06 15:00:46,0.857765,0.939451,1.0
2023-02-06 15:00:48,0.856897,0.949596,1.0
2023-02-06 15:00:50,0.854928,0.950025,1.0
2023-02-06 15:00:52,0.854024,0.950621,1.0
2023-02-06 15:00:54,0.855524,0.943529,1.0
2023-02-06 15:00:56,0.856795,0.923839,1.0
2023-02-06 15:00:58,0.852294,0.912745,1.0
2023-02-06 15:01:00,0.839158,0.926285,1.0
2023-02-06 15:01:02,0.821369,0.941691,1.0
2023-02-06 15:01:04,0.807339,0.932894,1.0
2023-02-06 15:01:06,0.802567,0.925035,1.0
2023-02-06 15:01:08,0.804783,0.93469,1.0
2023-02-06 15:01:10,0.806728,0.938337,1.0
2023-02-06 15:01:12,0.803634,0.915266,1.0
2023-02-06 15:01:14,0.797589,0.902632,1.0
2023-02-06 15:01:16,0.794275,0.916691,1.0
2023-02-06 15:01:18,0.795938,0.937168,1.0
2023-02-06 15:01:20,0.798233,0.929934,1.0
2023-02-06 15:01:22,0.794291,0.911037,1.0
2023-02-06 15:01:24,0.781745,0.912562,1.0
2023-02-06 15:01:26,0.765398,0.922815,1.0
2023-02-06 15:01:28,0.752988,0.917343,1.0
2023-02-06 15:01:30,0.748492,0.902572,1.0
2023-02-06 15:01:32,0.749491,0.904235,1.0
2023-02-06 15:01:34,0.750589,0.916966,1.0
2023-02-06 15:01:36,0.748728,0.916833,1.0
2023-02-06 15:01:38,0.745066,0.902532,1.0
2023-02-06 15:01:40,0.742522,0.896074,1.0
2023-02-06 15:01:42,0.742377,0.90361,1.0
2023-02-06 15:01:44,0.74344,0.908813,1.0
2023-02-06 15:01:46,0.743809,0.906593,1.0
2023-02-06 15:01:48,0.742734,0.90809,1.0
2023-02-06 15:01:50,0.740864,0.913061,1.0
2023-02-06 15:01:52,0.739328,0.910129,1.0
2023-02-06 15:01:54,0.738859,0.902792,1.0
2023-02-06 15:01:56,0.739371,0.904372,1.0
2023-02-06 15:01:58,0.740113,0.909843,1.0
2023-02-06 15:02:00,0.740189,0.902647,1.0
2023-02-06 15:02:02,0.739234,0.894053,1.0
2023-02-06 15:02:04,0.737693,0.908786,1.0
2023-02-06 15:02:06,0.736376,0.926052,1.0
2023-02-06 15:02:08,0.735615,0.918829,1.0
2023-02-06 15:02:10,0.735061,0.888369,1.0
2023-02-06 15:02:12,0.734219,0.882648,1.0
2023-02-06 15:02:14,0.733057,0.911388,1.0
2023-02-06 15:02:16,0.731977,0.928658,1.0
2023-02-06 15:02:18,0.731463,0.911705,1.0
2023-02-06 15:02:20,0.731727,0.882605,1.0
2023-02-06 15:02:22,0.732803,0.89377,1.0
2023-02-06 15:02:24,0.734499,0.919263,1.0
2023-02-06 15:02:26,0.736223,0.924086,1.0
2023-02-06 15:02:28,0.737249,0.909142,1.0
2023-02-06 15:02:30,0.737471,0.900498,1.0
2023-02-06 15:02:32,0.737773,0.903334,1.0
2023-02-06 15:02:34,0.739359,0.90184,1.0
2023-02-06 15:02:36,0.742323,0.89955,1.0
2023-02-06 15:02:38,0.745178,0.908621,1.0
2023-02-06 15:02:40,0.746161,0.919197,1.0
2023-02-06 15:02:42,0.745048,0.918368,1.0
2023-02-06 15:02:44,0.743406,0.906353,1.0
2023-02-06 15:02:46,0.742881,0.902344,1.0
2023-02-06 15:02:48,0.743485,0.908746,1.0
2023-02-06 15:02:50,0.743908,0.909199,1.0
2023-02-06 15:02:52,0.743437,0.900545,1.0
2023-02-06 15:02:54,0.742977,0.901993,1.0
2023-02-06 15:02:56,0.743695,0.914002,1.0
2023-02-06 15:02:58,0.745199,0.915268,1.0
2023-02-06 15:03:00,0.745834,0.903701,1.0
2023-02-06 15:03:02,0.744982,0.89587,1.0
2023-02-06 15:03:04,0.744261,0.907997,1.0
2023-02-06 15:03:06,0.745569,0.918522,1.0
2023-02-06 15:03:08,0.74828,0.911083,1.0
2023-02-06 15:03:10,0.7496,0.897656,1.0
2023-02-06 15:03:12,0.748318,0.905843,1.0
2023-02-06 15:03:14,0.747507,0.927477,1.0
2023-02-06 15:03:16,0.752213,0.934642,1.0
2023-02-06 15:03:18,0.764064,0.917985,1.0
2023-02-06 15:03:20,0.77882,0.89966,1.0
2023-02-06 15:03:22,0.789718,0.907895,1.0
2023-02-06 15:03:24,0.793338,0.926641,1.0
2023-02-06 15:03:26,0.791835,0.934484,1.0
2023-02-06 15:03:28,0.789823,0.923836,1.0
2023-02-06 15:03:30,0.789877,0.909557,1.0
2023-02-06 15:03:32,0.791228,0.911816,1.0
2023-02-06 15:03:34,0.792085,0.922011,1.0
2023-02-06 15:03:36,0.792165,0.93009,1.0
2023-02-06 15:03:38,0.792625,0.930621,1.0
2023-02-06 15:03:40,0.794195,0.924331,1.0
2023-02-06 15:03:42,0.79614,0.920465,1.0
2023-02-06 15:03:44,0.79724,0.922332,1.0
2023-02-06 15:03:46,0.797334,0.927232,1.0
2023-02-06 15:03:48,0.797336,0.928563,1.0
2023-02-06 15:03:50,0.797751,0.926601,1.0
2023-02-06 15:03:52,0.797738,0.925045,1.0
2023-02-06 15:03:54,0.796252,0.921659,1.0
2023-02-06 15:03:56,0.793899,0.918669,1.0
2023-02-06 15:03:58,0.792794,0.92382,1.0
2023-02-06 15:04:00,0.79382,0.931384,1.0
2023-02-06 15:04:02,0.794372,0.925559,1.0
2023-02-06 15:04:04,0.789877,0.902992,1.0
2023-02-06 15:04:06,0.778386,0.895223,1.0
2023-02-06 15:04:08,0.763426,0.908665,1.0
2023-02-06 15:04:10,0.751544,0.91788,1.0
2023-02-06 15:04:12,0.746635,0.910231,1.0
2023-02-06 15:04:14,0.747049,0.90362,1.0
2023-02-06 15:04:16,0.748094,0.913324,1.0
2023-02-06 15:04:18,0.746939,0.919074,1.0
2023-02-06 15:04:20,0.74459,0.908978,1.0
2023-02-06 15:04:22,0.743434,0.90006,1.0
2023-02-06 15:04:24,0.744157,0.910427,1.0
2023-02-06 15:04:26,0.745449,0.920627,1.0
2023-02-06 15:04:28,0.746089,0.909924,1.0
2023-02-06 15:04:30,0.746252,0.895881,1.0
2023-02-06 15:04:32,0.746701,0.901663,1.0
2023-02-06 15:04:34,0.747442,0.916733,1.0
2023-02-06 15:04:36,0.747865,0.917261,1.0
2023-02-06 15:04:38,0.74789,0.905191,1.0
2023-02-06 15:04:40,0.748189,0.910222,1.0
2023-02-06 15:04:42,0.749168,0.923367,1.0
2023-02-06 15:04:44,0.750231,0.918596,1.0
2023-02-06 15:04:46,0.75044,0.893157,1.0
2023-02-06 15:04:48,0.749502,0.884361,1.0
2023-02-06 15:04:50,0.747687,0.909272,1.0
2023-02-06 15:04:52,0.745168,0.928949,1.0
2023-02-06 15:04:54,0.741979,0.920392,1.0
2023-02-06 15:04:56,0.738875,0.90346,1.0
2023-02-06 15:04:58,0.737287,0.900912,1.0
2023-02-06 15:05:00,0.737546,0.906554,1.0
2023-02-06 15:05:02,0.737186,0.904383,1.0
2023-02-06 15:05:04,0.732317,0.897162,1.0
2023-02-06 15:05:06,0.721346,0.899582,1.0
2023-02-06 15:05:08,0.707473,0.905263,1.0
2023-02-06 15:05:10,0.696684,0.900073,1.0
2023-02-06 15:05:12,0.692711,0.888537,1.0
2023-02-06 15:05:14,0.693867,0.88427,1.0
2023-02-06 15:05:16,0.694989,0.890545,1.0
2023-02-06 15:05:18,0.692571,0.891997,1.0
2023-02-06 15:05:20,0.687963,0.88586,1.0
2023-02-06 15:05:22,0.685485,0.889103,1.0
2023-02-06 15:05:24,0.687441,0.903847,1.0
2023-02-06 15:05:26,0.691396,0.908103,1.0
2023-02-06 15:05:28,0.692865,0.887666,1.0
2023-02-06 15:05:30,0.69072,0.867353,1.0
2023-02-06 15:05:32,0.689252,0.880014,1.0
2023-02-06 15:05:34,0.69413,0.906143,1.0
2023-02-06 15:05:36,0.706337,0.91617,1.0
2023-02-06 15:05:38,0.720778,0.910931,1.0
2023-02-06 15:05:40,0.73121,0.90873,1.0
2023-02-06 15:05:42,0.735787,0.910959,1.0
2023-02-06 15:05:44,0.736966,0.906256,1.0
2023-02-06 15:05:46,0.736543,0.89917,1.0
2023-02-06 15:05:48,0.73266,0.90092,1.0
2023-02-06 15:05:50,0.722673,0.902391,1.0
2023-02-06 15:05:52,0.708086,0.890086,1.0
2023-02-06 15:05:54,0.694835,0.878049,1.0
2023-02-06 15:05:56,0.688033,0.889964,1.0
2023-02-06 15:05:58,0.687278,0.909475,1.0
2023-02-06 15:06:00,0.687851,0.904899,1.0
2023-02-06 15:06:02,0.68604,0.883018,1.0
2023-02-06 15:06:04,0.682359,0.877365,1.0
2023-02-06 15:06:06,0.679682,0.895163,1.0
2023-02-06 15:06:08,0.679428,0.906457,1.0
2023-02-06 15:06:10,0.680308,0.897668,1.0
2023-02-06 15:06:12,0.680373,0.885406,1.0
2023-02-06 15:06:14,0.679225,0.881025,1.0
2023-02-06 15:06:16,0.678048,0.88092,1.0
2023-02-06 15:06:18,0.678091,0.886364,1.0
2023-02-06 15:06:20,0.679578,0.896161,1.0
2023-02-06 15:06:22,0.681857,0.900333,1.0
2023-02-06 15:06:24,0.684009,0.892589,1.0
2023-02-06 15:06:26,0.685345,0.883499,1.0
2023-02-06 15:06:28,0.685799,0.887206,1.0
2023-02-06 15:06:30,0.686168,0.896088,1.0
2023-02-06 15:06:32,0.687772,0.903524,1.0
2023-02-06 15:06:34,0.691068,0.906846,1.0
2023-02-06 15:06:36,0.694558,0.898738,1.0
2023-02-06 15:06:38,0.695877,0.879003,1.0
2023-02-06 15:06:40,0.694524,0.86603,1.0
2023-02-06 15:06:42,0.693655,0.884403,1.0
2023-02-06 15:06:44,0.697827,0.915824,1.0
2023-02-06 15:06:46,0.708518,0.927374,1.0
2023-02-06 15:06:48,0.722043,0.912495,1.0
2023-02-06 15:06:50,0.732606,0.8978,1.0
2023-02-06 15:06:52,0.737215,0.898257,1.0
2023-02-06 15:06:54,0.73742,0.901602,1.0
2023-02-06 15:06:56,0.736633,0.905743,1.0
2023-02-06 15:06:58,0.736929,0.914743,1.0
2023-02-06 15:07:00,0.738701,0.9168,1.0
2023-02-06 15:07:02,0.74184,0.905827,1.0
2023-02-06 15:07:04,0.745541,0.88942,1.0
2023-02-06 15:07:06,0.747501,0.89554,1.0
2023-02-06 15:07:08,0.745582,0.919624,1.0
2023-02-06 15:07:10,0.741079,0.922364,1.0
2023-02-06 15:07:12,0.738423,0.906069,1.0
2023-02-06 15:07:14,0.73971,0.897175,1.0
2023-02-06 15:07:16,0.740589,0.910588,1.0
2023-02-06 15:07:18,0.734101,0.915614,1.0
2023-02-06 15:07:20,0.719535,0.898091,1.0
2023-02-06 15:07:22,0.705126,0.885414,1.0
2023-02-06 15:07:24,0.69984,0.89895,1.0
2023-02-06 15:07:26,0.703431,0.910098,1.0
2023-02-06 15:07:28,0.70729,0.898379,1.0
2023-02-06 15:07:30,0.705418,0.881601,1.0
2023-02-06 15:07:32,0.701972,0.888316,1.0
2023-02-06 15:07:34,0.705883,0.903766,1.0
2023-02-06 15:07:36,0.719157,0.906655,1.0
2023-02-06 15:07:38,0.733357,0.899645,1.0
2023-02-06 15:07:40,0.738537,0.898966,1.0
2023-02-06 15:07:42,0.734047,0.906585,1.0
2023-02-06 15:07:44,0.72862,0.910969,1.0
2023-02-06 15:07:46,0.730545,0.911174,1.0
2023-02-06 15:07:48,0.739181,0.91282,1.0
2023-02-06 15:07:50,0.746939,0.915402,1.0
2023-02-06 15:07:52,0.748114,0.913329,1.0
2023-02-06 15:07:54,0.744613,0.906922,1.0
2023-02-06 15:07:56,0.743593,0.905815,1.0
2023-02-06 15:07:58,0.750411,0.911877,1.0
2023-02-06 15:08:00,0.764203,0.919804,1.0
2023-02-06 15:08:02,0.779321,0.922109,1.0
2023-02-06 15:08:04,0.790115,0.918896,1.0
2023-02-06 15:08:06,0.794596,0.919743,1.0
2023-02-06 15:08:08,0.794726,0.923587,1.0
2023-02-06 15:08:10,0.79408,0.921959,1.0
2023-02-06 15:08:12,0.795074,0.918602,1.0
2023-02-06 15:08:14,0.797572,0.926444,1.0
2023-02-06 15:08:16,0.799531,0.939063,1.0
2023-02-06 15:08:18,0.799326,0.935844,1.0
2023-02-06 15:08:20,0.797472,0.917325,1.0
2023-02-06 15:08:22,0.796168,0.908055,1.0
2023-02-06 15:08:24,0.796488,0.913748,1.0
2023-02-06 15:08:26,0.79677,0.915992,1.0
2023-02-06 15:08:28,0.794218,0.910427,1.0
2023-02-06 15:08:30,0.788529,0.91475,1.0
2023-02-06 15:08:32,0.782595,0.932705,1.0
2023-02-06 15:08:34,0.779363,0.937742,1.0
2023-02-06 15:08:36,0.777841,0.916845,1.0
2023-02-06 15:08:38,0.773923,0.899692,1.0
2023-02-06 15:08:40,0.765437,0.903764,1.0
2023-02-06 15:08:42,0.755402,0.918441,1.0
2023-02-06 15:08:44,0.749202,0.921639,1.0
2023-02-06 15:08:46,0.748775,0.915181,1.0
2023-02-06 15:08:48,0.750761,0.911751,1.0
2023-02-06 15:08:50,0.75069,0.911818,1.0
2023-02-06 15:08:52,0.747935,0.909138,1.0
2023-02-06 15:08:54,0.745521,0.90529,1.0
2023-02-06 15:08:56,0.745729,0.904531,1.0
2023-02-06 15:08:58,0.747087,0.908523,1.0
2023-02-06 15:09:00,0.746353,0.913408,1.0
2023-02-06 15:09:02,0.742623,0.912873,1.0
2023-02-06 15:09:04,0.738407,0.907037,1.0
2023-02-06 15:09:06,0.73667,0.899929,1.0
2023-02-06 15:09:08,0.73757,0.900153,1.0
2023-02-06 15:09:10,0.738445,0.9076,1.0
2023-02-06 15:09:12,0.73655,0.909054,1.0
2023-02-06 15:09:14,0.731367,0.899797,1.0
2023-02-06 15:09:16,0.724297,0.892839,1.0
2023-02-06 15:09:18,0.716846,0.898971,1.0
2023-02-06 15:09:20,0.709653,0.904103,1.0
2023-02-06 15:09:22,0.703089,0.896732,1.0
2023-02-06 15:09:24,0.698043,0.885946,1.0
2023-02-06 15:09:26,0.695458,0.890788,1.0
2023-02-06 15:09:28,0.694873,0.900884,1.0
2023-02-06 15:09:30,0.694395,0.894237,1.0
2023-02-06 15:09:32,0.692336,0.880295,1.0
2023-02-06 15:09:34,0.688907,0.886598,1.0
2023-02-06 15:09:36,0.686076,0.910739,1.0
2023-02-06 15:09:38,0.685422,0.913355,1.0
2023-02-06 15:09:40,0.686443,0.885004,1.0
2023-02-06 15:09:42,0.687167,0.865613,1.0
2023-02-06 15:09:44,0.686245,0.88094,1.0
2023-02-06 15:09:46,0.684107,0.906753,1.0
2023-02-06 15:09:48,0.682186,0.90803,1.0
2023-02-06 15:09:50,0.6814,0.887069,1.0
2023-02-06 15:09:52,0.681603,0.876723,1.0
2023-02-06 15:09:54,0.682209,0.886548,1.0
2023-02-06 15:09:56,0.682862,0.897955,1.0
2023-02-06 15:09:58,0.683406,0.895143,1.0
2023-02-06 15:10:00,0.683748,0.886901,1.0
2023-02-06 15:10:02,0.683956,0.886973,1.0
2023-02-06 15:10:04,0.684326,0.896427,1.0
2023-02-06 15:10:06,0.685066,0.902178,1.0
2023-02-06 15:10:08,0.685837,0.895207,1.0
2023-02-06 15:10:10,0.685983,0.881684,1.0
2023-02-06 15:10:12,0.685183,0.87954,1.0
2023-02-06 15:10:14,0.683966,0.897429,1.0
2023-02-06 15:10:16,0.683024,0.905847,1.0
2023-02-06 15:10:18,0.682436,0.895165,1.0
2023-02-06 15:10:20,0.681899,0.88256,1.0
2023-02-06 15:10:22,0.681602,0.885693,1.0
2023-02-06 15:10:24,0.682182,0.894007,1.0
2023-02-06 15:10:26,0.683429,0.891861,1.0
2023-02-06 15:10:28,0.683629,0.888468,1.0
2023-02-06 15:10:30,0.681233,0.891114,1.0
2023-02-06 15:10:32,0.677397,0.88935,1.0
2023-02-06 15:10:34,0.675702,0.884857,1.0
2023-02-06 15:10:36,0.678133,0.898686,1.0
2023-02-06 15:10:38,0.681435,0.916472,1.0
2023-02-06 15:10:40,0.678861,0.898622,1.0
2023-02-06 15:10:42,0.666865,0.863018,1.0
2023-02-06 15:10:44,0.649822,0.862371,1.0
2023-02-06 15:10:46,0.637068,0.894294,1.0
2023-02-06 15:10:48,0.634452,0.896277,1.0
2023-02-06 15:10:50,0.639127,0.85519,1.0
2023-02-06 15:10:52,0.643155,0.857603,1.0
2023-02-06 15:10:54,0.642087,0.900371,1.0
2023-02-06 15:10:56,0.639332,0.90091,1.0
2023-02-06 15:10:58,0.641903,0.857834,1.0
2023-02-06 15:11:00,0.65256,0.859569,1.0
2023-02-06 15:11:02,0.666764,0.908086,1.0
2023-02-06 15:11:04,0.677176,0.930287,1.0
2023-02-06 15:11:06,0.68034,0.880053,1.0
2023-02-06 15:11:08,0.67877,0.862037,1.0
2023-02-06 15:11:10,0.67717,0.8887,1.0
2023-02-06 15:11:12,0.677836,0.0,1.0
2023-02-06 15:11:14,0.679641,0.0,1.0
