segment_idx,segment_start,segment_end,m1_speed_psd_peak_baseband,m1_speed_psd_peak_fm_demodulated,m1_speed_psd_mean_energy_baseband,m1_speed_psd_mean_energy_fm_demodulated,m1_speed_psd_peak_freq_baseband,m1_speed_psd_peak_freq_fm_demodulated,m1_speed_rms_baseband,m1_speed_rms_fm_demodulated,m1_speed_mean_baseband,m1_speed_mean_fm_demodulated,m1_speed_variance_baseband,m1_speed_variance_fm_demodulated,m1_speed_fft_peak_baseband,m1_speed_fft_peak_fm_demodulated,m2_speed_psd_peak_baseband,m2_speed_psd_peak_fm_demodulated,m2_speed_psd_mean_energy_baseband,m2_speed_psd_mean_energy_fm_demodulated,m2_speed_psd_peak_freq_baseband,m2_speed_psd_peak_freq_fm_demodulated,m2_speed_rms_baseband,m2_speed_rms_fm_demodulated,m2_speed_mean_baseband,m2_speed_mean_fm_demodulated,m2_speed_variance_baseband,m2_speed_variance_fm_demodulated,m2_speed_fft_peak_baseband,m2_speed_fft_peak_fm_demodulated,m3_speed_psd_peak_baseband,m3_speed_psd_peak_fm_demodulated,m3_speed_psd_mean_energy_baseband,m3_speed_psd_mean_energy_fm_demodulated,m3_speed_psd_peak_freq_baseband,m3_speed_psd_peak_freq_fm_demodulated,m3_speed_rms_baseband,m3_speed_rms_fm_demodulated,m3_speed_mean_baseband,m3_speed_mean_fm_demodulated,m3_speed_variance_baseband,m3_speed_variance_fm_demodulated,m3_speed_fft_peak_baseband,m3_speed_fft_peak_fm_demodulated,o8_compressor_psd_peak_baseband,o8_compressor_psd_peak_fm_demodulated,o8_compressor_psd_mean_energy_baseband,o8_compressor_psd_mean_energy_fm_demodulated,o8_compressor_psd_peak_freq_baseband,o8_compressor_psd_peak_freq_fm_demodulated,o8_compressor_rms_baseband,o8_compressor_rms_fm_demodulated,o8_compressor_mean_baseband,o8_compressor_mean_fm_demodulated,o8_compressor_variance_baseband,o8_compressor_variance_fm_demodulated,o8_compressor_fft_peak_baseband,o8_compressor_fft_peak_fm_demodulated,current_task_duration_psd_peak_baseband,current_task_duration_psd_peak_fm_demodulated,current_task_duration_psd_mean_energy_baseband,current_task_duration_psd_mean_energy_fm_demodulated,current_task_duration_psd_peak_freq_baseband,current_task_duration_psd_peak_freq_fm_demodulated,current_task_duration_rms_baseband,current_task_duration_rms_fm_demodulated,current_task_duration_mean_baseband,current_task_duration_mean_fm_demodulated,current_task_duration_variance_baseband,current_task_duration_variance_fm_demodulated,current_task_duration_fft_peak_baseband,current_task_duration_fft_peak_fm_demodulated,current_state_binary
0,2023-02-06T14:08:08.000000000,2023-02-06T14:09:06.000000000,0.002341,1.0,0.002053,1.0,1.0,0.816246,0.0,0.618394,0.0,0.095079,0.613478,1.0,0.0,0.095079,0.0,0.774782,0.0,0.856516,0.0,0.548406,0.0,0.353629,0.03199,0.575927,0.0,0.092363,0.0,0.454948,0.002341,0.650338,0.002612,1.0,1.0,0.0,0.0,0.0,0.0,0.0,0.613478,1.0,0.0,0.0,0.0,0.499151,0.0,0.654337,0.0,0.54727,0.0,0.289807,0.003327,0.654989,0.0,0.178591,0.0,0.686334,0.0,1.0,0.0,1.0,0.0,0.261434,0.0,0.119014,0.006772,0.328035,0.0,0.687618,0.0,0.503829,1
1,2023-02-06T14:08:38.000000000,2023-02-06T14:09:36.000000000,1.0,0.502844,0.785987,0.408229,0.333333,0.583044,0.601486,0.772629,0.555792,0.080339,1.0,0.624701,0.555792,0.080339,0.0,0.570202,0.0,0.701763,0.0,0.132969,0.0,0.239473,0.03199,0.170019,0.0,0.109766,0.0,0.306676,1.0,0.328564,1.0,0.511108,0.333333,0.856687,0.68181,0.504595,0.597093,0.507192,1.0,0.769831,0.597093,0.507192,0.0,0.011862,0.0,0.0,0.0,0.0,0.0,0.048242,0.003327,0.0,0.0,0.122632,0.0,0.0,0.0,0.03642,0.0,0.070823,0.0,0.0,0.0,0.109257,0.006772,0.158414,0.0,0.045778,0.0,0.078732,1
2,2023-02-06T14:09:08.000000000,2023-02-06T14:10:06.000000000,0.000334,0.0,0.000285,0.0,1.0,0.391999,0.875311,0.970323,0.926128,0.176434,0.000475,0.0,0.926128,0.176434,0.0,0.640035,0.0,0.750906,0.0,0.26263,0.0,0.311417,0.03199,0.290012,0.0,0.16605,0.0,0.378916,0.000334,0.0,0.000363,0.0,1.0,0.75526,0.992203,1.0,0.994948,0.994535,0.000475,0.0,0.994948,0.994535,0.0,0.171502,0.0,0.259577,0.0,0.164009,0.0,0.129913,0.003327,0.217712,0.0,0.174744,0.0,0.246057,0.0,0.369901,0.0,0.401115,0.0,0.082454,0.0,0.170417,0.006772,0.265585,0.0,0.260718,0.0,0.276925,1
3,2023-02-06T14:09:38.000000000,2023-02-06T14:10:36.000000000,0.0,0.29209,0.0,0.243656,0.333333,0.181536,0.875276,0.900846,0.926158,0.11127,1e-06,0.3066,0.926158,0.11127,0.0,0.695086,0.0,0.787929,0.0,0.255934,0.0,0.379856,0.03199,0.36424,0.0,0.234199,0.0,0.442869,0.0,0.319393,0.0,0.284302,0.333333,0.655595,0.992163,0.884996,0.994981,0.876404,1e-06,0.441927,0.994981,0.876404,0.0,0.262936,0.0,0.308487,0.0,0.224746,0.0,0.186811,0.003327,0.288656,0.0,0.234771,0.0,0.30562,0.0,0.413147,0.0,0.435261,0.0,0.140537,0.0,0.233943,0.006772,0.29589,0.0,0.304998,0.0,0.291644,1
4,2023-02-06T14:10:08.000000000,2023-02-06T14:11:06.000000000,0.0,0.188721,0.0,0.150483,0.0,0.129524,0.875147,0.79535,0.92606,0.063994,0.0,0.263004,0.92606,0.063994,0.0,0.693762,0.0,0.784694,0.0,0.181713,0.0,0.34765,0.03199,0.168203,0.0,0.206648,0.0,0.406465,0.0,0.198312,0.0,0.186273,0.0,0.712982,0.992017,0.589197,0.994875,0.623287,0.0,0.37087,0.994875,0.623287,0.0,0.108942,0.0,0.073998,0.0,0.049565,0.0,0.137048,0.003327,0.070579,0.0,0.249852,0.0,0.076041,0.0,0.171007,0.0,0.193789,0.0,0.071098,0.0,0.24406,0.006772,0.188974,0.0,0.125433,0.0,0.108007,1
5,2023-02-06T14:10:38.000000000,2023-02-06T14:11:36.000000000,0.0,0.219883,0.0,0.147099,0.0,0.188116,0.875147,0.833138,0.92606,0.112136,0.0,0.218436,0.92606,0.112136,0.0,0.669795,0.0,0.769991,0.0,0.122963,0.0,0.357931,0.03199,0.239719,0.0,0.169423,0.0,0.426242,0.0,0.238508,0.0,0.216457,0.0,0.668766,0.992017,0.502374,0.994875,0.581116,0.0,0.29332,0.994875,0.581116,0.0,0.21013,0.0,0.204623,0.0,0.226057,0.0,0.115118,0.003327,0.196866,0.0,0.202866,0.0,0.212363,0.0,0.202577,0.0,0.213919,0.0,0.148563,0.0,0.169409,0.006772,0.120096,0.0,0.185747,0.0,0.100412,1
6,2023-02-06T14:11:08.000000000,2023-02-06T14:12:06.000000000,0.0,0.22181,0.0,0.099017,0.0,0.211178,0.875147,0.881171,0.92606,0.128318,0.0,0.325219,0.92606,0.128318,0.0,0.683849,0.0,0.7774,0.0,0.14138,0.0,0.307888,0.03199,0.128282,0.0,0.123727,0.0,0.375322,0.0,0.228503,0.0,0.218229,0.0,0.734544,0.992017,0.627454,0.994875,0.681183,0.0,0.403014,0.994875,0.681183,0.0,0.087253,0.0,0.056311,0.0,0.050402,0.0,0.093451,0.003327,0.048509,0.0,0.237116,0.0,0.0565,0.0,0.09291,0.0,0.109552,0.0,0.077212,0.0,0.169735,0.006772,0.065184,0.0,0.073053,0.0,0.00718,1
7,2023-02-06T14:11:38.000000000,2023-02-06T14:12:36.000000000,0.0,0.187068,0.0,0.121465,0.0,0.205259,0.875147,0.861913,0.92606,0.094123,0.0,0.190985,0.92606,0.094123,0.0,0.696993,0.0,0.786247,0.0,0.183491,0.0,0.337765,0.03199,0.143874,0.0,0.151359,0.0,0.405607,0.0,0.168923,0.0,0.188753,0.0,0.72694,0.992017,0.766347,0.994875,0.763147,0.0,0.221905,0.994875,0.763147,0.0,0.176139,0.0,0.145501,0.0,0.237754,0.0,0.140049,0.003327,0.139953,0.0,0.269962,0.0,0.152528,0.0,0.167444,0.0,0.182293,0.0,0.138802,0.0,0.176799,0.006772,0.095546,0.0,0.134256,0.0,0.056421,1
8,2023-02-06T14:12:08.000000000,2023-02-06T14:13:06.000000000,0.0,0.298917,0.0,0.169563,0.0,0.187943,0.875147,0.867652,0.92606,0.11687,0.0,0.335122,0.92606,0.11687,0.0,0.643477,0.0,0.750208,0.0,0.125474,0.0,0.343307,0.03199,0.23883,0.0,0.158655,0.0,0.411478,0.0,0.25155,0.0,0.302102,0.0,0.671948,0.992017,0.777257,0.994875,0.784504,0.0,0.384272,0.994875,0.784504,0.0,0.189715,0.0,0.173644,0.0,0.708574,0.0,0.14254,0.003327,0.185473,0.0,0.240691,0.0,0.194272,0.0,0.1095,0.0,0.124306,0.0,0.164453,0.0,0.147751,0.006772,0.085175,0.0,0.136757,0.0,0.051304,1
9,2023-02-06T14:12:38.000000000,2023-02-06T14:13:36.000000000,0.0,0.220672,0.0,0.151045,0.0,0.397786,0.875147,0.895188,0.92606,0.148216,0.0,0.281444,0.92606,0.148216,0.0,0.706903,0.0,0.79368,0.0,0.466118,0.0,0.249621,0.03199,0.003904,0.0,0.063417,0.0,0.322423,0.0,0.156415,0.0,0.225329,0.0,0.805486,0.992017,0.706118,0.994875,0.737975,0.0,0.303691,0.994875,0.737975,1e-06,0.254398,1e-06,0.231467,1.0,0.812447,0.003371,0.356242,0.002487,0.195452,2.8e-05,0.470845,0.001592,0.204466,0.0,0.215812,0.0,0.236981,0.0,0.070799,0.0,0.153644,0.006772,0.078643,0.0,0.075832,0.0,0.030403,1
10,2023-02-06T14:13:08.000000000,2023-02-06T14:14:06.000000000,0.0,0.381528,0.0,0.438421,0.0,0.585868,0.875147,0.86726,0.92606,0.119461,0.0,0.247359,0.92606,0.119461,0.0,0.65328,0.0,0.756533,0.0,0.653383,0.0,0.557699,0.03199,0.517409,0.0,0.446445,0.0,0.604472,0.0,0.252105,0.0,0.378052,0.0,0.834917,0.992017,0.617952,0.994875,0.645809,0.0,0.28539,0.994875,0.645809,0.00045,0.683735,0.000418,0.63694,1.0,0.549755,0.45221,0.755407,0.210143,0.64429,0.454717,0.79417,0.207507,0.644672,0.0,0.213451,0.0,0.231938,0.0,0.291429,0.0,0.360385,0.006772,0.39042,0.0,0.394786,0.0,0.36848,1
11,2023-02-06T14:13:38.000000000,2023-02-06T14:14:36.000000000,3e-06,0.515175,3e-06,0.720171,1.0,0.74123,0.874963,0.852746,0.925915,0.109991,3.8e-05,0.453966,0.925915,0.109991,1.5e-05,0.732293,1.5e-05,0.813431,1.0,0.66061,0.028204,0.85089,0.028917,1.0,0.000871,0.812493,0.034519,0.86886,2e-06,0.324008,3e-06,0.484389,1.0,0.826401,0.992967,0.570635,0.99555,0.615592,9e-05,0.562303,0.99555,0.615592,0.715466,0.901095,0.700753,0.775198,0.666667,0.382238,0.650206,0.893926,0.444339,0.859311,0.759007,0.962373,0.442485,0.843856,0.0,0.351096,0.0,0.372098,0.333333,0.384974,0.002427,0.688833,0.007001,0.771437,7e-06,0.651889,0.001882,0.718197,1
12,2023-02-06T14:14:08.000000000,2023-02-06T14:15:06.000000000,0.001151,0.421967,0.000981,0.705421,1.0,0.743732,0.908052,0.932962,0.927441,0.170666,0.200534,0.419865,0.927441,0.170666,0.015262,0.904859,0.010749,0.936822,1.0,0.806012,0.988367,0.984042,1.0,0.974894,0.969252,0.935573,1.0,0.991191,0.002674,0.288885,0.002871,0.386136,1.0,0.942811,0.91122,0.610209,0.911436,0.675491,0.183616,0.501948,0.911436,0.675491,0.856068,0.701636,0.787785,0.529746,0.333333,0.513982,0.870453,0.61257,0.759714,0.646281,0.978662,0.724358,0.758912,0.629313,0.00015,0.766511,0.000128,0.777097,1.0,0.315755,0.765335,0.884728,0.619464,0.900695,0.630565,0.772191,0.616869,0.870752,1
13,2023-02-06T14:14:38.000000000,2023-02-06T14:15:36.000000000,0.777667,0.320865,0.999383,0.443509,0.666667,0.552655,0.967539,0.975794,0.962913,0.179312,0.294229,0.319393,0.962913,0.179312,0.922637,0.866701,0.989515,0.917453,0.333333,0.967802,0.999849,0.579061,0.973103,0.4133,0.999832,0.370023,0.973734,0.640261,0.416793,0.298324,0.644962,0.318299,0.333333,0.962923,0.916446,0.694315,0.914369,0.727487,0.190344,0.349191,0.914369,0.727487,0.474514,0.252568,0.393508,0.203397,0.333333,0.57126,0.734526,0.281284,0.526509,0.2188,0.925077,0.435253,0.524929,0.227283,0.841185,0.660915,0.81283,0.656685,0.333333,0.211244,0.895004,0.588779,0.85827,0.515972,0.815463,0.564364,0.857304,0.551422,1
14,2023-02-06T14:15:08.000000000,2023-02-06T14:16:06.000000000,0.020691,0.246517,0.020111,0.208674,0.0,0.429238,0.936167,0.874186,0.961718,0.112743,0.094075,0.241739,0.961718,0.112743,0.006963,0.703185,0.004678,0.796772,1.0,0.783728,0.15385,0.250429,0.0,0.0,0.025832,0.060705,0.203244,0.33439,0.003969,0.235541,0.004376,0.248568,1.0,0.871039,0.998279,0.726738,0.998731,0.725717,0.005213,0.281894,0.998731,0.725717,0.000127,0.110457,0.000109,0.132749,1.0,0.392698,0.011154,0.016941,0.003336,0.101839,0.000321,0.151596,0.005764,0.122047,0.02084,0.176414,0.018931,0.192129,0.0,0.360678,0.464047,0.197954,0.247327,0.156811,0.249566,0.213116,0.284394,0.14457,1
15,2023-02-06T14:15:38.000000000,2023-02-06T14:16:36.000000000,1.1e-05,0.260725,1.3e-05,0.238236,1.0,0.253746,0.875585,0.801019,0.926391,0.07695,2.3e-05,0.243919,0.926391,0.07695,3e-06,0.787141,4e-06,0.849064,1.0,0.407163,0.00668,0.387756,0.029969,0.279324,4.8e-05,0.267046,0.006825,0.44071,3e-06,0.259782,6e-06,0.268712,1.0,0.780325,0.992361,0.669601,0.995123,0.69189,9e-06,0.324013,0.995123,0.69189,0.0,0.168591,0.0,0.161054,0.333333,0.136571,0.000604,0.134613,0.003185,0.161276,1e-06,0.209825,0.000189,0.174047,8e-06,0.414327,1e-05,0.425216,1.0,0.328505,0.006233,0.210467,0.008292,0.205816,4.7e-05,0.195219,0.005216,0.141211,1
16,2023-02-06T14:16:08.000000000,2023-02-06T14:17:06.000000000,0.0,0.259024,0.0,0.182615,0.0,0.111369,0.875147,0.845428,0.92606,0.091606,0.0,0.279934,0.92606,0.091606,0.0,0.701412,0.0,0.793341,0.0,0.001631,0.0,0.281111,0.03199,0.162698,0.0,0.082936,0.0,0.357142,0.0,0.222201,0.0,0.261775,0.0,0.660064,0.992017,0.625068,0.994875,0.675053,0.0,0.324271,0.994875,0.675053,0.0,0.150886,0.0,0.165785,0.0,0.151657,0.0,0.135434,0.003327,0.138035,0.0,0.24871,0.0,0.15291,0.0,0.236695,0.0,0.241814,0.0,0.130179,0.0,0.160374,0.006772,0.120203,0.0,0.156088,0.0,0.105704,1
17,2023-02-06T14:16:38.000000000,2023-02-06T14:17:36.000000000,0.0,0.195578,0.0,0.104601,0.0,0.206619,0.875147,0.902065,0.92606,0.115848,0.0,0.188991,0.92606,0.115848,0.0,0.650975,0.0,0.750464,0.0,0.264595,0.0,0.282838,0.03199,0.145931,0.0,0.123967,0.0,0.350297,0.0,0.159498,0.0,0.195844,0.0,0.701214,0.992017,0.687241,0.994875,0.714391,0.0,0.203833,0.994875,0.714391,0.0,0.063097,0.0,0.0732,0.0,0.148364,0.0,0.06631,0.003327,0.053846,0.0,0.176032,0.0,0.070981,0.0,0.132548,0.0,0.164036,0.0,0.081441,0.0,0.132231,0.006772,0.098704,0.0,0.069936,0.0,0.030718,1
18,2023-02-06T14:17:08.000000000,2023-02-06T14:18:06.000000000,0.0,0.273607,0.0,0.222012,0.0,0.18577,0.875147,0.881942,0.92606,0.13354,0.0,0.25916,0.92606,0.13354,0.0,0.712882,0.0,0.796902,0.0,0.093683,0.0,0.330899,0.03199,0.233212,0.0,0.162069,0.0,0.397384,0.0,0.240248,0.0,0.286423,0.0,0.703493,0.992017,0.758851,0.994875,0.763746,0.0,0.321223,0.994875,0.763746,0.0,0.159946,0.0,0.179645,0.0,0.103292,0.0,0.128659,0.003327,0.1526,0.0,0.218953,0.0,0.169218,0.0,0.338742,0.0,0.354309,0.0,0.132843,0.0,0.196335,0.006772,0.179571,0.0,0.172897,0.0,0.141143,1
19,2023-02-06T14:17:38.000000000,2023-02-06T14:18:36.000000000,0.0,0.254024,0.0,0.189516,0.0,0.177834,0.875147,0.848036,0.92606,0.140677,0.0,0.271944,0.92606,0.140677,0.0,0.632552,0.0,0.743766,0.0,0.113854,0.0,0.306627,0.03199,0.189395,0.0,0.132676,0.0,0.376838,0.0,0.188492,0.0,0.251475,0.0,0.688595,0.992017,0.765971,0.994875,0.769191,0.0,0.310157,0.994875,0.769191,0.0,0.164897,0.0,0.165606,0.0,0.136723,0.0,0.126748,0.003327,0.148973,0.0,0.228375,0.0,0.160037,0.0,0.092341,0.0,0.115592,0.0,0.082244,0.0,0.16978,0.006772,0.149175,0.0,0.138952,0.0,0.108367,1
20,2023-02-06T14:18:08.000000000,2023-02-06T14:19:06.000000000,0.0,0.250809,0.0,0.218796,0.0,0.205801,0.875147,0.847978,0.92606,0.110115,0.0,0.245095,0.92606,0.110115,0.0,0.668329,0.0,0.766854,0.0,0.192798,0.0,0.37901,0.03199,0.271461,0.0,0.220627,0.0,0.439604,0.0,0.206275,0.0,0.251399,0.0,0.70897,0.992017,0.760932,0.994875,0.75128,0.0,0.302863,0.994875,0.75128,0.0,0.148738,0.0,0.140772,0.0,0.113692,0.0,0.138067,0.003327,0.133803,0.0,0.22945,0.0,0.146097,0.0,0.213211,0.0,0.237388,0.0,0.122837,0.0,0.237189,0.006772,0.20103,0.0,0.162029,0.0,0.135177,1
21,2023-02-06T14:18:38.000000000,2023-02-06T14:19:36.000000000,0.0,0.277604,0.0,0.228331,0.0,0.14737,0.875147,0.865137,0.92606,0.082877,0.0,0.303652,0.92606,0.082877,0.0,0.642404,0.0,0.752982,0.0,0.10218,0.0,0.353526,0.03199,0.263525,0.0,0.166949,0.0,0.422585,0.0,0.212848,0.0,0.274954,0.0,0.692954,0.992017,0.728586,0.994875,0.730897,0.0,0.369863,0.994875,0.730897,0.0,0.222,0.0,0.20441,0.0,0.150908,0.0,0.17107,0.003327,0.200098,0.0,0.273311,0.0,0.206507,0.0,0.138259,0.0,0.152701,0.0,0.122088,0.0,0.200948,0.006772,0.16191,0.0,0.18108,0.0,0.136427,1
22,2023-02-06T14:19:08.000000000,2023-02-06T14:20:06.000000000,0.0,0.196754,0.0,0.126496,0.0,0.164802,0.875147,0.877635,0.92606,0.117907,0.0,0.206194,0.92606,0.117907,0.0,0.640054,0.0,0.7471,0.0,0.281513,0.0,0.334254,0.03199,0.199287,0.0,0.164224,0.0,0.3991,0.0,0.156689,0.0,0.187705,0.0,0.679189,0.992017,0.670965,0.994875,0.713191,0.0,0.232864,0.994875,0.713191,0.0,0.091398,0.0,0.072051,0.0,0.199824,0.0,0.1017,0.003327,0.071058,0.0,0.224554,0.0,0.081113,0.0,0.099785,0.0,0.129188,0.0,0.085082,0.0,0.169988,0.006772,0.108381,0.0,0.097952,0.0,0.047299,1
23,2023-02-06T14:19:38.000000000,2023-02-06T14:20:36.000000000,0.0,0.267309,0.0,0.22835,0.0,0.192955,0.875147,0.880451,0.92606,0.157463,0.0,0.246883,0.92606,0.157463,0.0,0.72522,0.0,0.807961,0.0,0.17714,0.0,0.360824,0.03199,0.222038,0.0,0.197287,0.0,0.423035,0.0,0.26045,0.0,0.279427,0.0,0.693166,0.992017,0.712469,0.994875,0.738237,0.0,0.333877,0.994875,0.738237,0.0,0.169371,0.0,0.169415,0.0,0.171403,0.0,0.101043,0.003327,0.155272,0.0,0.199165,0.0,0.17251,0.0,0.336817,0.0,0.348259,0.0,0.100695,0.0,0.200622,0.006772,0.162258,0.0,0.203805,0.0,0.137013,1
24,2023-02-06T14:20:08.000000000,2023-02-06T14:21:06.000000000,0.0,0.258601,0.0,0.208748,0.0,0.18255,0.875147,0.857484,0.92606,0.145511,0.0,0.273509,0.92606,0.145511,0.0,0.67475,0.0,0.774271,0.0,0.16795,0.0,0.335606,0.03199,0.196248,0.0,0.17317,0.0,0.401006,0.0,0.222362,0.0,0.25804,0.0,0.691798,0.992017,0.805952,0.994875,0.784492,0.0,0.340001,0.994875,0.784492,0.0,0.188088,0.0,0.170243,0.0,0.164178,0.0,0.122486,0.003327,0.169892,0.0,0.218582,0.0,0.178571,0.0,0.159208,0.0,0.177832,0.0,0.097149,0.0,0.173842,0.006772,0.145142,0.0,0.177168,0.0,0.116257,1
25,2023-02-06T14:20:38.000000000,2023-02-06T14:21:36.000000000,0.0,0.23761,0.0,0.19514,0.0,0.195153,0.875147,0.842157,0.92606,0.120986,0.0,0.223407,0.92606,0.120986,0.0,0.708213,0.0,0.794531,0.0,0.224956,0.0,0.350182,0.03199,0.216212,0.0,0.195042,0.0,0.411657,0.0,0.221834,0.0,0.241769,0.0,0.693687,0.992017,0.742868,0.994875,0.746403,0.0,0.279738,0.994875,0.746403,0.0,0.114776,0.0,0.11709,0.0,0.146307,0.0,0.107333,0.003327,0.102517,0.0,0.202398,0.0,0.120108,0.0,0.278619,0.0,0.294841,0.0,0.104878,0.0,0.212903,0.006772,0.167657,0.0,0.158901,0.0,0.111187,1
26,2023-02-06T14:21:08.000000000,2023-02-06T14:22:06.000000000,0.0,0.278454,0.0,0.227165,0.0,0.177986,0.875147,0.878613,0.92606,0.118468,0.0,0.282567,0.92606,0.118468,0.0,0.697048,0.0,0.789148,0.0,0.102405,0.0,0.327959,0.03199,0.22181,0.0,0.161052,0.0,0.395136,0.0,0.241712,0.0,0.285053,0.0,0.698407,0.992017,0.61132,0.994875,0.666615,0.0,0.349221,0.994875,0.666615,0.0,0.205515,0.0,0.203662,0.0,0.125696,0.0,0.139448,0.003327,0.189966,0.0,0.228402,0.0,0.201847,0.0,0.25681,0.0,0.265909,0.0,0.112815,0.0,0.177932,0.006772,0.158461,0.0,0.189359,0.0,0.136296,1
27,2023-02-06T14:21:38.000000000,2023-02-06T14:22:36.000000000,0.0,0.228513,0.0,0.1769,0.0,0.179329,0.875147,0.902505,0.92606,0.111968,0.0,0.236336,0.92606,0.111968,0.0,0.655235,0.0,0.758192,0.0,0.193929,0.0,0.327568,0.03199,0.21445,0.0,0.163764,0.0,0.393093,0.0,0.179692,0.0,0.22082,0.0,0.691532,0.992017,0.680158,0.994875,0.708531,0.0,0.267671,0.994875,0.708531,0.0,0.121555,0.0,0.114238,0.0,0.129193,0.0,0.129188,0.003327,0.104987,0.0,0.22715,0.0,0.115264,0.0,0.134596,0.0,0.160921,0.0,0.106768,0.0,0.199222,0.006772,0.16585,0.0,0.12854,0.0,0.099029,1
28,2023-02-06T14:22:08.000000000,2023-02-06T14:23:06.000000000,0.0,0.253792,0.0,0.20111,0.0,0.164553,0.875147,0.846655,0.92606,0.106029,0.0,0.254259,0.92606,0.106029,0.0,0.674662,0.0,0.772068,0.0,0.141455,0.0,0.336538,0.03199,0.260304,0.0,0.162409,0.0,0.403571,0.0,0.207057,0.0,0.254067,0.0,0.695915,0.992017,0.871032,0.994875,0.833366,0.0,0.299911,0.994875,0.833366,0.0,0.157927,0.0,0.159946,0.0,0.118938,0.0,0.148614,0.003327,0.140824,0.0,0.246834,0.0,0.154151,0.0,0.23035,0.0,0.243452,0.0,0.122425,0.0,0.208018,0.006772,0.171158,0.0,0.154754,0.0,0.119817,1
29,2023-02-06T14:22:38.000000000,2023-02-06T14:23:36.000000000,0.0,0.212363,0.0,0.125127,0.0,0.143162,0.875147,0.798535,0.92606,0.125411,0.0,0.224877,0.92606,0.125411,0.0,0.633666,0.0,0.743264,0.0,0.183167,0.0,0.28526,0.03199,0.203432,0.0,0.103212,0.0,0.357149,0.0,0.155375,0.0,0.20349,0.0,0.677946,0.992017,0.832186,0.994875,0.810741,0.0,0.238973,0.994875,0.810741,0.0,0.123187,0.0,0.112948,0.0,0.164531,0.0,0.116446,0.003327,0.102801,0.0,0.24045,0.0,0.109161,0.0,0.087779,0.0,0.115551,0.0,0.093617,0.0,0.128697,0.006772,0.09509,0.0,0.093533,0.0,0.051941,1
30,2023-02-06T14:23:08.000000000,2023-02-06T14:24:06.000000000,0.0,0.241603,0.0,0.204543,0.0,0.211323,0.875147,0.85248,0.92606,0.138847,0.0,0.210943,0.92606,0.138847,0.0,0.704248,0.0,0.790528,0.0,0.200533,0.0,0.336411,0.03199,0.176915,0.0,0.175682,0.0,0.399831,0.0,0.219966,0.0,0.246001,0.0,0.688935,0.992017,0.656027,0.994875,0.688586,0.0,0.268429,0.994875,0.688586,0.0,0.103705,0.0,0.1182,0.0,0.160191,0.0,0.064385,0.003327,0.088639,0.0,0.166965,0.0,0.112043,0.0,0.27399,0.0,0.297443,0.0,0.075405,0.0,0.210999,0.006772,0.181166,0.0,0.163535,0.0,0.129516,1
31,2023-02-06T14:23:38.000000000,2023-02-06T14:24:36.000000000,0.0,0.30651,0.0,0.28231,0.0,0.202296,0.875147,0.932489,0.92606,0.120317,0.0,0.323341,0.92606,0.120317,0.0,0.684167,0.0,0.78108,0.0,0.077618,0.0,0.378291,0.03199,0.245187,0.0,0.216823,0.0,0.441445,0.0,0.252169,0.0,0.309486,0.0,0.714234,0.992017,0.584289,0.994875,0.641718,0.0,0.41404,0.994875,0.641718,0.0,0.262879,0.0,0.244279,0.0,0.114607,0.0,0.159714,0.003327,0.245863,0.0,0.235492,0.0,0.251782,0.0,0.207914,0.0,0.220956,0.0,0.130849,0.0,0.21372,0.006772,0.203955,0.0,0.23065,0.0,0.184469,1
32,2023-02-06T14:24:08.000000000,2023-02-06T14:25:06.000000000,0.0,0.225941,0.0,0.172469,0.0,0.171662,0.875147,0.913639,0.92606,0.131938,0.0,0.23932,0.92606,0.131938,0.0,0.649163,0.0,0.754917,0.0,0.226807,0.0,0.347325,0.03199,0.213049,0.0,0.178513,0.0,0.411588,0.0,0.180356,0.0,0.217826,0.0,0.686953,0.992017,0.602384,0.994875,0.663911,0.0,0.282711,0.994875,0.663911,0.0,0.119313,0.0,0.107758,0.0,0.173497,0.0,0.119182,0.003327,0.105909,0.0,0.229026,0.0,0.114434,0.0,0.105443,0.0,0.133333,0.0,0.105587,0.0,0.193208,0.006772,0.145919,0.0,0.131405,0.0,0.089396,1
33,2023-02-06T14:24:38.000000000,2023-02-06T14:25:36.000000000,0.0,0.293426,0.0,0.265352,0.0,0.222558,0.875147,0.843731,0.92606,0.16129,0.0,0.276368,0.92606,0.16129,0.0,0.732184,0.0,0.812469,0.0,0.133687,0.0,0.373296,0.03199,0.207818,0.0,0.22249,0.0,0.433583,0.0,0.281035,0.0,0.313004,0.0,0.70575,0.992017,0.638834,0.994875,0.687419,0.0,0.376814,0.994875,0.687419,0.0,0.196686,0.0,0.205047,0.0,0.147775,0.0,0.10752,0.003327,0.187371,0.0,0.190815,0.0,0.210219,0.0,0.350459,0.0,0.3577,0.0,0.10131,0.0,0.21623,0.006772,0.188609,0.0,0.228754,0.0,0.16779,1
34,2023-02-06T14:25:08.000000000,2023-02-06T14:26:06.000000000,0.0,0.292231,0.0,0.257367,0.0,0.189745,0.875147,0.843868,0.92606,0.131417,0.0,0.318464,0.92606,0.131417,0.0,0.657146,0.0,0.764506,0.0,0.134636,0.0,0.378852,0.03199,0.247829,0.0,0.22435,0.0,0.440456,0.0,0.239266,0.0,0.296583,0.0,0.712593,0.992017,0.72375,0.994875,0.732709,0.0,0.404202,0.994875,0.732709,0.0,0.244324,0.0,0.221602,0.0,0.118886,0.0,0.179631,0.003327,0.235268,0.0,0.260023,0.0,0.238314,0.0,0.124151,0.0,0.141013,0.0,0.141246,0.0,0.20555,0.006772,0.184607,0.0,0.20906,0.0,0.15468,1
35,2023-02-06T14:25:38.000000000,2023-02-06T14:26:36.000000000,0.0,0.21977,0.0,0.161531,0.0,0.165343,0.875147,0.895937,0.92606,0.064638,0.0,0.219554,0.92606,0.064638,0.0,0.67441,0.0,0.770979,0.0,0.230623,0.0,0.334975,0.03199,0.236796,0.0,0.163622,0.0,0.400482,0.0,0.191355,0.0,0.218943,0.0,0.681896,0.992017,0.83018,0.994875,0.801444,0.0,0.255322,0.994875,0.801444,0.0,0.08496,0.0,0.091696,0.0,0.164002,0.0,0.118977,0.003327,0.072229,0.0,0.231537,0.0,0.089605,0.0,0.239576,0.0,0.256164,0.0,0.099131,0.0,0.209383,0.006772,0.149811,0.0,0.122547,0.0,0.080223,1
36,2023-02-06T14:26:08.000000000,2023-02-06T14:27:06.000000000,0.0,0.280196,0.0,0.227399,0.0,0.188713,0.875147,0.899166,0.92606,0.068195,0.0,0.275828,0.92606,0.068195,0.0,0.698259,0.0,0.789807,0.0,0.119216,0.0,0.335801,0.03199,0.230209,0.0,0.175071,0.0,0.401395,0.0,0.248987,0.0,0.29348,0.0,0.704128,0.992017,0.837708,0.994875,0.811728,0.0,0.347298,0.994875,0.811728,0.0,0.21846,0.0,0.210024,0.0,0.125881,0.0,0.139952,0.003327,0.199516,0.0,0.228285,0.0,0.212732,0.0,0.300615,0.0,0.306588,0.0,0.112302,0.0,0.173334,0.006772,0.153694,0.0,0.194454,0.0,0.135516,1
37,2023-02-06T14:26:38.000000000,2023-02-06T14:27:36.000000000,0.0,0.208707,0.0,0.15011,0.0,0.150351,0.875147,0.867809,0.92606,0.123683,0.0,0.228085,0.92606,0.123683,0.0,0.631488,0.0,0.74224,0.0,0.214142,0.0,0.320474,0.03199,0.241293,0.0,0.140778,0.0,0.388855,0.0,0.152539,0.0,0.19087,0.0,0.680639,0.992017,0.76578,0.994875,0.76603,0.0,0.243741,0.994875,0.76603,0.0,0.102546,0.0,0.08634,0.0,0.139568,0.0,0.147018,0.003327,0.080756,0.0,0.253415,0.0,0.083606,0.0,0.089944,0.0,0.123513,0.0,0.113108,0.0,0.202741,0.006772,0.157571,0.0,0.101473,0.0,0.075766,1
38,2023-02-06T14:27:08.000000000,2023-02-06T14:28:06.000000000,0.0,0.226291,0.0,0.159622,0.0,0.169797,0.875147,0.840215,0.92606,0.141062,0.0,0.205881,0.92606,0.141062,0.0,0.700314,0.0,0.787455,0.0,0.17566,0.0,0.302562,0.03199,0.221695,0.0,0.125885,0.0,0.371852,0.0,0.203963,0.0,0.229654,0.0,0.679995,0.992017,0.715194,0.994875,0.733141,0.0,0.242222,0.994875,0.733141,0.0,0.109048,0.0,0.116479,0.0,0.146243,0.0,0.084517,0.003327,0.080559,0.0,0.204601,0.0,0.104327,0.0,0.296341,0.0,0.308923,0.0,0.07283,0.0,0.180593,0.006772,0.134684,0.0,0.132621,0.0,0.086917,1
39,2023-02-06T14:27:38.000000000,2023-02-06T14:28:36.000000000,0.0,0.247345,0.0,0.198744,0.0,0.176809,0.875147,0.834188,0.92606,0.123183,0.0,0.261622,0.92606,0.123183,0.0,0.658154,0.0,0.761832,0.0,0.140741,0.0,0.330033,0.03199,0.202488,0.0,0.161517,0.0,0.396663,0.0,0.192809,0.0,0.236113,0.0,0.696605,0.992017,0.677828,0.994875,0.706365,0.0,0.308565,0.994875,0.706365,0.0,0.192719,0.0,0.157787,0.0,0.116225,0.0,0.140462,0.003327,0.164284,0.0,0.224069,0.0,0.161504,0.0,0.111285,0.0,0.140511,0.0,0.122936,0.0,0.1697,0.006772,0.156249,0.0,0.154974,0.0,0.1198,1
40,2023-02-06T14:28:08.000000000,2023-02-06T14:29:06.000000000,0.0,0.207826,0.0,0.161171,0.0,0.164747,0.875147,0.855153,0.92606,0.118543,0.0,0.208325,0.92606,0.118543,0.0,0.670603,0.0,0.767632,0.0,0.214606,0.0,0.324637,0.03199,0.214161,0.0,0.142484,0.0,0.392595,0.0,0.172026,0.0,0.194117,0.0,0.670923,0.992017,0.672214,0.994875,0.698802,0.0,0.232674,0.994875,0.698802,0.0,0.051523,0.0,0.062605,0.0,0.1611,0.0,0.087448,0.003327,0.022337,0.0,0.212317,0.0,0.043672,0.0,0.15696,0.0,0.18039,0.0,0.075362,0.0,0.227346,0.006772,0.172742,0.0,0.111666,0.0,0.087735,1
41,2023-02-06T14:28:38.000000000,2023-02-06T14:29:36.000000000,0.0,0.281062,0.0,0.22257,0.0,0.188271,0.875147,0.883429,0.92606,0.123887,0.0,0.28056,0.92606,0.123887,0.0,0.703949,0.0,0.792868,0.0,0.112217,0.0,0.349432,0.03199,0.185862,0.0,0.19649,0.0,0.412236,0.0,0.244157,0.0,0.292284,0.0,0.711174,0.992017,0.723125,0.994875,0.734346,0.0,0.367448,0.994875,0.734346,0.0,0.244598,0.0,0.221657,0.0,0.122562,0.0,0.115241,0.003327,0.237085,0.0,0.197391,0.0,0.24255,0.0,0.213771,0.0,0.226882,0.0,0.116837,0.0,0.143837,0.006772,0.128786,0.0,0.19751,0.0,0.133541,1
42,2023-02-06T14:29:08.000000000,2023-02-06T14:30:06.000000000,0.0,0.261959,0.0,0.246801,0.0,0.197454,0.875147,0.880204,0.92606,0.126304,0.0,0.291311,0.92606,0.126304,0.0,0.652594,0.0,0.75891,0.0,0.181731,0.0,0.377052,0.03199,0.202337,0.0,0.214052,0.0,0.438558,0.0,0.195481,0.0,0.240571,0.0,0.697375,0.992017,0.736104,0.994875,0.749142,0.0,0.350266,0.994875,0.749142,0.0,0.152142,0.0,0.138273,0.0,0.183574,0.0,0.174884,0.003327,0.149193,0.0,0.23855,0.0,0.137107,0.0,0.041915,0.0,0.0785,0.0,0.149795,0.0,0.235888,0.006772,0.211804,0.0,0.172828,0.0,0.15091,1
43,2023-02-06T14:29:38.000000000,2023-02-06T14:30:36.000000000,0.0,0.283035,0.0,0.222816,0.0,0.15704,0.875147,0.846782,0.92606,0.134558,0.0,0.280356,0.92606,0.134558,0.0,0.696005,0.0,0.786543,0.0,0.176631,0.0,0.353328,0.03199,0.249143,0.0,0.193135,0.0,0.416759,0.0,0.245467,0.0,0.303923,0.0,0.710219,0.992017,0.69543,0.994875,0.723504,0.0,0.348096,0.994875,0.723504,0.0,0.190492,0.0,0.223556,0.0,0.482172,0.000798,0.203054,0.003283,0.209025,2e-06,0.356069,0.000296,0.245034,0.0,0.285911,0.0,0.278218,0.0,0.085484,0.0,0.204673,0.006772,0.162274,0.0,0.192321,0.0,0.124801,1
44,2023-02-06T14:30:08.000000000,2023-02-06T14:31:06.000000000,0.0,0.320379,0.0,0.259571,0.0,0.226973,0.875147,0.860057,0.92606,0.124141,0.0,0.292214,0.92606,0.124141,0.0,0.67525,0.0,0.774538,0.0,0.164605,0.0,0.341984,0.03199,0.19582,0.0,0.195392,0.0,0.403884,0.0,0.257218,0.0,0.341752,0.0,0.788118,0.992017,0.732183,0.994875,0.743849,0.0,0.380913,0.994875,0.743849,3.3e-05,0.58635,3e-05,0.542367,1.0,0.662722,0.013616,0.527309,0.00415,0.656635,0.000477,0.637258,0.006877,0.662239,0.0,0.150058,0.0,0.188007,0.0,0.271549,0.0,0.12111,0.006772,0.123341,0.0,0.250723,0.0,0.169623,1
45,2023-02-06T14:30:38.000000000,2023-02-06T14:31:36.000000000,0.0,0.399109,0.0,0.586498,0.0,0.546211,0.875352,0.920621,0.926215,0.096474,9e-06,0.340362,0.926215,0.096474,0.0,0.699337,0.0,0.788382,0.0,0.204627,0.0,0.344489,0.03199,0.226003,0.0,0.176938,0.0,0.4095,0.0,0.260917,0.0,0.318686,0.0,0.813132,0.991896,0.73777,0.994787,0.741713,3e-06,0.352772,0.994787,0.741713,0.345195,0.798696,0.3263,0.670333,0.333333,0.565678,0.643737,0.872049,0.420426,0.751449,0.772438,0.94738,0.418491,0.740098,0.0,0.45128,0.0,0.454873,0.0,0.369726,0.000716,0.464107,0.006159,0.484069,1e-06,0.404738,0.000618,0.426425,1
46,2023-02-06T14:31:08.000000000,2023-02-06T14:32:06.000000000,0.000356,0.542637,0.000312,0.892097,1.0,0.923216,0.880386,0.930183,0.929491,0.114449,0.004714,0.47212,0.929491,0.114449,0.0,0.693407,0.0,0.786469,0.0,0.113043,0.0,0.34043,0.03199,0.266862,0.0,0.188848,0.0,0.404272,0.000159,0.35752,0.00018,0.452015,1.0,0.850694,0.988192,0.516551,0.991907,0.591693,0.00159,0.474835,0.991907,0.591693,0.846535,0.778475,0.807351,0.620788,0.666667,0.26162,0.933699,0.757122,0.863764,0.566606,0.985935,0.805526,0.863309,0.563931,6e-06,0.925941,6e-06,0.849466,1.0,0.321853,0.012664,0.66397,0.003916,0.716268,0.000194,0.641245,0.011625,0.680661,1
47,2023-02-06T14:31:38.000000000,2023-02-06T14:32:36.000000000,0.800328,0.53779,1.0,0.891054,0.666667,0.859959,0.950924,0.870843,0.926816,0.16707,0.489204,0.455765,0.926816,0.16707,0.0,0.6381,0.0,0.747318,0.0,0.229454,0.0,0.302707,0.03199,0.208587,0.0,0.11413,0.0,0.373257,0.236927,0.291514,0.38637,0.398725,0.333333,0.869636,0.919495,0.370654,0.916491,0.498847,0.191298,0.396701,0.916491,0.498847,1.0,0.554614,0.790773,0.43948,0.333333,0.231251,0.740205,0.37525,0.549677,0.355535,0.90439,0.465578,0.548174,0.364239,0.36725,0.708855,0.25704,0.666241,0.333333,0.301378,0.917356,0.644968,0.89475,0.691549,0.850772,0.650481,0.894033,0.693619,1
48,2023-02-06T14:32:08.000000000,2023-02-06T14:33:06.000000000,0.800328,0.385397,0.994666,0.54909,0.666667,0.544768,0.945205,0.856924,0.922736,0.145225,0.485004,0.31474,0.922736,0.145225,0.0,0.722337,0.0,0.802509,0.0,0.140571,0.0,0.31839,0.03199,0.239479,0.0,0.144993,0.0,0.387145,0.235058,0.229726,0.386605,0.252577,0.333333,0.830221,0.921798,0.597177,0.918259,0.653145,0.190819,0.293501,0.918259,0.653145,0.034477,0.154717,0.031461,0.060318,0.0,0.41385,0.300546,0.093556,0.10528,0.121939,0.215365,0.16818,0.102293,0.113375,0.630444,0.327996,0.669787,0.397559,0.333333,0.355219,0.917651,0.41659,0.890955,0.447645,0.852919,0.418978,0.890212,0.44541,1
49,2023-02-06T14:32:38.000000000,2023-02-06T14:33:36.000000000,0.000356,0.31034,0.000313,0.351777,1.0,0.237927,0.874044,0.907735,0.925149,0.054575,0.000585,0.330074,0.925149,0.054575,0.0,0.619293,0.0,0.738282,0.0,0.129865,0.0,0.332524,0.03199,0.207728,0.0,0.157347,0.0,0.399219,0.000159,0.219805,0.000193,0.266042,1.0,0.729147,0.99052,0.926579,0.993763,0.8699,0.00024,0.348907,0.993763,0.8699,5e-06,0.125362,5e-06,0.20515,1.0,0.366518,0.002401,0.144859,0.003134,0.163056,1.5e-05,0.242997,0.001065,0.191784,0.000199,0.232937,0.000179,0.262351,1.0,0.278015,0.026479,0.260372,0.0,0.244396,0.000844,0.194454,0.025356,0.166758,1
50,2023-02-06T14:33:08.000000000,2023-02-06T14:34:06.000000000,0.0,0.301916,0.0,0.313076,0.0,0.192476,0.875007,0.911199,0.925953,0.051459,1e-06,0.287828,0.925953,0.051459,0.0,0.663982,0.0,0.760377,0.0,0.293696,0.0,0.26973,0.03199,0.21122,0.0,0.042407,0.0,0.350153,0.0,0.14613,0.0,0.186765,0.0,0.68457,0.992017,0.852688,0.994875,0.815362,0.0,0.209457,0.994875,0.815362,0.0,0.291353,0.0,0.266481,0.0,0.237423,0.0,0.069755,0.003327,0.251597,0.0,0.215084,0.0,0.262217,0.0,0.05904,0.0,0.081742,0.0,0.067821,0.00124,0.197947,0.006037,0.184807,2e-06,0.20535,0.00074,0.150792,1
51,2023-02-06T14:33:38.000000000,2023-02-06T14:34:36.000000000,0.0,0.23059,0.0,0.14566,0.0,0.17515,0.875147,0.849459,0.92606,0.14904,0.0,0.230055,0.92606,0.14904,0.0,0.751232,0.0,0.822985,0.0,0.031636,0.0,0.355771,0.03199,0.206886,0.0,0.233185,0.0,0.411564,0.0,0.237062,0.0,0.271236,0.0,0.706628,0.992017,0.630216,0.994875,0.67489,0.0,0.333518,0.994875,0.67489,0.0,0.069322,0.0,0.052997,0.0,0.551626,0.000798,0.208308,0.003283,0.127612,2e-06,0.293083,0.000296,0.125733,0.0,0.239614,0.0,0.26595,0.0,0.197543,0.0,0.20697,0.006772,0.162025,0.0,0.139395,0.0,0.108417,1
52,2023-02-06T14:34:08.000000000,2023-02-06T14:35:06.000000000,0.0,0.278456,0.0,0.174546,0.0,0.180501,0.875147,0.819503,0.92606,0.192682,0.0,0.311596,0.92606,0.192682,0.0,0.607012,0.0,0.729247,0.0,0.295519,0.0,0.418873,0.03199,0.072644,0.0,0.182228,0.0,0.483083,0.0,0.225127,0.0,0.329735,0.0,0.683604,0.992017,0.603918,0.994875,0.666878,0.0,0.396567,0.994875,0.666878,3.3e-05,0.48594,3e-05,0.495198,1.0,0.645126,0.013731,0.573885,0.004248,0.477603,0.000485,0.686524,0.00692,0.506522,0.0,0.199413,0.0,0.207339,0.0,0.256008,0.0,0.049209,0.006772,0.0,0.0,0.126386,0.0,0.0,1
53,2023-02-06T14:34:38.000000000,2023-02-06T14:35:36.000000000,0.0,0.281839,0.0,0.23318,0.0,0.533447,0.875288,0.867163,0.926168,0.126745,2e-06,0.274798,0.926168,0.126745,0.0,0.852093,0.0,0.879763,0.0,0.639108,0.00668,0.577556,0.029969,0.472401,4.8e-05,0.360144,0.006825,0.641058,0.0,0.227512,0.0,0.298583,0.0,0.800377,0.992004,0.671912,0.994866,0.70447,2e-06,0.345202,0.994866,0.70447,0.345033,0.927031,0.327403,0.713658,0.333333,0.500824,0.645533,0.882107,0.422049,0.766866,0.776096,1.0,0.42012,0.75778,0.0,0.252581,0.0,0.266589,0.0,0.244982,0.000741,0.332377,0.006304,0.35747,1e-06,0.377121,0.00051,0.375468,1
54,2023-02-06T14:35:08.000000000,2023-02-06T14:36:06.000000000,7.9e-05,0.333247,6.9e-05,0.374998,1.0,0.910863,0.878453,0.91868,0.928482,0.0716,0.000822,0.330318,0.928482,0.0716,0.000955,1.0,0.000673,0.978488,1.0,0.835209,0.15385,0.854688,0.0,0.849568,0.025832,0.909603,0.203244,0.865672,0.000102,0.347218,0.00012,0.505518,1.0,0.925015,0.990578,0.651018,0.993667,0.675992,0.001311,0.520227,0.993667,0.675992,0.796263,0.871409,0.793141,0.576039,0.666667,0.299893,0.904753,0.731201,0.810586,0.675832,1.0,0.78851,0.809954,0.640339,7e-06,0.665209,7e-06,0.601103,1.0,0.452872,0.013734,0.719916,0.005643,0.763499,0.00023,0.590391,0.012887,0.710102,1
55,2023-02-06T14:35:38.000000000,2023-02-06T14:36:36.000000000,0.201632,0.338108,0.254127,0.426217,0.666667,0.884168,0.895126,0.906371,0.926585,0.090811,0.123824,0.305746,0.926585,0.090811,1.0,0.885528,0.921417,0.903138,0.666667,0.825827,0.999849,0.802363,0.973103,0.954492,0.999832,0.812154,0.973734,0.821708,0.1819,0.305359,0.263438,0.49171,0.333333,0.983459,0.917935,0.654835,0.915427,0.68009,0.190656,0.419247,0.915427,0.68009,0.838218,0.333664,0.651434,0.33191,0.333333,0.414419,0.709179,0.328247,0.547208,0.351238,0.792935,0.413068,0.545697,0.351353,0.284454,0.603022,0.210442,0.560036,0.333333,0.460224,0.819221,0.846613,0.771292,0.887761,0.688301,0.605238,0.769733,0.777699,1
56,2023-02-06T14:36:08.000000000,2023-02-06T14:37:06.000000000,0.201632,0.212984,0.259723,0.197521,0.666667,0.529957,0.891279,0.860154,0.923706,0.135308,0.123055,0.188585,0.923706,0.135308,0.32564,0.709469,0.310977,0.798962,0.333333,0.499815,0.988367,0.548892,1.0,0.46582,0.969252,0.409977,1.0,0.597513,0.349198,0.294592,0.542188,0.240512,0.666667,0.850662,0.919247,0.696244,0.916457,0.718914,0.190211,0.313863,0.916457,0.718914,0.069643,0.192233,0.06966,0.267638,0.333333,0.505263,0.317678,0.097517,0.15836,0.253,0.21941,0.128575,0.155551,0.264555,0.509604,0.368459,0.563798,0.485248,0.333333,0.331677,0.819478,0.456145,0.766429,0.427566,0.690455,0.32837,0.764837,0.368624,1
57,2023-02-06T14:36:38.000000000,2023-02-06T14:37:36.000000000,7.9e-05,0.272023,7.3e-05,0.241306,1.0,0.280468,0.874332,0.824698,0.925428,0.160501,9.1e-05,0.296494,0.925428,0.160501,0.000252,0.777285,0.000174,0.83978,1.0,0.342889,0.028204,0.261271,0.028917,0.065163,0.000871,0.012819,0.034519,0.346329,0.000247,0.312218,0.000274,0.273156,1.0,0.733273,0.991903,0.624995,0.99475,0.680873,0.000339,0.429528,0.99475,0.680873,2.3e-05,0.159966,2.5e-05,0.099057,1.0,0.354239,0.006067,0.179732,0.003979,0.113157,9.4e-05,0.274177,0.002804,0.116362,0.000173,0.438648,0.000155,0.47896,1.0,0.176863,0.024696,0.066571,0.000574,0.072868,0.000735,0.193467,0.023637,0.105683,1
58,2023-02-06T14:37:08.000000000,2023-02-06T14:38:06.000000000,0.0,0.287415,0.0,0.33903,0.0,0.117061,0.875058,0.831123,0.925992,0.165514,0.0,0.257914,0.925992,0.165514,0.0,0.657822,0.0,0.759092,0.0,0.143839,0.0,0.399934,0.03199,0.284151,0.0,0.262602,0.0,0.458162,0.0,0.184013,0.0,0.2693,0.0,0.671463,0.992075,0.523769,0.994917,0.612933,0.0,0.262395,0.994917,0.612933,0.0,0.0502,0.0,0.154733,0.0,0.161235,0.0,0.098146,0.003327,0.08912,0.0,0.221248,0.0,0.126311,0.0,0.17337,0.0,0.172396,0.0,0.071405,0.001136,0.222011,0.006098,0.26002,1e-06,0.279879,0.000678,0.240158,1
59,2023-02-06T14:37:38.000000000,2023-02-06T14:38:36.000000000,0.0,0.202802,0.0,0.141468,0.0,0.170598,0.875147,0.861399,0.92606,0.137542,0.0,0.199402,0.92606,0.137542,0.0,0.668119,0.0,0.772032,0.0,0.162353,0.0,0.313618,0.03199,0.179339,0.0,0.081331,0.0,0.388738,0.0,0.216533,0.0,0.174341,0.0,0.690054,0.992017,0.606393,0.994875,0.659131,0.0,0.270772,0.994875,0.659131,0.0,0.189437,0.0,0.182033,0.0,0.233733,0.0,0.079247,0.003327,0.188022,0.0,0.159843,0.0,0.201458,0.0,0.130853,0.0,0.19518,0.0,0.088218,0.0,0.163767,0.006772,0.115419,0.0,0.126909,0.0,0.080988,1
60,2023-02-06T14:38:08.000000000,2023-02-06T14:39:06.000000000,0.0,0.276706,0.0,0.189395,0.0,0.218762,0.875147,0.880458,0.92606,0.099867,0.0,0.297706,0.92606,0.099867,0.0,0.733063,0.0,0.810093,0.0,0.226931,0.0,0.275178,0.03199,0.145871,0.0,0.126128,0.0,0.343998,0.0,0.250129,0.0,0.288749,0.0,0.707304,0.992017,0.787426,0.994875,0.7739,0.0,0.376285,0.994875,0.7739,0.0,0.115021,0.0,0.085541,0.0,0.166067,0.0,0.190716,0.003327,0.076309,0.0,0.242636,0.0,0.084703,0.0,0.280593,0.0,0.290076,0.0,0.136929,0.0,0.10563,0.006772,0.055597,0.0,0.10017,0.0,0.024272,1
61,2023-02-06T14:38:38.000000000,2023-02-06T14:39:36.000000000,0.0,0.272854,0.0,0.228698,0.0,0.183514,0.875147,0.877135,0.92606,0.096372,0.0,0.268972,0.92606,0.096372,0.0,0.633334,0.0,0.74516,0.0,0.119467,0.0,0.407366,0.03199,0.191434,0.0,0.257258,0.0,0.46195,0.0,0.179562,0.0,0.255933,0.0,0.685992,0.992017,0.862543,0.994875,0.825057,0.0,0.281279,0.994875,0.825057,0.0,0.111049,0.0,0.138467,0.0,0.120923,0.0,0.128513,0.003327,0.104665,0.0,0.22937,0.0,0.127662,0.0,0.135282,0.0,0.150605,0.0,0.104532,0.0,0.145204,0.006772,0.105455,0.0,0.165902,0.0,0.082977,1
62,2023-02-06T14:39:08.000000000,2023-02-06T14:40:06.000000000,0.0,0.244091,0.0,0.174473,0.0,0.182691,0.875147,0.872376,0.92606,0.103337,0.0,0.249582,0.92606,0.103337,0.0,0.683629,0.0,0.779171,0.0,0.168372,0.0,0.303825,0.03199,0.181955,0.0,0.100604,0.0,0.378091,0.0,0.202984,0.0,0.23688,0.0,0.691932,0.992017,0.812705,0.994875,0.794756,0.0,0.298225,0.994875,0.794756,0.0,0.181172,0.0,0.14258,0.0,0.132326,0.0,0.12121,0.003327,0.150928,0.0,0.227356,0.0,0.158558,0.0,0.176578,0.0,0.198926,0.0,0.097287,0.0,0.162014,0.006772,0.112754,0.0,0.145783,0.0,0.081541,1
63,2023-02-06T14:39:38.000000000,2023-02-06T14:40:36.000000000,0.0,0.247708,0.0,0.182527,0.0,0.189558,0.875147,0.885822,0.92606,0.099011,0.0,0.255651,0.92606,0.099011,0.0,0.684226,0.0,0.778042,0.0,0.174683,0.0,0.362678,0.03199,0.256524,0.0,0.23599,0.0,0.419578,0.0,0.208391,0.0,0.27163,0.0,0.698232,0.992017,0.677274,0.994875,0.7053,0.0,0.313841,0.994875,0.7053,0.0,0.177269,0.0,0.167197,0.0,0.128392,0.0,0.146066,0.003327,0.144165,0.0,0.220987,0.0,0.152317,0.0,0.215919,0.0,0.223196,0.0,0.122793,0.0,0.190822,0.006772,0.152619,0.0,0.160019,0.0,0.107997,1
64,2023-02-06T14:40:08.000000000,2023-02-06T14:41:06.000000000,0.0,0.23706,0.0,0.168554,0.0,0.177445,0.875147,0.886413,0.92606,0.112155,0.0,0.245817,0.92606,0.112155,0.0,0.664881,0.0,0.767262,0.0,0.154853,0.0,0.359132,0.03199,0.224706,0.0,0.177916,0.0,0.423255,0.0,0.210945,0.0,0.24343,0.0,0.69126,0.992017,0.575569,0.994875,0.638885,0.0,0.311751,0.994875,0.638885,0.0,0.198754,0.0,0.143741,0.0,0.139451,0.0,0.108167,0.003327,0.165853,0.0,0.221925,0.0,0.167127,0.0,0.199,0.0,0.2255,0.0,0.092542,0.0,0.218071,0.006772,0.157377,0.0,0.149742,0.0,0.099962,1
65,2023-02-06T14:40:38.000000000,2023-02-06T14:41:36.000000000,0.0,0.254067,0.0,0.205073,0.0,0.193267,0.875147,0.860571,0.92606,0.142981,0.0,0.263652,0.92606,0.142981,0.0,0.705359,0.0,0.791982,0.0,0.203348,0.0,0.313512,0.03199,0.235301,0.0,0.163307,0.0,0.380051,0.0,0.231061,0.0,0.269192,0.0,0.703747,0.992017,0.657769,0.994875,0.695601,0.0,0.338997,0.994875,0.695601,0.0,0.159712,0.0,0.14595,0.0,0.120052,0.0,0.14433,0.003327,0.136615,0.0,0.240749,0.0,0.142836,0.0,0.256268,0.0,0.266066,0.0,0.126068,0.0,0.21426,0.006772,0.176561,0.0,0.164072,0.0,0.120678,1
66,2023-02-06T14:41:08.000000000,2023-02-06T14:42:06.000000000,0.0,0.259483,0.0,0.239494,0.0,0.171125,0.875147,0.851802,0.92606,0.128915,0.0,0.257275,0.92606,0.128915,0.0,0.64189,0.0,0.750344,0.0,0.129667,0.0,0.398735,0.03199,0.242063,0.0,0.254598,0.0,0.454669,0.0,0.196476,0.0,0.253024,0.0,0.686332,0.992017,0.806081,0.994875,0.790787,0.0,0.29588,0.994875,0.790787,0.0,0.145854,0.0,0.158914,0.0,0.13476,0.0,0.110216,0.003327,0.139047,0.0,0.238398,0.0,0.155676,0.0,0.174694,0.0,0.187958,0.0,0.103835,0.0,0.22776,0.006772,0.209007,0.0,0.188578,0.0,0.154243,1
67,2023-02-06T14:41:38.000000000,2023-02-06T14:42:36.000000000,0.0,0.249516,0.0,0.24736,0.0,0.139386,0.875147,0.880982,0.92606,0.087471,0.0,0.228782,0.92606,0.087471,0.0,0.65622,0.0,0.760663,0.0,0.141125,0.0,0.3232,0.03199,0.224808,0.0,0.120493,0.0,0.396439,0.0,0.186713,0.0,0.212611,0.0,0.677735,0.992017,0.734767,0.994875,0.741477,0.0,0.253248,0.994875,0.741477,0.0,0.143538,0.0,0.166371,0.0,0.13016,0.0,0.068887,0.003327,0.159724,0.0,0.224288,0.0,0.180859,0.0,0.124337,0.0,0.147543,0.0,0.070171,0.0,0.250581,0.006772,0.234474,0.0,0.198274,0.0,0.181431,1
68,2023-02-06T14:42:08.000000000,2023-02-06T14:43:06.000000000,0.0,0.221907,0.0,0.182148,0.0,0.158413,0.875147,0.893575,0.92606,0.100212,0.0,0.213973,0.92606,0.100212,0.0,0.682252,0.0,0.777564,0.0,0.178871,0.0,0.318801,0.03199,0.267611,0.0,0.163213,0.0,0.384547,0.0,0.21515,0.0,0.223557,0.0,0.691874,0.992017,0.607974,0.994875,0.664123,0.0,0.281623,0.994875,0.664123,0.0,0.194132,0.0,0.214765,0.0,0.188943,0.0,0.109234,0.003327,0.187226,0.0,0.181054,0.0,0.201476,0.0,0.176269,0.0,0.200586,0.0,0.106043,0.0,0.210336,0.006772,0.201873,0.0,0.153827,0.0,0.149507,1
69,2023-02-06T14:42:38.000000000,2023-02-06T14:43:36.000000000,0.0,0.260709,0.0,0.181493,0.0,0.190304,0.875147,0.850385,0.92606,0.164366,0.0,0.266302,0.92606,0.164366,0.0,0.677217,0.0,0.774796,0.0,0.168754,0.0,0.328714,0.03199,0.194487,0.0,0.148216,0.0,0.396345,0.0,0.228017,0.0,0.260312,0.0,0.693445,0.992017,0.716562,0.994875,0.73888,0.0,0.335454,0.994875,0.73888,0.0,0.149087,0.0,0.115378,0.0,0.180331,0.0,0.126211,0.003327,0.126763,0.0,0.218628,0.0,0.135931,0.0,0.218533,0.0,0.241226,0.0,0.096378,0.0,0.176738,0.006772,0.132574,0.0,0.116527,0.0,0.0821,1
70,2023-02-06T14:43:08.000000000,2023-02-06T14:44:06.000000000,0.0,0.278124,0.0,0.241733,0.0,0.192857,0.875147,0.814526,0.92606,0.176005,0.0,0.26926,0.92606,0.176005,0.0,0.685764,0.0,0.779153,0.0,0.185661,0.0,0.30904,0.03199,0.194278,0.0,0.151033,0.0,0.377673,0.0,0.208238,0.0,0.268866,0.0,0.698994,0.992017,0.91636,0.994875,0.862109,0.0,0.30149,0.994875,0.862109,0.0,0.121475,0.0,0.160321,0.0,0.128028,0.0,0.143123,0.003327,0.119331,0.0,0.234502,0.0,0.142734,0.0,0.204104,0.0,0.214893,0.0,0.121822,0.0,0.155219,0.006772,0.130162,0.0,0.176619,0.0,0.115917,1
71,2023-02-06T14:43:38.000000000,2023-02-06T14:44:36.000000000,0.0,0.241066,0.0,0.162092,0.0,0.190268,0.875147,0.833796,0.92606,0.123676,0.0,0.249994,0.92606,0.123676,0.0,0.671646,0.0,0.770905,0.0,0.155233,0.0,0.368725,0.03199,0.239394,0.0,0.203488,0.0,0.43038,0.0,0.211963,0.0,0.262157,0.0,0.693458,0.992017,0.84273,0.994875,0.808038,0.0,0.310836,0.994875,0.808038,0.0,0.196279,0.0,0.179699,0.0,0.184647,0.0,0.129849,0.003327,0.162598,0.0,0.202604,0.0,0.171404,0.0,0.219311,0.0,0.23937,0.0,0.107011,0.0,0.168664,0.006772,0.141286,0.0,0.151801,0.0,0.109937,1
72,2023-02-06T14:44:08.000000000,2023-02-06T14:45:06.000000000,0.0,0.273539,0.0,0.201567,0.0,0.214984,0.875147,0.880688,0.92606,0.090939,0.0,0.287217,0.92606,0.090939,0.0,0.699284,0.0,0.789105,0.0,0.19375,0.0,0.313388,0.03199,0.177327,0.0,0.137127,0.0,0.384191,0.0,0.228644,0.0,0.29067,0.0,0.704055,0.992017,0.660222,0.994875,0.695805,0.0,0.351036,0.994875,0.695805,0.0,0.112347,0.0,0.091863,0.0,0.112592,0.0,0.153856,0.003327,0.095537,0.0,0.247497,0.0,0.107271,0.0,0.278847,0.0,0.294077,0.0,0.115961,0.0,0.168413,0.006772,0.113827,0.0,0.159903,0.0,0.080307,1
73,2023-02-06T14:44:38.000000000,2023-02-06T14:45:36.000000000,0.0,0.24887,0.0,0.214852,0.0,0.193362,0.875147,0.89848,0.92606,0.092086,0.0,0.25771,0.92606,0.092086,0.0,0.676336,0.0,0.773117,0.0,0.168885,0.0,0.38222,0.03199,0.233593,0.0,0.232999,0.0,0.440317,0.0,0.201814,0.0,0.260861,0.0,0.700892,0.992017,0.611396,0.994875,0.665543,0.0,0.29769,0.994875,0.665543,0.0,0.17379,0.0,0.199972,0.0,0.123254,0.0,0.144222,0.003327,0.152723,0.0,0.233568,0.0,0.168326,0.0,0.223718,0.0,0.238321,0.0,0.131284,0.0,0.159469,0.006772,0.142751,0.0,0.211461,0.0,0.131924,1
74,2023-02-06T14:45:08.000000000,2023-02-06T14:46:06.000000000,0.0,0.228099,0.0,0.158714,0.0,0.171158,0.875147,0.880992,0.92606,0.104913,0.0,0.240675,0.92606,0.104913,0.0,0.675142,0.0,0.773931,0.0,0.143653,0.0,0.363868,0.03199,0.232465,0.0,0.165324,0.0,0.43086,0.0,0.216304,0.0,0.238541,0.0,0.685465,0.992017,0.649129,0.994875,0.686046,0.0,0.321668,0.994875,0.686046,0.0,0.17289,0.0,0.111416,0.0,0.141151,0.0,0.103602,0.003327,0.146131,0.0,0.215461,0.0,0.146959,0.0,0.216839,0.0,0.244628,0.0,0.081524,0.0,0.2411,0.006772,0.190073,0.0,0.163062,0.0,0.123989,1
75,2023-02-06T14:45:38.000000000,2023-02-06T14:46:36.000000000,0.0,0.255147,0.0,0.225829,0.0,0.194274,0.875147,0.857772,0.92606,0.120708,0.0,0.266323,0.92606,0.120708,0.0,0.704427,0.0,0.792129,0.0,0.224396,0.0,0.310729,0.03199,0.193708,0.0,0.16567,0.0,0.375043,0.0,0.231786,0.0,0.252108,0.0,0.709849,0.992017,0.720312,0.994875,0.731281,0.0,0.334787,0.994875,0.731281,0.0,0.107524,0.0,0.132446,0.0,0.069723,0.0,0.154266,0.003327,0.108367,0.0,0.247465,0.0,0.123646,0.0,0.232312,0.0,0.254454,0.0,0.132394,0.0,0.171948,0.006772,0.122911,0.0,0.158614,0.0,0.080317,1
76,2023-02-06T14:46:08.000000000,2023-02-06T14:47:06.000000000,0.0,0.237851,0.0,0.219339,0.0,0.149354,0.875147,0.84479,0.92606,0.130524,0.0,0.239191,0.92606,0.130524,0.0,0.632108,0.0,0.743548,0.0,0.092658,0.0,0.411211,0.03199,0.227141,0.0,0.248389,0.0,0.466575,0.0,0.180925,0.0,0.21581,0.0,0.675567,0.992017,0.782471,0.994875,0.77202,0.0,0.271318,0.994875,0.77202,0.0,0.178065,0.0,0.155575,0.0,0.173763,0.0,0.096016,0.003327,0.149952,0.0,0.225994,0.0,0.160755,0.0,0.109882,0.0,0.126311,0.0,0.08971,0.0,0.21151,0.006772,0.188727,0.0,0.178818,0.0,0.144583,1
77,2023-02-06T14:46:38.000000000,2023-02-06T14:47:36.000000000,0.0,0.240709,0.0,0.216825,0.0,0.130449,0.875147,0.853131,0.92606,0.124521,0.0,0.217215,0.92606,0.124521,0.0,0.671356,0.0,0.771207,0.0,0.181113,0.0,0.282709,0.03199,0.211387,0.0,0.086361,0.0,0.35834,0.0,0.20346,0.0,0.202812,0.0,0.679077,0.992017,0.739965,0.994875,0.748182,0.0,0.273271,0.994875,0.748182,0.0,0.108025,0.0,0.099403,0.0,0.063189,0.0,0.080094,0.003327,0.134824,0.0,0.208928,0.0,0.150947,0.0,0.107003,0.0,0.136386,0.0,0.060616,0.0,0.271735,0.006772,0.21782,0.0,0.133379,0.0,0.121946,1
78,2023-02-06T14:47:08.000000000,2023-02-06T14:48:06.000000000,0.0,0.244577,0.0,0.18479,0.0,0.193433,0.875147,0.880742,0.92606,0.125903,0.0,0.255666,0.92606,0.125903,0.0,0.688207,0.0,0.780487,0.0,0.247113,0.0,0.319663,0.03199,0.246302,0.0,0.202729,0.0,0.376962,0.0,0.233786,0.0,0.238899,0.0,0.718234,0.992017,0.689695,0.994875,0.722464,0.0,0.320556,0.994875,0.722464,0.0,0.222611,0.0,0.212907,0.0,0.278231,0.0,0.162016,0.003327,0.167286,0.0,0.20035,0.0,0.170488,0.0,0.176587,0.0,0.197703,0.0,0.143241,0.0,0.108906,0.006772,0.071335,0.0,0.088207,0.0,0.031454,1
79,2023-02-06T14:47:38.000000000,2023-02-06T14:48:36.000000000,0.0,0.313624,0.0,0.241219,0.0,0.154912,0.875147,0.889787,0.92606,0.14753,0.0,0.290378,0.92606,0.14753,0.0,0.628421,0.0,0.740341,0.0,0.0606,0.0,0.383506,0.03199,0.194164,0.0,0.218129,0.0,0.446508,0.0,0.185868,0.0,0.287262,0.0,0.649672,0.992017,0.787428,0.994875,0.783028,0.0,0.319169,0.994875,0.783028,0.0,0.137916,0.0,0.011818,0.0,0.682335,0.0,0.181066,0.003327,0.104378,0.0,0.266103,0.0,0.12525,0.0,0.11998,0.0,0.117631,0.0,0.057743,0.0,0.22769,0.006772,0.199729,0.0,0.147228,0.0,0.143651,1
80,2023-02-06T14:48:08.000000000,2023-02-06T14:49:06.000000000,0.0,0.307873,0.0,0.301861,0.0,0.219894,0.875147,0.864185,0.92606,0.14037,0.0,0.258289,0.92606,0.14037,0.0,0.690778,0.0,0.783803,0.0,0.43025,0.0,0.24608,0.03199,0.242543,0.0,0.138347,0.0,0.313795,0.0,0.208665,0.0,0.275573,0.0,0.761462,0.992017,0.829815,0.994875,0.796797,0.0,0.254132,0.994875,0.796797,1e-06,0.230215,1e-06,0.317703,1.0,0.828484,0.003371,0.412953,0.002487,0.328811,2.8e-05,0.477609,0.001592,0.36236,0.0,0.16496,0.0,0.189066,0.0,0.150189,0.0,0.182827,0.006772,0.153084,0.0,0.133091,0.0,0.07997,1
81,2023-02-06T14:48:38.000000000,2023-02-06T14:49:36.000000000,0.0,0.235188,0.0,0.0742,0.0,0.489523,0.875147,0.855386,0.92606,0.094278,0.0,0.291071,0.92606,0.094278,0.0,0.668677,0.0,0.765379,0.0,0.686305,0.0,0.561347,0.03199,0.515201,0.0,0.457617,0.0,0.601681,0.0,0.224432,0.0,0.354787,0.0,0.893613,0.992017,0.598756,0.994875,0.650809,0.0,0.367672,0.994875,0.650809,0.000454,0.79071,0.00042,0.75234,1.0,0.570285,0.451768,0.715397,0.209874,0.679075,0.453876,0.814757,0.207237,0.662015,0.0,0.37238,0.0,0.333218,0.0,0.322105,0.0,0.181699,0.006772,0.187498,0.0,0.246091,0.0,0.205291,1
82,2023-02-06T14:49:08.000000000,2023-02-06T14:50:06.000000000,0.0,0.386722,0.0,0.348567,0.333333,0.736587,0.875323,0.904777,0.926191,0.095254,2.4e-05,0.356329,0.926191,0.095254,1.5e-05,0.723853,1.5e-05,0.807452,1.0,0.841416,0.028204,0.83175,0.028917,0.673944,0.000871,0.654784,0.034519,0.86983,1e-06,0.219992,2e-06,0.5028,1.0,1.0,0.992013,0.405604,0.994866,0.538512,4.6e-05,0.481918,0.994866,0.538512,0.712143,0.940577,0.694565,0.817133,0.666667,0.362891,0.648053,0.801955,0.428397,0.788728,0.775367,0.997422,0.426489,0.745362,0.0,0.63171,0.0,0.521194,0.333333,0.442902,0.00201,0.659568,0.006591,0.73947,5e-06,0.723107,0.001402,0.753127,1
83,2023-02-06T14:49:38.000000000,2023-02-06T14:50:36.000000000,0.000846,0.407343,0.000745,0.579076,1.0,0.698842,0.894084,0.962917,0.937077,0.168023,0.028889,0.333425,0.937077,0.168023,0.015262,0.901452,0.010749,0.936074,1.0,0.876185,0.988367,0.880039,1.0,0.635935,0.969252,0.653552,1.0,0.9194,0.001836,0.321474,0.002085,0.43623,1.0,0.937154,0.929451,0.483885,0.927127,0.583663,0.167266,0.416286,0.927127,0.583663,0.948318,0.560042,0.865536,0.428248,0.333333,0.48413,0.884736,0.563404,0.816831,0.528709,0.890281,0.694592,0.81622,0.5394,7.4e-05,0.849027,6.7e-05,0.886926,1.0,0.46969,0.689278,1.0,0.526599,1.0,0.519053,1.0,0.523371,1.0,1
84,2023-02-06T14:50:08.000000000,2023-02-06T14:51:06.000000000,0.527147,0.247526,0.612775,0.368122,0.666667,0.528707,1.0,0.931178,1.0,0.210303,0.190934,0.31053,1.0,0.210303,0.922637,0.922851,0.989515,0.954079,0.333333,0.72104,0.999849,0.57178,0.973103,0.452532,0.999832,0.462262,0.973734,0.626292,0.421821,0.340401,0.712582,0.233467,0.333333,0.817345,0.918006,0.689335,0.915441,0.699506,0.190934,0.392899,0.915441,0.699506,0.352181,0.127358,0.289894,0.214844,0.333333,0.627142,0.753035,0.278898,0.596157,0.293529,0.863439,0.329315,0.594809,0.344825,1.0,0.691175,1.0,0.82817,0.333333,0.357112,1.0,0.690453,1.0,0.676909,1.0,0.708897,1.0,0.65504,1
85,2023-02-06T14:50:38.000000000,2023-02-06T14:51:36.000000000,0.056764,0.222581,0.061519,0.131949,0.0,0.430978,0.982526,0.874006,0.989122,0.157024,0.167266,0.281219,0.989122,0.157024,0.006963,0.780488,0.004678,0.848419,1.0,0.652707,0.15385,0.34623,0.0,0.327172,0.025832,0.219763,0.203244,0.402497,0.00595,0.259274,0.008161,0.243259,1.0,0.819301,0.980812,0.762135,0.983039,0.745343,0.028889,0.413651,0.983039,0.745343,0.000123,0.199877,0.00013,0.136786,1.0,0.447587,0.013946,0.118886,0.0,0.174101,0.000483,0.093334,0.006425,0.149775,0.072513,0.367961,0.065498,0.416844,0.0,0.232342,0.724531,0.24746,0.480262,0.218037,0.589973,0.277746,0.476719,0.199493,1
86,2023-02-06T14:51:08.000000000,2023-02-06T14:52:06.000000000,2.3e-05,0.28466,2.2e-05,0.345166,1.0,0.252214,0.875165,0.860296,0.926069,0.103227,4.6e-05,0.245709,0.926069,0.103227,3e-06,0.719954,4e-06,0.802565,1.0,0.45499,0.00668,0.334427,0.029969,0.243085,4.8e-05,0.177591,0.006825,0.400846,7e-06,0.241061,1.1e-05,0.264589,1.0,0.807728,0.991827,0.75328,0.994735,0.75436,2.4e-05,0.332223,0.994735,0.75436,0.0,0.133712,0.0,0.103589,0.333333,0.168517,0.000727,0.142515,0.002991,0.105284,1e-06,0.306111,0.000336,0.124235,1.3e-05,0.189002,1.2e-05,0.204387,1.0,0.125374,0.006652,0.165154,0.007042,0.134142,5.4e-05,0.087329,0.005627,0.083706,1
87,2023-02-06T14:51:38.000000000,2023-02-06T14:52:36.000000000,0.0,0.256512,0.0,0.276044,0.0,0.126363,0.875147,0.870971,0.92606,0.101885,0.0,0.252038,0.92606,0.101885,0.0,0.698936,0.0,0.790234,0.0,0.054594,0.0,0.311204,0.03199,0.206517,0.0,0.206815,0.0,0.373059,0.0,0.22766,0.0,0.209292,0.0,0.674437,0.992017,0.733473,0.994875,0.754881,0.0,0.294641,0.994875,0.754881,0.0,0.110094,0.0,0.125458,0.0,0.336488,0.0,0.147636,0.003327,0.141162,0.0,0.103125,0.0,0.162584,0.0,0.150425,0.0,0.188277,0.0,0.135544,0.0,0.141456,0.006772,0.096161,0.0,0.149064,0.0,0.062845,1
88,2023-02-06T14:52:08.000000000,2023-02-06T14:53:06.000000000,0.0,0.292312,0.0,0.246076,0.0,0.274712,0.875147,0.880392,0.92606,0.126166,0.0,0.248131,0.92606,0.126166,0.0,0.651558,0.0,0.753588,0.0,0.237163,0.0,0.318228,0.03199,0.20817,0.0,0.130427,0.0,0.387058,0.0,0.228826,0.0,0.278467,0.0,0.73561,0.992017,0.711436,0.994875,0.742678,0.0,0.31802,0.994875,0.742678,0.0,0.252907,0.0,0.152563,0.333333,0.501389,0.001528,0.252571,0.003091,0.176693,6e-06,0.310837,0.000654,0.158722,0.0,0.15966,0.0,0.165802,0.0,0.120959,0.0,0.179546,0.006772,0.118297,0.0,0.163311,0.0,0.088974,1
89,2023-02-06T14:52:38.000000000,2023-02-06T14:53:36.000000000,0.0,0.31645,0.0,0.239459,0.0,0.313536,0.875147,0.887084,0.92606,0.149675,0.0,0.280589,0.92606,0.149675,0.0,0.666668,0.0,0.766994,0.0,0.168969,0.0,0.308571,0.03199,0.216565,0.0,0.159598,0.0,0.379042,0.0,0.197352,0.0,0.332851,0.0,0.813848,0.992017,0.759912,0.994875,0.757838,0.0,0.292125,0.994875,0.757838,0.000109,0.637949,9.8e-05,0.646195,1.0,0.665504,0.066258,0.549288,0.012301,0.608358,0.011192,0.717529,0.023301,0.632412,0.0,0.226879,0.0,0.23332,0.0,0.231424,0.0,0.13081,0.006772,0.097473,0.0,0.202544,0.0,0.111841,1
90,2023-02-06T14:53:08.000000000,2023-02-06T14:54:06.000000000,0.0,0.361044,0.0,0.301723,0.333333,0.50823,0.874958,0.878856,0.925915,0.146302,1.1e-05,0.287005,0.925915,0.146302,0.0,0.637749,0.0,0.746568,0.0,0.098026,0.0,0.324317,0.03199,0.204394,0.0,0.160544,0.0,0.388608,0.0,0.228815,0.0,0.403218,0.0,0.804329,0.992398,0.735197,0.995149,0.721202,9e-06,0.295346,0.995149,0.721202,0.515411,1.0,0.585059,1.0,0.666667,0.605695,0.685847,0.869325,0.489338,1.0,0.810684,0.99573,0.487633,1.0,0.0,0.267651,0.0,0.258661,0.333333,0.358901,0.001402,0.338483,0.006022,0.347929,2e-06,0.32088,0.001029,0.320789,1
91,2023-02-06T14:53:38.000000000,2023-02-06T14:54:36.000000000,0.000362,0.359118,0.000313,0.45063,1.0,1.0,0.864969,0.852421,0.916339,0.091428,0.016291,0.311326,0.916339,0.091428,0.0,0.650968,0.0,0.755044,0.0,0.252987,0.0,0.347856,0.03199,0.204385,0.0,0.150997,0.0,0.420339,0.000375,0.382637,0.000417,0.472169,1.0,0.882771,1.0,0.516193,1.0,0.588398,0.005019,0.439549,1.0,0.588398,0.866191,0.76196,0.984364,0.616367,0.333333,0.194722,1.0,0.783383,1.0,0.751653,0.884874,0.716288,1.0,0.72012,3.8e-05,0.555555,3.3e-05,0.589588,1.0,0.42713,0.020645,0.79383,0.006964,0.781026,0.000519,0.558672,0.021843,0.682179,1
92,2023-02-06T14:54:08.000000000,2023-02-06T14:55:06.000000000,0.4519,0.259236,0.459986,0.265781,0.666667,0.886902,0.897156,0.852769,0.925874,0.055496,0.142895,0.360036,0.925874,0.055496,0.0,0.695404,0.0,0.787455,0.0,0.091367,0.0,0.333181,0.03199,0.256979,0.0,0.162102,0.0,0.400491,0.460567,0.367159,0.683323,0.405323,0.666667,0.88969,0.916495,0.409287,0.914403,0.544978,0.190361,0.501785,0.914403,0.544978,0.703593,0.234471,0.52322,0.126692,0.333333,0.326649,0.752162,0.397176,0.588307,0.221052,0.875832,0.375907,0.586932,0.202811,0.450276,0.695913,0.492823,0.753236,0.333333,0.451543,0.764691,0.759578,0.703116,0.788234,0.605116,0.593161,0.701092,0.700564,1
93,2023-02-06T14:54:38.000000000,2023-02-06T14:55:36.000000000,0.053437,0.249951,0.084364,0.112037,0.666667,0.515519,0.907369,0.904254,0.935781,0.114113,0.125989,0.295063,0.935781,0.114113,0.0,0.678656,0.0,0.774766,0.0,0.184321,0.0,0.326204,0.03199,0.246592,0.0,0.131265,0.0,0.394998,0.127321,0.205032,0.179731,0.292265,0.333333,0.826728,0.909401,0.646584,0.910167,0.708642,0.183077,0.399801,0.910167,0.708642,0.013294,0.075101,0.012946,0.133376,0.0,0.374496,0.178181,0.105439,0.067916,0.094803,0.074811,0.260319,0.064843,0.126539,0.233271,0.373488,0.206416,0.389368,0.333333,0.364218,0.764527,0.321067,0.702974,0.30161,0.604854,0.346423,0.700949,0.333017,1
94,2023-02-06T14:55:08.000000000,2023-02-06T14:56:06.000000000,4.5e-05,0.257483,3.9e-05,0.330215,1.0,0.19934,0.875595,0.909093,0.926391,0.203455,8.5e-05,0.24924,0.926391,0.203455,0.0,0.685692,0.0,0.782099,0.0,0.20721,0.0,0.36554,0.03199,0.214162,0.0,0.221438,0.0,0.426037,6.4e-05,0.281907,7.6e-05,0.239142,1.0,0.715529,0.992884,0.902403,0.99549,0.843655,9.1e-05,0.361536,0.99549,0.843655,1e-06,0.172052,1e-06,0.111056,1.0,0.21833,0.001487,0.105781,0.002808,0.149898,5e-06,0.197914,0.000634,0.153782,4.6e-05,0.183534,4e-05,0.214211,1.0,0.228081,0.013184,0.098822,0.007572,0.166816,0.000212,0.125577,0.012038,0.14279,1
95,2023-02-06T14:55:38.000000000,2023-02-06T14:56:36.000000000,0.0,0.202673,0.0,0.14292,0.0,0.17202,0.875147,0.83761,0.92606,0.153175,0.0,0.250857,0.92606,0.153175,0.0,0.708866,0.0,0.796067,0.0,0.152036,0.0,0.36374,0.03199,0.224497,0.0,0.181035,0.0,0.425025,0.0,0.250795,0.0,0.213479,0.0,0.703524,0.992017,0.688422,0.994875,0.686888,0.0,0.363362,0.994875,0.686888,0.0,0.112691,0.0,0.081597,0.0,0.19505,0.0,0.10244,0.003327,0.093957,0.0,0.223437,0.0,0.100843,0.0,0.228218,0.0,0.266921,0.0,0.143557,0.0,0.219145,0.006772,0.171202,0.0,0.182879,0.0,0.107115,1
96,2023-02-06T14:56:08.000000000,2023-02-06T14:57:06.000000000,0.0,0.275135,0.0,0.237952,0.0,0.111077,0.875147,0.811745,0.92606,0.070532,0.0,0.241292,0.92606,0.070532,0.0,0.70596,0.0,0.793701,0.0,0.22689,0.0,0.325912,0.03199,0.227873,0.0,0.157237,0.0,0.395374,0.0,0.20575,0.0,0.248229,0.0,0.684677,0.992017,0.568843,0.994875,0.628472,0.0,0.33879,0.994875,0.628472,0.0,0.176363,0.0,0.127925,0.0,0.611132,0.0,0.126394,0.003327,0.155438,0.0,0.205705,0.0,0.172443,0.0,0.103598,0.0,0.1066,0.0,0.147276,0.0,0.123749,0.006772,0.064594,0.0,0.164828,0.0,0.063034,1
97,2023-02-06T14:56:38.000000000,2023-02-06T14:57:36.000000000,0.0,0.299826,0.0,0.39755,0.0,0.298229,0.875147,0.872193,0.92606,0.103595,0.0,0.248206,0.92606,0.103595,0.0,0.667762,0.0,0.769206,0.0,0.119255,0.0,0.357708,0.03199,0.205633,0.0,0.240423,0.0,0.412636,0.0,0.255615,0.0,0.280726,0.0,0.73313,0.992017,0.768703,0.994875,0.778589,0.0,0.300098,0.994875,0.778589,0.0,0.278441,0.0,0.300977,0.666667,0.776724,0.002004,0.298071,0.003327,0.305683,1e-05,0.410379,0.000917,0.337091,0.0,0.210861,0.0,0.243074,0.0,0.091534,0.0,0.218818,0.006772,0.190331,0.0,0.145681,0.0,0.122498,1
98,2023-02-06T14:57:08.000000000,2023-02-06T14:58:06.000000000,0.0,0.273967,0.0,0.100325,0.0,0.760637,0.875147,0.917175,0.92606,0.17201,0.0,0.204713,0.92606,0.17201,0.0,0.648332,0.0,0.752112,0.0,0.225629,0.0,0.369192,0.03199,0.157638,0.0,0.177651,0.0,0.434938,0.0,0.104844,0.0,0.271241,0.0,0.903133,0.992017,0.857897,0.994875,0.826652,0.0,0.231435,0.994875,0.826652,0.000216,0.698036,0.000197,0.782473,1.0,0.534776,0.313246,0.663967,0.108134,0.664814,0.234475,0.753278,0.105157,0.681381,0.0,0.103928,0.0,0.101561,0.0,0.197076,0.0,0.206952,0.006772,0.09148,0.0,0.15822,0.0,0.044701,1
99,2023-02-06T14:57:38.000000000,2023-02-06T14:58:36.000000000,2e-06,0.445259,3e-06,0.445106,1.0,0.953213,0.875917,0.865846,0.926633,0.114704,0.000113,0.350395,0.926633,0.114704,0.0,0.692623,0.0,0.78408,0.0,0.177581,0.0,0.335192,0.03199,0.222065,0.0,0.158168,0.0,0.40738,0.0,0.272804,1e-06,0.430184,0.666667,0.939439,0.991469,0.606765,0.994475,0.644666,3e-05,0.39653,0.994475,0.644666,0.586971,0.86969,0.55561,0.791633,0.666667,0.361169,0.646943,0.910632,0.427643,0.776119,0.77275,0.956097,0.425733,0.742778,0.0,0.195612,0.0,0.224671,0.333333,0.337728,0.003171,0.43537,0.00732,0.431798,1.2e-05,0.374946,0.002527,0.406641,1
100,2023-02-06T14:58:08.000000000,2023-02-06T14:59:06.000000000,0.003355,0.505504,0.002849,0.691917,1.0,0.531908,0.807251,0.827639,0.848307,0.026946,0.204805,0.45675,0.848307,0.026946,0.0,0.667674,0.0,0.767423,0.0,0.052483,0.0,0.299664,0.03199,0.257471,0.0,0.129245,0.0,0.366519,0.001241,0.384927,0.001365,0.522131,1.0,0.808782,0.955336,0.48321,0.955083,0.570671,0.100626,0.464422,0.955083,0.570671,0.885938,0.568668,0.940939,0.412403,0.333333,0.394986,0.929493,0.624013,0.861556,0.495319,0.972191,0.646509,0.861094,0.463385,0.000161,0.58207,0.000136,0.65536,1.0,0.366913,0.390439,0.706864,0.24332,0.768472,0.173353,0.5101,0.238161,0.691668,1
101,2023-02-06T14:58:38.000000000,2023-02-06T14:59:36.000000000,0.833507,0.349528,0.964882,0.511921,0.666667,0.269273,0.874308,0.858085,0.888395,0.059113,0.304295,0.346894,0.888395,0.059113,0.0,0.619543,0.0,0.734493,0.0,0.233221,0.0,0.340495,0.03199,0.178909,0.0,0.184,0.0,0.405768,0.471921,0.251549,0.766064,0.369816,0.666667,0.759745,0.91895,0.574671,0.916091,0.649741,0.191278,0.32816,0.916091,0.649741,0.478199,0.143349,0.450783,0.16341,0.333333,0.560693,0.737405,0.275093,0.54242,0.195336,0.907161,0.349783,0.540893,0.238036,0.4576,0.489437,0.54879,0.554898,0.333333,0.281038,0.695812,0.588509,0.625985,0.609422,0.505013,0.38785,0.623435,0.554527,1
102,2023-02-06T14:59:08.000000000,2023-02-06T15:00:06.000000000,0.022373,0.199758,0.03341,0.141821,0.0,0.504956,0.940026,0.878006,0.966774,0.13905,0.076003,0.294379,0.966774,0.13905,0.0,0.678022,0.0,0.775065,0.0,0.141345,0.0,0.368143,0.03199,0.224338,0.0,0.198399,0.0,0.429451,0.022446,0.211709,0.030565,0.211476,0.0,0.834767,0.955336,0.639956,0.955083,0.69892,0.100626,0.359258,0.955083,0.69892,0.000259,0.292272,0.000222,0.202211,1.0,0.576069,0.015028,0.010503,0.003503,0.275303,0.000583,0.325878,0.007651,0.241222,0.046944,0.296546,0.044156,0.339971,0.0,0.326558,0.575986,0.262201,0.390194,0.186314,0.371679,0.232442,0.386036,0.168503,1
103,2023-02-06T14:59:38.000000000,2023-02-06T15:00:36.000000000,2.1e-05,0.268431,2e-05,0.274045,1.0,0.497372,0.875223,0.84839,0.926113,0.132392,4.6e-05,0.338062,0.926113,0.132392,0.0,0.684602,0.0,0.778865,0.0,0.17318,0.0,0.296508,0.03199,0.267308,0.0,0.098644,0.0,0.36895,1.3e-05,0.297005,2e-05,0.271843,1.0,0.806651,0.991469,0.666014,0.994475,0.701123,3e-05,0.414691,0.994475,0.701123,0.0,0.224934,0.0,0.097468,0.333333,0.491302,0.000874,0.216257,0.003072,0.185662,2e-06,0.263585,0.00034,0.163811,1.1e-05,0.362982,1e-05,0.396183,1.0,0.307689,0.006185,0.186586,0.006981,0.174507,4.7e-05,0.287862,0.005235,0.196081,1
104,2023-02-06T15:00:08.000000000,2023-02-06T15:01:06.000000000,0.0,0.238388,0.0,0.294395,0.0,0.048845,0.875147,0.867421,0.92606,0.123139,0.0,0.254859,0.92606,0.123139,0.0,0.662222,0.0,0.7663,0.0,0.233794,0.0,0.366177,0.03199,0.211088,0.0,0.251787,0.0,0.421576,0.0,0.226163,0.0,0.232431,0.0,0.660665,0.992017,0.763555,0.994875,0.748944,0.0,0.322,0.994875,0.748944,5e-06,0.422488,5e-06,0.338755,1.0,0.432489,0.005478,0.427006,0.003738,0.348337,7.7e-05,0.528836,0.002683,0.386621,0.0,0.201091,0.0,0.216307,0.0,0.131616,0.0,0.200123,0.006772,0.151726,0.0,0.174869,0.0,0.133651,1
105,2023-02-06T15:00:38.000000000,2023-02-06T15:01:36.000000000,0.0,0.221923,0.0,0.210015,0.0,0.319149,0.875147,0.925586,0.92606,0.167667,0.0,0.237388,0.92606,0.167667,0.0,0.733376,0.0,0.812741,0.0,0.157381,0.0,0.366024,0.03199,0.236264,0.0,0.166035,0.0,0.429525,0.0,0.238678,0.0,0.216649,0.0,0.735216,0.992017,0.779159,0.994875,0.755745,0.0,0.352762,0.994875,0.755745,0.006828,0.71226,0.008499,0.704461,0.0,0.496027,0.457942,0.629558,0.212616,0.559902,0.466424,0.755101,0.209988,0.566086,0.0,0.137673,0.0,0.159029,0.0,0.086073,0.0,0.158175,0.006772,0.095947,0.0,0.147203,0.0,0.050027,1
106,2023-02-06T15:01:08.000000000,2023-02-06T15:02:06.000000000,0.0,0.245725,0.0,0.186287,0.0,0.295095,0.875147,0.896947,0.92606,0.15198,0.0,0.252545,0.92606,0.15198,0.0,0.717338,0.0,0.802898,0.0,0.195285,0.0,0.280758,0.03199,0.256757,0.0,0.136922,0.0,0.352808,0.0,0.250362,0.0,0.244078,0.0,0.721249,0.992017,0.735421,0.994875,0.736845,0.0,0.36456,0.994875,0.736845,0.972036,0.534556,0.999655,0.604895,0.666667,0.6147,0.686785,0.608297,0.484153,0.401507,0.822564,0.618292,0.482432,0.41287,0.0,0.16771,0.0,0.180374,0.0,0.124744,0.0,0.181163,0.006772,0.149444,0.0,0.22368,0.0,0.128813,1
107,2023-02-06T15:01:38.000000000,2023-02-06T15:02:36.000000000,0.0,0.279981,0.0,0.221973,0.0,0.0,0.875147,0.831443,0.92606,0.092168,0.0,0.240361,0.92606,0.092168,0.0,0.637039,0.0,0.748423,0.0,0.136393,0.0,0.405596,0.03199,0.184102,0.0,0.308996,0.0,0.453149,0.0,0.166971,0.0,0.280544,0.0,0.648909,0.992017,0.799091,0.994875,0.794094,0.0,0.236985,0.994875,0.794094,0.329538,0.072326,0.256988,0.204781,0.333333,0.489614,0.511871,0.203763,0.2757,0.112876,0.549525,0.19571,0.273283,0.152501,0.0,0.174317,0.0,0.189038,0.0,0.095583,0.0,0.222142,0.006772,0.195334,0.0,0.095792,0.0,0.120735,1
108,2023-02-06T15:02:08.000000000,2023-02-06T15:03:06.000000000,0.0,0.271709,0.0,0.255749,0.0,0.286864,0.875147,0.845549,0.92606,0.104582,0.0,0.166955,0.92606,0.104582,0.0,0.694509,0.0,0.782256,0.0,0.211292,0.0,0.358163,0.03199,0.141668,0.0,0.113806,0.0,0.434452,0.0,0.147326,0.0,0.266574,0.0,0.710282,0.992017,0.812235,0.994875,0.805782,0.0,0.209565,0.994875,0.805782,1.5e-05,0.188526,1.5e-05,0.142237,1.0,0.241801,0.004319,0.126665,0.003695,0.165683,4.8e-05,0.22372,0.002121,0.18274,0.0,0.050542,0.0,0.06749,0.0,0.155957,0.0,0.262641,0.006772,0.137269,0.0,0.079511,0.0,0.022081,1
109,2023-02-06T15:02:38.000000000,2023-02-06T15:03:36.000000000,0.0,0.188998,0.0,0.091669,0.0,0.130746,0.875147,0.885434,0.92606,0.133229,0.0,0.235251,0.92606,0.133229,0.0,0.690166,0.0,0.783079,0.0,0.103679,0.0,0.285235,0.03199,0.232636,0.0,0.146296,0.0,0.357811,0.0,0.22486,0.0,0.18574,0.0,0.696401,0.992017,0.646815,0.994875,0.68344,0.0,0.34066,0.994875,0.68344,0.0,0.151014,0.0,0.19859,0.0,0.084346,0.0,0.188163,0.003327,0.166845,0.0,0.252136,0.0,0.189359,0.0,0.122272,0.0,0.136127,0.0,0.064035,0.0,0.14375,0.006772,0.08697,0.0,0.188047,0.0,0.096731,1
110,2023-02-06T15:03:08.000000000,2023-02-06T15:04:06.000000000,0.0,0.287219,0.0,0.125386,0.0,0.170514,0.875147,0.841758,0.92606,0.082528,0.0,0.319483,0.92606,0.082528,0.0,0.63031,0.0,0.74124,0.0,0.042827,0.0,0.338759,0.03199,0.229009,0.0,0.158916,0.0,0.400608,0.0,0.199685,0.0,0.302365,0.0,0.684371,0.992017,0.622968,0.994875,0.665333,0.0,0.294521,0.994875,0.665333,0.0,0.083895,0.0,0.038225,0.0,0.107909,0.0,0.0,0.003327,0.074534,0.0,0.159915,0.0,0.066848,0.0,0.369447,0.0,0.395391,0.0,0.088271,0.0,0.180749,0.006772,0.254976,0.0,0.160155,0.0,0.218166,1
111,2023-02-06T15:03:38.000000000,2023-02-06T15:04:36.000000000,0.0,0.27216,0.0,0.206421,0.0,0.228805,0.875147,0.833744,0.92606,0.093635,0.0,0.243749,0.92606,0.093635,0.0,0.632023,0.0,0.741889,0.0,0.244283,0.0,0.281194,0.03199,0.16947,0.0,0.100774,0.0,0.360881,0.0,0.1697,0.0,0.266904,0.0,0.688988,0.992017,0.775758,0.994875,0.775018,0.0,0.251142,0.994875,0.775018,0.0,0.148147,0.0,0.116961,0.0,0.174208,0.0,0.08793,0.003327,0.087848,0.0,0.284541,0.0,0.108076,0.0,0.212668,0.0,0.218788,0.0,0.14828,0.0,0.212764,0.006772,0.166246,0.0,0.140943,0.0,0.105985,1
112,2023-02-06T15:04:08.000000000,2023-02-06T15:05:06.000000000,0.0,0.233567,0.0,0.183852,0.0,0.028853,0.875147,0.922317,0.92606,0.202158,0.0,0.318256,0.92606,0.202158,0.0,0.614222,0.0,0.731568,0.0,0.01998,0.0,0.390882,0.03199,0.274877,0.0,0.272916,0.0,0.437443,0.0,0.227812,0.0,0.227012,0.0,0.686885,0.992017,0.734679,0.994875,0.743616,0.0,0.330019,0.994875,0.743616,0.0,0.014521,0.0,0.160064,0.0,0.493537,0.0,0.089857,0.003327,0.120587,0.0,0.165741,0.0,0.143843,0.0,0.346434,0.0,0.371209,0.0,0.06024,0.0,0.169521,0.006772,0.145455,0.0,0.176365,0.0,0.167059,1
113,2023-02-06T15:04:38.000000000,2023-02-06T15:05:36.000000000,0.0,0.297037,0.0,0.299228,0.0,0.465311,0.875147,0.922263,0.92606,0.173717,0.0,0.278528,0.92606,0.173717,0.0,0.678361,0.0,0.771099,0.0,0.383024,0.0,0.331942,0.03199,0.257286,0.0,0.002654,0.0,0.421631,0.0,0.197501,0.0,0.305441,0.0,0.707603,0.992017,0.598683,0.994875,0.651537,0.0,0.281479,0.994875,0.651537,0.0,0.349798,0.0,0.21153,0.666667,0.810336,0.002004,0.281168,0.003327,0.227788,1e-05,0.459108,0.000917,0.216973,0.0,0.36349,0.0,0.396137,0.0,0.168973,0.0,0.217889,0.006772,0.211798,0.0,0.165718,0.0,0.159627,1
114,2023-02-06T15:05:08.000000000,2023-02-06T15:06:06.000000000,0.0,0.176544,0.0,0.24225,0.0,0.675743,0.875147,0.774585,0.92606,0.0,0.0,0.238884,0.92606,0.0,0.0,0.690497,0.0,0.78721,0.0,0.875162,0.0,0.390971,0.03199,0.434599,0.0,0.34557,0.0,0.456756,0.0,0.324797,0.0,0.145282,0.0,0.786913,0.992017,0.675878,0.994875,0.716524,0.0,0.449905,0.994875,0.716524,0.000216,0.808921,0.000197,0.619754,1.0,0.644669,0.313246,0.798799,0.108134,0.635307,0.234475,0.82628,0.105157,0.634113,0.0,0.05432,0.0,0.057445,0.0,0.224605,0.0,0.177776,0.006772,0.034366,0.0,0.306661,0.0,0.045815,1
115,2023-02-06T15:05:38.000000000,2023-02-06T15:06:36.000000000,1e-06,0.287686,1e-06,0.311389,1.0,0.763463,0.875511,0.769032,0.926336,0.010816,1.6e-05,0.36306,0.926336,0.010816,3e-06,0.75789,4e-06,0.83215,1.0,1.0,0.02121,0.858258,0.027498,0.758442,0.000491,0.863593,0.025213,0.851077,0.0,0.366615,0.0,0.337613,0.333333,0.882978,0.991827,0.760224,0.994735,0.763899,2.4e-05,0.458428,0.994735,0.763899,0.587111,0.896914,0.55561,0.759498,0.666667,0.290976,0.647035,1.0,0.427912,0.931457,0.772668,0.791937,0.426003,0.896924,0.0,0.527307,0.0,0.592423,0.333333,0.29252,0.001614,0.45045,0.006177,0.433165,3e-06,0.48704,0.001116,0.466884,1
116,2023-02-06T15:06:08.000000000,2023-02-06T15:07:06.000000000,0.000476,0.383798,0.0004,0.430131,1.0,0.681681,0.826255,0.947069,0.882012,0.222425,0.054659,0.241188,0.882012,0.222425,0.006963,0.998411,0.004725,1.0,1.0,0.761699,0.972248,1.0,0.970153,0.706766,0.940773,1.0,0.969166,1.0,0.000846,0.296695,0.000948,0.519557,1.0,0.950746,0.980812,0.568381,0.983039,0.609343,0.028889,0.410006,0.983039,0.609343,0.885925,0.516595,0.949518,0.516023,0.333333,0.343576,0.933289,0.575475,0.899028,0.719352,0.878237,0.541306,0.898691,0.698137,6.8e-05,0.595971,6.1e-05,0.687556,1.0,0.637696,0.291036,0.80133,0.178764,0.800301,0.096654,0.562971,0.173164,0.675286,1
117,2023-02-06T15:06:38.000000000,2023-02-06T15:07:36.000000000,0.37215,0.30281,0.407547,0.238224,0.666667,0.602614,0.894457,1.0,0.92606,0.250983,0.123887,0.301714,0.92606,0.250983,0.937729,0.971121,1.0,0.98334,0.333333,0.683146,1.0,0.659482,0.973898,0.460966,1.0,0.431966,0.977299,0.710329,0.527147,0.373797,0.779625,0.437826,0.666667,0.877174,0.918006,0.498872,0.915441,0.575526,0.190934,0.544791,0.915441,0.575526,0.376366,0.214247,0.340553,0.271427,0.333333,0.655755,0.745838,0.244293,0.595394,0.302858,0.837143,0.365108,0.594044,0.309715,0.67767,0.352695,0.788979,0.417774,0.333333,0.516478,0.867189,0.721372,0.827966,0.814084,0.766966,0.581676,0.826793,0.593688,1
118,2023-02-06T15:07:08.000000000,2023-02-06T15:08:06.000000000,0.029709,0.347657,0.031777,0.292596,0.333333,0.531454,0.941168,0.796113,0.970108,0.076301,0.054659,0.280764,0.970108,0.076301,0.015262,0.623477,0.009811,0.747036,1.0,0.660718,0.2351,0.213427,0.029847,0.229842,0.060579,0.0,0.29237,0.305348,0.056764,0.197868,0.07827,0.363027,0.0,0.749873,0.929451,0.687981,0.927127,0.726848,0.167266,0.203407,0.927127,0.726848,0.001433,0.220546,0.001932,0.219759,1.0,0.934388,0.07606,0.126227,0.019543,0.145745,0.014481,0.427664,0.030235,0.189509,0.113325,0.336723,0.126637,0.363924,0.333333,0.266675,0.816957,0.323736,0.6524,0.383762,0.720912,0.456389,0.65003,0.391266,1
119,2023-02-06T15:07:38.000000000,2023-02-06T15:08:36.000000000,1.2e-05,0.242002,1.1e-05,0.289158,1.0,0.328079,0.874788,0.756409,0.925785,0.032244,1.6e-05,0.075935,0.925785,0.032244,1.5e-05,0.636458,1.4e-05,0.73553,1.0,0.361818,0.009429,0.333038,0.030593,0.233562,9.7e-05,0.240998,0.010163,0.381803,2.3e-05,0.097853,2.8e-05,0.301136,1.0,0.729764,0.992013,0.745115,0.994866,0.741982,4.6e-05,0.186503,0.994866,0.741982,1e-06,0.0,2e-06,0.044245,1.0,0.67352,0.001922,0.161614,0.003341,0.111656,1e-05,0.42036,0.000824,0.114443,2.1e-05,0.104542,1.9e-05,0.172923,1.0,0.070253,0.010028,0.200953,0.003793,0.221256,0.000121,0.027756,0.008862,0.249316,1
120,2023-02-06T15:08:08.000000000,2023-02-06T15:09:06.000000000,0.0,0.207913,0.0,0.066099,0.0,0.117803,0.875147,0.998447,0.92606,0.154531,0.0,0.390277,0.92606,0.154531,0.0,0.712821,0.0,0.803866,0.0,0.248314,0.0,0.317907,0.03199,0.188619,0.0,0.097493,0.0,0.398225,0.0,0.310057,0.0,0.191701,0.0,0.691847,0.992017,0.588099,0.994875,0.622591,0.0,0.439567,0.994875,0.622591,5e-06,0.230095,5e-06,0.467542,1.0,0.212083,0.006503,0.392848,0.003818,0.255668,0.000109,0.473919,0.003115,0.315438,0.0,0.292698,0.0,0.283515,0.0,0.088547,0.0,0.157329,0.006772,0.155791,0.0,0.220122,0.0,0.089634,1
121,2023-02-06T15:08:38.000000000,2023-02-06T15:09:36.000000000,0.0,0.333879,0.0,0.291208,0.0,0.22002,0.875147,0.957039,0.92606,0.122494,0.0,0.123359,0.92606,0.122494,0.0,0.518827,0.0,0.662454,0.0,0.326633,0.0,0.215928,0.03199,0.244058,0.0,0.097321,0.0,0.278017,0.0,0.027786,0.0,0.315534,0.0,0.686478,0.992017,0.689509,0.994875,0.767606,0.0,0.018388,0.994875,0.767606,0.007334,0.644228,0.009772,0.597306,0.0,0.265848,0.455062,0.605761,0.212739,0.418191,0.45955,0.520806,0.210111,0.432899,0.0,0.433224,0.0,0.455838,0.0,0.033289,0.0,0.100763,0.006772,0.098553,0.0,0.298153,0.0,0.174595,1
122,2023-02-06T15:09:08.000000000,2023-02-06T15:10:06.000000000,0.0,0.071009,0.0,0.167668,0.0,0.228656,0.875147,0.72707,0.92606,0.126735,0.0,0.32644,0.92606,0.126735,0.0,0.758644,0.0,0.837318,0.0,0.0,0.0,0.35308,0.03199,0.189281,0.0,0.137719,0.0,0.438071,0.0,0.348008,0.0,0.111913,0.0,0.679765,0.992017,0.977951,0.994875,1.0,0.0,0.546596,0.994875,1.0,0.94417,0.671134,1.0,0.344247,0.666667,0.643865,0.64213,0.531935,0.430305,0.24952,0.752869,0.399832,0.428403,0.256008,0.0,0.0,0.0,0.0,0.0,0.147431,0.0,0.15547,0.006772,0.129572,0.0,0.0,0.0,0.025141,1
123,2023-02-06T15:09:38.000000000,2023-02-06T15:10:36.000000000,0.0,0.478856,0.0,0.270138,0.0,0.339246,0.875147,0.0,0.92606,1.0,0.0,0.935253,0.92606,1.0,0.0,0.0,0.0,0.0,0.0,0.396303,0.0,0.0,0.03199,0.280607,0.0,0.064501,0.0,0.0,0.0,1.0,0.0,0.381953,0.0,0.703822,0.992017,0.657324,0.994875,0.590166,0.0,0.419758,0.994875,0.590166,0.271177,0.321793,0.237766,0.44858,0.333333,1.0,0.453138,0.221958,0.222066,0.454804,0.448223,0.0,0.219469,0.552388,0.0,0.870979,0.0,0.802969,0.0,1.0,0.0,0.0,0.006772,0.098954,0.0,0.614483,0.0,0.149018,1
124,2023-02-06T15:10:08.000000000,2023-02-06T15:11:06.000000000,0.0,0.478856,0.0,0.270138,0.0,0.339246,0.875147,0.0,0.92606,1.0,0.0,0.935253,0.92606,1.0,0.0,0.0,0.0,0.0,0.0,0.396303,0.0,0.0,0.03199,0.280607,0.0,0.064501,0.0,0.0,0.0,1.0,0.0,0.381953,0.0,0.703822,0.992017,0.657324,0.994875,0.590166,0.0,0.419758,0.994875,0.590166,2.7e-05,0.321793,2.6e-05,0.44858,1.0,1.0,0.006475,0.221958,0.003952,0.454804,0.000108,0.0,0.003101,0.552388,0.0,0.870979,0.0,0.802969,0.0,1.0,0.0,0.0,0.006772,0.098954,0.0,0.614483,0.0,0.149018,1
