segment_idx,segment_start,segment_end,m1_speed_psd_peak_baseband,m1_speed_psd_peak_original_bits,m1_speed_psd_peak_psk_recovered,m1_speed_psd_mean_energy_baseband,m1_speed_psd_mean_energy_original_bits,m1_speed_psd_mean_energy_psk_recovered,m1_speed_psd_peak_freq_baseband,m1_speed_psd_peak_freq_original_bits,m1_speed_psd_peak_freq_psk_recovered,m1_speed_rms_baseband,m1_speed_rms_original_bits,m1_speed_rms_psk_recovered,m1_speed_mean_baseband,m1_speed_mean_original_bits,m1_speed_mean_psk_recovered,m1_speed_variance_baseband,m1_speed_variance_original_bits,m1_speed_variance_psk_recovered,m1_speed_fft_peak_baseband,m1_speed_fft_peak_original_bits,m1_speed_fft_peak_psk_recovered,m2_speed_psd_peak_baseband,m2_speed_psd_peak_original_bits,m2_speed_psd_peak_psk_recovered,m2_speed_psd_mean_energy_baseband,m2_speed_psd_mean_energy_original_bits,m2_speed_psd_mean_energy_psk_recovered,m2_speed_psd_peak_freq_baseband,m2_speed_psd_peak_freq_original_bits,m2_speed_psd_peak_freq_psk_recovered,m2_speed_rms_baseband,m2_speed_rms_original_bits,m2_speed_rms_psk_recovered,m2_speed_mean_baseband,m2_speed_mean_original_bits,m2_speed_mean_psk_recovered,m2_speed_variance_baseband,m2_speed_variance_original_bits,m2_speed_variance_psk_recovered,m2_speed_fft_peak_baseband,m2_speed_fft_peak_original_bits,m2_speed_fft_peak_psk_recovered,m3_speed_psd_peak_baseband,m3_speed_psd_peak_original_bits,m3_speed_psd_peak_psk_recovered,m3_speed_psd_mean_energy_baseband,m3_speed_psd_mean_energy_original_bits,m3_speed_psd_mean_energy_psk_recovered,m3_speed_psd_peak_freq_baseband,m3_speed_psd_peak_freq_original_bits,m3_speed_psd_peak_freq_psk_recovered,m3_speed_rms_baseband,m3_speed_rms_original_bits,m3_speed_rms_psk_recovered,m3_speed_mean_baseband,m3_speed_mean_original_bits,m3_speed_mean_psk_recovered,m3_speed_variance_baseband,m3_speed_variance_original_bits,m3_speed_variance_psk_recovered,m3_speed_fft_peak_baseband,m3_speed_fft_peak_original_bits,m3_speed_fft_peak_psk_recovered,o8_compressor_psd_peak_baseband,o8_compressor_psd_peak_original_bits,o8_compressor_psd_peak_psk_recovered,o8_compressor_psd_mean_energy_baseband,o8_compressor_psd_mean_energy_original_bits,o8_compressor_psd_mean_energy_psk_recovered,o8_compressor_psd_peak_freq_baseband,o8_compressor_psd_peak_freq_original_bits,o8_compressor_psd_peak_freq_psk_recovered,o8_compressor_rms_baseband,o8_compressor_rms_original_bits,o8_compressor_rms_psk_recovered,o8_compressor_mean_baseband,o8_compressor_mean_original_bits,o8_compressor_mean_psk_recovered,o8_compressor_variance_baseband,o8_compressor_variance_original_bits,o8_compressor_variance_psk_recovered,o8_compressor_fft_peak_baseband,o8_compressor_fft_peak_original_bits,o8_compressor_fft_peak_psk_recovered,current_task_duration_psd_peak_baseband,current_task_duration_psd_peak_original_bits,current_task_duration_psd_peak_psk_recovered,current_task_duration_psd_mean_energy_baseband,current_task_duration_psd_mean_energy_original_bits,current_task_duration_psd_mean_energy_psk_recovered,current_task_duration_psd_peak_freq_baseband,current_task_duration_psd_peak_freq_original_bits,current_task_duration_psd_peak_freq_psk_recovered,current_task_duration_rms_baseband,current_task_duration_rms_original_bits,current_task_duration_rms_psk_recovered,current_task_duration_mean_baseband,current_task_duration_mean_original_bits,current_task_duration_mean_psk_recovered,current_task_duration_variance_baseband,current_task_duration_variance_original_bits,current_task_duration_variance_psk_recovered,current_task_duration_fft_peak_baseband,current_task_duration_fft_peak_original_bits,current_task_duration_fft_peak_psk_recovered,current_state_binary
0,2023-02-06T14:08:08.000000000,2023-02-06T14:09:06.000000000,0.002341,0,0,0.002053,0,0,1.0,1,1,0.0,0,0,0.0,0,0,0.613478,1,1,0.0,0,0,0.0,0,0,0.0,0,0,0.0,0,0,0.0,0,0,0.03199,0,0,0.0,0,0,0.0,0,0,0.002341,0,0,0.002612,0,0,1.0,1,1,0.0,0,0,0.0,0,0,0.613478,1,1,0.0,0,0,0.0,0,0,0.0,0,0,0.0,0,0,0.0,0,0,0.003327,0,0,0.0,0,0,0.0,0,0,0.0,0,0,0.0,0,0,0.0,0,0,0.0,0,0,0.006772,0,0,0.0,0,0,0.0,0,0,1
1,2023-02-06T14:08:38.000000000,2023-02-06T14:09:36.000000000,1.0,1,1,0.785987,1,1,0.333333,0,0,0.601486,1,1,0.555792,1,1,1.0,1,1,0.555792,1,1,0.0,0,0,0.0,0,0,0.0,0,0,0.0,0,0,0.03199,0,0,0.0,0,0,0.0,0,0,1.0,1,1,1.0,1,1,0.333333,0,0,0.68181,1,1,0.597093,1,1,1.0,1,1,0.597093,1,1,0.0,0,0,0.0,0,0,0.0,0,0,0.0,0,0,0.003327,0,0,0.0,0,0,0.0,0,0,0.0,0,0,0.0,0,0,0.0,0,0,0.0,0,0,0.006772,0,0,0.0,0,0,0.0,0,0,1
2,2023-02-06T14:09:08.000000000,2023-02-06T14:10:06.000000000,0.000334,0,0,0.000285,0,0,1.0,1,1,0.875311,1,1,0.926128,1,1,0.000475,0,0,0.926128,1,1,0.0,0,0,0.0,0,0,0.0,0,0,0.0,0,0,0.03199,0,0,0.0,0,0,0.0,0,0,0.000334,0,0,0.000363,0,0,1.0,1,1,0.992203,1,1,0.994948,1,1,0.000475,0,0,0.994948,1,1,0.0,0,0,0.0,0,0,0.0,0,0,0.0,0,0,0.003327,0,0,0.0,0,0,0.0,0,0,0.0,0,0,0.0,0,0,0.0,0,0,0.0,0,0,0.006772,0,0,0.0,0,0,0.0,0,0,1
3,2023-02-06T14:09:38.000000000,2023-02-06T14:10:36.000000000,0.0,0,0,0.0,0,0,0.333333,0,0,0.875276,1,1,0.926158,1,1,1e-06,0,0,0.926158,1,1,0.0,0,0,0.0,0,0,0.0,0,0,0.0,0,0,0.03199,0,0,0.0,0,0,0.0,0,0,0.0,0,0,0.0,0,0,0.333333,0,0,0.992163,1,1,0.994981,1,1,1e-06,0,0,0.994981,1,1,0.0,0,0,0.0,0,0,0.0,0,0,0.0,0,0,0.003327,0,0,0.0,0,0,0.0,0,0,0.0,0,0,0.0,0,0,0.0,0,0,0.0,0,0,0.006772,0,0,0.0,0,0,0.0,0,0,1
4,2023-02-06T14:10:08.000000000,2023-02-06T14:11:06.000000000,0.0,0,0,0.0,0,0,0.0,0,0,0.875147,1,1,0.92606,1,1,0.0,0,0,0.92606,1,1,0.0,0,0,0.0,0,0,0.0,0,0,0.0,0,0,0.03199,0,0,0.0,0,0,0.0,0,0,0.0,0,0,0.0,0,0,0.0,0,0,0.992017,1,1,0.994875,1,1,0.0,0,0,0.994875,1,1,0.0,0,0,0.0,0,0,0.0,0,0,0.0,0,0,0.003327,0,0,0.0,0,0,0.0,0,0,0.0,0,0,0.0,0,0,0.0,0,0,0.0,0,0,0.006772,0,0,0.0,0,0,0.0,0,0,1
5,2023-02-06T14:10:38.000000000,2023-02-06T14:11:36.000000000,0.0,0,0,0.0,0,0,0.0,0,0,0.875147,1,1,0.92606,1,1,0.0,0,0,0.92606,1,1,0.0,0,0,0.0,0,0,0.0,0,0,0.0,0,0,0.03199,0,0,0.0,0,0,0.0,0,0,0.0,0,0,0.0,0,0,0.0,0,0,0.992017,1,1,0.994875,1,1,0.0,0,0,0.994875,1,1,0.0,0,0,0.0,0,0,0.0,0,0,0.0,0,0,0.003327,0,0,0.0,0,0,0.0,0,0,0.0,0,0,0.0,0,0,0.0,0,0,0.0,0,0,0.006772,0,0,0.0,0,0,0.0,0,0,1
6,2023-02-06T14:11:08.000000000,2023-02-06T14:12:06.000000000,0.0,0,0,0.0,0,0,0.0,0,0,0.875147,1,1,0.92606,1,1,0.0,0,0,0.92606,1,1,0.0,0,0,0.0,0,0,0.0,0,0,0.0,0,0,0.03199,0,0,0.0,0,0,0.0,0,0,0.0,0,0,0.0,0,0,0.0,0,0,0.992017,1,1,0.994875,1,1,0.0,0,0,0.994875,1,1,0.0,0,0,0.0,0,0,0.0,0,0,0.0,0,0,0.003327,0,0,0.0,0,0,0.0,0,0,0.0,0,0,0.0,0,0,0.0,0,0,0.0,0,0,0.006772,0,0,0.0,0,0,0.0,0,0,1
7,2023-02-06T14:11:38.000000000,2023-02-06T14:12:36.000000000,0.0,0,0,0.0,0,0,0.0,0,0,0.875147,1,1,0.92606,1,1,0.0,0,0,0.92606,1,1,0.0,0,0,0.0,0,0,0.0,0,0,0.0,0,0,0.03199,0,0,0.0,0,0,0.0,0,0,0.0,0,0,0.0,0,0,0.0,0,0,0.992017,1,1,0.994875,1,1,0.0,0,0,0.994875,1,1,0.0,0,0,0.0,0,0,0.0,0,0,0.0,0,0,0.003327,0,0,0.0,0,0,0.0,0,0,0.0,0,0,0.0,0,0,0.0,0,0,0.0,0,0,0.006772,0,0,0.0,0,0,0.0,0,0,1
8,2023-02-06T14:12:08.000000000,2023-02-06T14:13:06.000000000,0.0,0,0,0.0,0,0,0.0,0,0,0.875147,1,1,0.92606,1,1,0.0,0,0,0.92606,1,1,0.0,0,0,0.0,0,0,0.0,0,0,0.0,0,0,0.03199,0,0,0.0,0,0,0.0,0,0,0.0,0,0,0.0,0,0,0.0,0,0,0.992017,1,1,0.994875,1,1,0.0,0,0,0.994875,1,1,0.0,0,0,0.0,0,0,0.0,0,0,0.0,0,0,0.003327,0,0,0.0,0,0,0.0,0,0,0.0,0,0,0.0,0,0,0.0,0,0,0.0,0,0,0.006772,0,0,0.0,0,0,0.0,0,0,1
9,2023-02-06T14:12:38.000000000,2023-02-06T14:13:36.000000000,0.0,0,0,0.0,0,0,0.0,0,0,0.875147,1,1,0.92606,1,1,0.0,0,0,0.92606,1,1,0.0,0,0,0.0,0,0,0.0,0,0,0.0,0,0,0.03199,0,0,0.0,0,0,0.0,0,0,0.0,0,0,0.0,0,0,0.0,0,0,0.992017,1,1,0.994875,1,1,0.0,0,0,0.994875,1,1,1e-06,0,0,1e-06,0,0,1.0,1,1,0.003371,0,0,0.002487,0,0,2.8e-05,0,0,0.001592,0,0,0.0,0,0,0.0,0,0,0.0,0,0,0.0,0,0,0.006772,0,0,0.0,0,0,0.0,0,0,1
10,2023-02-06T14:13:08.000000000,2023-02-06T14:14:06.000000000,0.0,0,0,0.0,0,0,0.0,0,0,0.875147,1,1,0.92606,1,1,0.0,0,0,0.92606,1,1,0.0,0,0,0.0,0,0,0.0,0,0,0.0,0,0,0.03199,0,0,0.0,0,0,0.0,0,0,0.0,0,0,0.0,0,0,0.0,0,0,0.992017,1,1,0.994875,1,1,0.0,0,0,0.994875,1,1,0.00045,0,0,0.000418,0,0,1.0,1,1,0.45221,0,0,0.210143,0,0,0.454717,0,0,0.207507,0,0,0.0,0,0,0.0,0,0,0.0,0,0,0.0,0,0,0.006772,0,0,0.0,0,0,0.0,0,0,1
11,2023-02-06T14:13:38.000000000,2023-02-06T14:14:36.000000000,3e-06,0,0,3e-06,0,0,1.0,1,1,0.874963,1,1,0.925915,1,1,3.8e-05,0,0,0.925915,1,1,1.5e-05,0,0,1.5e-05,0,0,1.0,1,1,0.028204,0,0,0.028917,0,0,0.000871,0,0,0.034519,0,0,2e-06,0,0,3e-06,0,0,1.0,1,1,0.992967,1,1,0.99555,1,1,9e-05,0,0,0.99555,1,1,0.715466,1,1,0.700753,1,1,0.666667,1,1,0.650206,1,1,0.444339,0,0,0.759007,1,1,0.442485,0,0,0.0,0,0,0.0,0,0,0.333333,0,0,0.002427,0,0,0.007001,0,0,7e-06,0,0,0.001882,0,0,1
12,2023-02-06T14:14:08.000000000,2023-02-06T14:15:06.000000000,0.001151,0,0,0.000981,0,0,1.0,1,1,0.908052,1,1,0.927441,1,1,0.200534,0,0,0.927441,1,1,0.015262,0,0,0.010749,0,0,1.0,1,1,0.988367,1,1,1.0,1,1,0.969252,1,1,1.0,1,1,0.002674,0,0,0.002871,0,0,1.0,1,1,0.91122,1,1,0.911436,1,1,0.183616,0,0,0.911436,1,1,0.856068,1,1,0.787785,1,1,0.333333,0,0,0.870453,1,1,0.759714,1,1,0.978662,1,1,0.758912,1,1,0.00015,0,0,0.000128,0,0,1.0,1,1,0.765335,1,1,0.619464,1,1,0.630565,1,1,0.616869,1,1,1
13,2023-02-06T14:14:38.000000000,2023-02-06T14:15:36.000000000,0.777667,1,1,0.999383,1,1,0.666667,1,1,0.967539,1,1,0.962913,1,1,0.294229,0,0,0.962913,1,1,0.922637,1,1,0.989515,1,1,0.333333,0,0,0.999849,1,1,0.973103,1,1,0.999832,1,1,0.973734,1,1,0.416793,0,0,0.644962,1,1,0.333333,0,0,0.916446,1,1,0.914369,1,1,0.190344,0,0,0.914369,1,1,0.474514,0,0,0.393508,0,0,0.333333,0,0,0.734526,1,1,0.526509,1,1,0.925077,1,1,0.524929,1,1,0.841185,1,1,0.81283,1,1,0.333333,0,0,0.895004,1,1,0.85827,1,1,0.815463,1,1,0.857304,1,1,1
14,2023-02-06T14:15:08.000000000,2023-02-06T14:16:06.000000000,0.020691,0,0,0.020111,0,0,0.0,0,0,0.936167,1,1,0.961718,1,1,0.094075,0,0,0.961718,1,1,0.006963,0,0,0.004678,0,0,1.0,1,1,0.15385,0,0,0.0,0,0,0.025832,0,0,0.203244,0,0,0.003969,0,0,0.004376,0,0,1.0,1,1,0.998279,1,1,0.998731,1,1,0.005213,0,0,0.998731,1,1,0.000127,0,0,0.000109,0,0,1.0,1,1,0.011154,0,0,0.003336,0,0,0.000321,0,0,0.005764,0,0,0.02084,0,0,0.018931,0,0,0.0,0,0,0.464047,0,0,0.247327,0,0,0.249566,0,0,0.284394,0,0,1
15,2023-02-06T14:15:38.000000000,2023-02-06T14:16:36.000000000,1.1e-05,0,0,1.3e-05,0,0,1.0,1,1,0.875585,1,1,0.926391,1,1,2.3e-05,0,0,0.926391,1,1,3e-06,0,0,4e-06,0,0,1.0,1,1,0.00668,0,0,0.029969,0,0,4.8e-05,0,0,0.006825,0,0,3e-06,0,0,6e-06,0,0,1.0,1,1,0.992361,1,1,0.995123,1,1,9e-06,0,0,0.995123,1,1,0.0,0,0,0.0,0,0,0.333333,0,0,0.000604,0,0,0.003185,0,0,1e-06,0,0,0.000189,0,0,8e-06,0,0,1e-05,0,0,1.0,1,1,0.006233,0,0,0.008292,0,0,4.7e-05,0,0,0.005216,0,0,1
16,2023-02-06T14:16:08.000000000,2023-02-06T14:17:06.000000000,0.0,0,0,0.0,0,0,0.0,0,0,0.875147,1,1,0.92606,1,1,0.0,0,0,0.92606,1,1,0.0,0,0,0.0,0,0,0.0,0,0,0.0,0,0,0.03199,0,0,0.0,0,0,0.0,0,0,0.0,0,0,0.0,0,0,0.0,0,0,0.992017,1,1,0.994875,1,1,0.0,0,0,0.994875,1,1,0.0,0,0,0.0,0,0,0.0,0,0,0.0,0,0,0.003327,0,0,0.0,0,0,0.0,0,0,0.0,0,0,0.0,0,0,0.0,0,0,0.0,0,0,0.006772,0,0,0.0,0,0,0.0,0,0,1
17,2023-02-06T14:16:38.000000000,2023-02-06T14:17:36.000000000,0.0,0,0,0.0,0,0,0.0,0,0,0.875147,1,1,0.92606,1,1,0.0,0,0,0.92606,1,1,0.0,0,0,0.0,0,0,0.0,0,0,0.0,0,0,0.03199,0,0,0.0,0,0,0.0,0,0,0.0,0,0,0.0,0,0,0.0,0,0,0.992017,1,1,0.994875,1,1,0.0,0,0,0.994875,1,1,0.0,0,0,0.0,0,0,0.0,0,0,0.0,0,0,0.003327,0,0,0.0,0,0,0.0,0,0,0.0,0,0,0.0,0,0,0.0,0,0,0.0,0,0,0.006772,0,0,0.0,0,0,0.0,0,0,1
18,2023-02-06T14:17:08.000000000,2023-02-06T14:18:06.000000000,0.0,0,0,0.0,0,0,0.0,0,0,0.875147,1,1,0.92606,1,1,0.0,0,0,0.92606,1,1,0.0,0,0,0.0,0,0,0.0,0,0,0.0,0,0,0.03199,0,0,0.0,0,0,0.0,0,0,0.0,0,0,0.0,0,0,0.0,0,0,0.992017,1,1,0.994875,1,1,0.0,0,0,0.994875,1,1,0.0,0,0,0.0,0,0,0.0,0,0,0.0,0,0,0.003327,0,0,0.0,0,0,0.0,0,0,0.0,0,0,0.0,0,0,0.0,0,0,0.0,0,0,0.006772,0,0,0.0,0,0,0.0,0,0,1
19,2023-02-06T14:17:38.000000000,2023-02-06T14:18:36.000000000,0.0,0,0,0.0,0,0,0.0,0,0,0.875147,1,1,0.92606,1,1,0.0,0,0,0.92606,1,1,0.0,0,0,0.0,0,0,0.0,0,0,0.0,0,0,0.03199,0,0,0.0,0,0,0.0,0,0,0.0,0,0,0.0,0,0,0.0,0,0,0.992017,1,1,0.994875,1,1,0.0,0,0,0.994875,1,1,0.0,0,0,0.0,0,0,0.0,0,0,0.0,0,0,0.003327,0,0,0.0,0,0,0.0,0,0,0.0,0,0,0.0,0,0,0.0,0,0,0.0,0,0,0.006772,0,0,0.0,0,0,0.0,0,0,1
20,2023-02-06T14:18:08.000000000,2023-02-06T14:19:06.000000000,0.0,0,0,0.0,0,0,0.0,0,0,0.875147,1,1,0.92606,1,1,0.0,0,0,0.92606,1,1,0.0,0,0,0.0,0,0,0.0,0,0,0.0,0,0,0.03199,0,0,0.0,0,0,0.0,0,0,0.0,0,0,0.0,0,0,0.0,0,0,0.992017,1,1,0.994875,1,1,0.0,0,0,0.994875,1,1,0.0,0,0,0.0,0,0,0.0,0,0,0.0,0,0,0.003327,0,0,0.0,0,0,0.0,0,0,0.0,0,0,0.0,0,0,0.0,0,0,0.0,0,0,0.006772,0,0,0.0,0,0,0.0,0,0,1
21,2023-02-06T14:18:38.000000000,2023-02-06T14:19:36.000000000,0.0,0,0,0.0,0,0,0.0,0,0,0.875147,1,1,0.92606,1,1,0.0,0,0,0.92606,1,1,0.0,0,0,0.0,0,0,0.0,0,0,0.0,0,0,0.03199,0,0,0.0,0,0,0.0,0,0,0.0,0,0,0.0,0,0,0.0,0,0,0.992017,1,1,0.994875,1,1,0.0,0,0,0.994875,1,1,0.0,0,0,0.0,0,0,0.0,0,0,0.0,0,0,0.003327,0,0,0.0,0,0,0.0,0,0,0.0,0,0,0.0,0,0,0.0,0,0,0.0,0,0,0.006772,0,0,0.0,0,0,0.0,0,0,1
22,2023-02-06T14:19:08.000000000,2023-02-06T14:20:06.000000000,0.0,0,0,0.0,0,0,0.0,0,0,0.875147,1,1,0.92606,1,1,0.0,0,0,0.92606,1,1,0.0,0,0,0.0,0,0,0.0,0,0,0.0,0,0,0.03199,0,0,0.0,0,0,0.0,0,0,0.0,0,0,0.0,0,0,0.0,0,0,0.992017,1,1,0.994875,1,1,0.0,0,0,0.994875,1,1,0.0,0,0,0.0,0,0,0.0,0,0,0.0,0,0,0.003327,0,0,0.0,0,0,0.0,0,0,0.0,0,0,0.0,0,0,0.0,0,0,0.0,0,0,0.006772,0,0,0.0,0,0,0.0,0,0,1
23,2023-02-06T14:19:38.000000000,2023-02-06T14:20:36.000000000,0.0,0,0,0.0,0,0,0.0,0,0,0.875147,1,1,0.92606,1,1,0.0,0,0,0.92606,1,1,0.0,0,0,0.0,0,0,0.0,0,0,0.0,0,0,0.03199,0,0,0.0,0,0,0.0,0,0,0.0,0,0,0.0,0,0,0.0,0,0,0.992017,1,1,0.994875,1,1,0.0,0,0,0.994875,1,1,0.0,0,0,0.0,0,0,0.0,0,0,0.0,0,0,0.003327,0,0,0.0,0,0,0.0,0,0,0.0,0,0,0.0,0,0,0.0,0,0,0.0,0,0,0.006772,0,0,0.0,0,0,0.0,0,0,1
24,2023-02-06T14:20:08.000000000,2023-02-06T14:21:06.000000000,0.0,0,0,0.0,0,0,0.0,0,0,0.875147,1,1,0.92606,1,1,0.0,0,0,0.92606,1,1,0.0,0,0,0.0,0,0,0.0,0,0,0.0,0,0,0.03199,0,0,0.0,0,0,0.0,0,0,0.0,0,0,0.0,0,0,0.0,0,0,0.992017,1,1,0.994875,1,1,0.0,0,0,0.994875,1,1,0.0,0,0,0.0,0,0,0.0,0,0,0.0,0,0,0.003327,0,0,0.0,0,0,0.0,0,0,0.0,0,0,0.0,0,0,0.0,0,0,0.0,0,0,0.006772,0,0,0.0,0,0,0.0,0,0,1
25,2023-02-06T14:20:38.000000000,2023-02-06T14:21:36.000000000,0.0,0,0,0.0,0,0,0.0,0,0,0.875147,1,1,0.92606,1,1,0.0,0,0,0.92606,1,1,0.0,0,0,0.0,0,0,0.0,0,0,0.0,0,0,0.03199,0,0,0.0,0,0,0.0,0,0,0.0,0,0,0.0,0,0,0.0,0,0,0.992017,1,1,0.994875,1,1,0.0,0,0,0.994875,1,1,0.0,0,0,0.0,0,0,0.0,0,0,0.0,0,0,0.003327,0,0,0.0,0,0,0.0,0,0,0.0,0,0,0.0,0,0,0.0,0,0,0.0,0,0,0.006772,0,0,0.0,0,0,0.0,0,0,1
26,2023-02-06T14:21:08.000000000,2023-02-06T14:22:06.000000000,0.0,0,0,0.0,0,0,0.0,0,0,0.875147,1,1,0.92606,1,1,0.0,0,0,0.92606,1,1,0.0,0,0,0.0,0,0,0.0,0,0,0.0,0,0,0.03199,0,0,0.0,0,0,0.0,0,0,0.0,0,0,0.0,0,0,0.0,0,0,0.992017,1,1,0.994875,1,1,0.0,0,0,0.994875,1,1,0.0,0,0,0.0,0,0,0.0,0,0,0.0,0,0,0.003327,0,0,0.0,0,0,0.0,0,0,0.0,0,0,0.0,0,0,0.0,0,0,0.0,0,0,0.006772,0,0,0.0,0,0,0.0,0,0,1
27,2023-02-06T14:21:38.000000000,2023-02-06T14:22:36.000000000,0.0,0,0,0.0,0,0,0.0,0,0,0.875147,1,1,0.92606,1,1,0.0,0,0,0.92606,1,1,0.0,0,0,0.0,0,0,0.0,0,0,0.0,0,0,0.03199,0,0,0.0,0,0,0.0,0,0,0.0,0,0,0.0,0,0,0.0,0,0,0.992017,1,1,0.994875,1,1,0.0,0,0,0.994875,1,1,0.0,0,0,0.0,0,0,0.0,0,0,0.0,0,0,0.003327,0,0,0.0,0,0,0.0,0,0,0.0,0,0,0.0,0,0,0.0,0,0,0.0,0,0,0.006772,0,0,0.0,0,0,0.0,0,0,1
28,2023-02-06T14:22:08.000000000,2023-02-06T14:23:06.000000000,0.0,0,0,0.0,0,0,0.0,0,0,0.875147,1,1,0.92606,1,1,0.0,0,0,0.92606,1,1,0.0,0,0,0.0,0,0,0.0,0,0,0.0,0,0,0.03199,0,0,0.0,0,0,0.0,0,0,0.0,0,0,0.0,0,0,0.0,0,0,0.992017,1,1,0.994875,1,1,0.0,0,0,0.994875,1,1,0.0,0,0,0.0,0,0,0.0,0,0,0.0,0,0,0.003327,0,0,0.0,0,0,0.0,0,0,0.0,0,0,0.0,0,0,0.0,0,0,0.0,0,0,0.006772,0,0,0.0,0,0,0.0,0,0,1
29,2023-02-06T14:22:38.000000000,2023-02-06T14:23:36.000000000,0.0,0,0,0.0,0,0,0.0,0,0,0.875147,1,1,0.92606,1,1,0.0,0,0,0.92606,1,1,0.0,0,0,0.0,0,0,0.0,0,0,0.0,0,0,0.03199,0,0,0.0,0,0,0.0,0,0,0.0,0,0,0.0,0,0,0.0,0,0,0.992017,1,1,0.994875,1,1,0.0,0,0,0.994875,1,1,0.0,0,0,0.0,0,0,0.0,0,0,0.0,0,0,0.003327,0,0,0.0,0,0,0.0,0,0,0.0,0,0,0.0,0,0,0.0,0,0,0.0,0,0,0.006772,0,0,0.0,0,0,0.0,0,0,1
30,2023-02-06T14:23:08.000000000,2023-02-06T14:24:06.000000000,0.0,0,0,0.0,0,0,0.0,0,0,0.875147,1,1,0.92606,1,1,0.0,0,0,0.92606,1,1,0.0,0,0,0.0,0,0,0.0,0,0,0.0,0,0,0.03199,0,0,0.0,0,0,0.0,0,0,0.0,0,0,0.0,0,0,0.0,0,0,0.992017,1,1,0.994875,1,1,0.0,0,0,0.994875,1,1,0.0,0,0,0.0,0,0,0.0,0,0,0.0,0,0,0.003327,0,0,0.0,0,0,0.0,0,0,0.0,0,0,0.0,0,0,0.0,0,0,0.0,0,0,0.006772,0,0,0.0,0,0,0.0,0,0,1
31,2023-02-06T14:23:38.000000000,2023-02-06T14:24:36.000000000,0.0,0,0,0.0,0,0,0.0,0,0,0.875147,1,1,0.92606,1,1,0.0,0,0,0.92606,1,1,0.0,0,0,0.0,0,0,0.0,0,0,0.0,0,0,0.03199,0,0,0.0,0,0,0.0,0,0,0.0,0,0,0.0,0,0,0.0,0,0,0.992017,1,1,0.994875,1,1,0.0,0,0,0.994875,1,1,0.0,0,0,0.0,0,0,0.0,0,0,0.0,0,0,0.003327,0,0,0.0,0,0,0.0,0,0,0.0,0,0,0.0,0,0,0.0,0,0,0.0,0,0,0.006772,0,0,0.0,0,0,0.0,0,0,1
32,2023-02-06T14:24:08.000000000,2023-02-06T14:25:06.000000000,0.0,0,0,0.0,0,0,0.0,0,0,0.875147,1,1,0.92606,1,1,0.0,0,0,0.92606,1,1,0.0,0,0,0.0,0,0,0.0,0,0,0.0,0,0,0.03199,0,0,0.0,0,0,0.0,0,0,0.0,0,0,0.0,0,0,0.0,0,0,0.992017,1,1,0.994875,1,1,0.0,0,0,0.994875,1,1,0.0,0,0,0.0,0,0,0.0,0,0,0.0,0,0,0.003327,0,0,0.0,0,0,0.0,0,0,0.0,0,0,0.0,0,0,0.0,0,0,0.0,0,0,0.006772,0,0,0.0,0,0,0.0,0,0,1
33,2023-02-06T14:24:38.000000000,2023-02-06T14:25:36.000000000,0.0,0,0,0.0,0,0,0.0,0,0,0.875147,1,1,0.92606,1,1,0.0,0,0,0.92606,1,1,0.0,0,0,0.0,0,0,0.0,0,0,0.0,0,0,0.03199,0,0,0.0,0,0,0.0,0,0,0.0,0,0,0.0,0,0,0.0,0,0,0.992017,1,1,0.994875,1,1,0.0,0,0,0.994875,1,1,0.0,0,0,0.0,0,0,0.0,0,0,0.0,0,0,0.003327,0,0,0.0,0,0,0.0,0,0,0.0,0,0,0.0,0,0,0.0,0,0,0.0,0,0,0.006772,0,0,0.0,0,0,0.0,0,0,1
34,2023-02-06T14:25:08.000000000,2023-02-06T14:26:06.000000000,0.0,0,0,0.0,0,0,0.0,0,0,0.875147,1,1,0.92606,1,1,0.0,0,0,0.92606,1,1,0.0,0,0,0.0,0,0,0.0,0,0,0.0,0,0,0.03199,0,0,0.0,0,0,0.0,0,0,0.0,0,0,0.0,0,0,0.0,0,0,0.992017,1,1,0.994875,1,1,0.0,0,0,0.994875,1,1,0.0,0,0,0.0,0,0,0.0,0,0,0.0,0,0,0.003327,0,0,0.0,0,0,0.0,0,0,0.0,0,0,0.0,0,0,0.0,0,0,0.0,0,0,0.006772,0,0,0.0,0,0,0.0,0,0,1
35,2023-02-06T14:25:38.000000000,2023-02-06T14:26:36.000000000,0.0,0,0,0.0,0,0,0.0,0,0,0.875147,1,1,0.92606,1,1,0.0,0,0,0.92606,1,1,0.0,0,0,0.0,0,0,0.0,0,0,0.0,0,0,0.03199,0,0,0.0,0,0,0.0,0,0,0.0,0,0,0.0,0,0,0.0,0,0,0.992017,1,1,0.994875,1,1,0.0,0,0,0.994875,1,1,0.0,0,0,0.0,0,0,0.0,0,0,0.0,0,0,0.003327,0,0,0.0,0,0,0.0,0,0,0.0,0,0,0.0,0,0,0.0,0,0,0.0,0,0,0.006772,0,0,0.0,0,0,0.0,0,0,1
36,2023-02-06T14:26:08.000000000,2023-02-06T14:27:06.000000000,0.0,0,0,0.0,0,0,0.0,0,0,0.875147,1,1,0.92606,1,1,0.0,0,0,0.92606,1,1,0.0,0,0,0.0,0,0,0.0,0,0,0.0,0,0,0.03199,0,0,0.0,0,0,0.0,0,0,0.0,0,0,0.0,0,0,0.0,0,0,0.992017,1,1,0.994875,1,1,0.0,0,0,0.994875,1,1,0.0,0,0,0.0,0,0,0.0,0,0,0.0,0,0,0.003327,0,0,0.0,0,0,0.0,0,0,0.0,0,0,0.0,0,0,0.0,0,0,0.0,0,0,0.006772,0,0,0.0,0,0,0.0,0,0,1
37,2023-02-06T14:26:38.000000000,2023-02-06T14:27:36.000000000,0.0,0,0,0.0,0,0,0.0,0,0,0.875147,1,1,0.92606,1,1,0.0,0,0,0.92606,1,1,0.0,0,0,0.0,0,0,0.0,0,0,0.0,0,0,0.03199,0,0,0.0,0,0,0.0,0,0,0.0,0,0,0.0,0,0,0.0,0,0,0.992017,1,1,0.994875,1,1,0.0,0,0,0.994875,1,1,0.0,0,0,0.0,0,0,0.0,0,0,0.0,0,0,0.003327,0,0,0.0,0,0,0.0,0,0,0.0,0,0,0.0,0,0,0.0,0,0,0.0,0,0,0.006772,0,0,0.0,0,0,0.0,0,0,1
38,2023-02-06T14:27:08.000000000,2023-02-06T14:28:06.000000000,0.0,0,0,0.0,0,0,0.0,0,0,0.875147,1,1,0.92606,1,1,0.0,0,0,0.92606,1,1,0.0,0,0,0.0,0,0,0.0,0,0,0.0,0,0,0.03199,0,0,0.0,0,0,0.0,0,0,0.0,0,0,0.0,0,0,0.0,0,0,0.992017,1,1,0.994875,1,1,0.0,0,0,0.994875,1,1,0.0,0,0,0.0,0,0,0.0,0,0,0.0,0,0,0.003327,0,0,0.0,0,0,0.0,0,0,0.0,0,0,0.0,0,0,0.0,0,0,0.0,0,0,0.006772,0,0,0.0,0,0,0.0,0,0,1
39,2023-02-06T14:27:38.000000000,2023-02-06T14:28:36.000000000,0.0,0,0,0.0,0,0,0.0,0,0,0.875147,1,1,0.92606,1,1,0.0,0,0,0.92606,1,1,0.0,0,0,0.0,0,0,0.0,0,0,0.0,0,0,0.03199,0,0,0.0,0,0,0.0,0,0,0.0,0,0,0.0,0,0,0.0,0,0,0.992017,1,1,0.994875,1,1,0.0,0,0,0.994875,1,1,0.0,0,0,0.0,0,0,0.0,0,0,0.0,0,0,0.003327,0,0,0.0,0,0,0.0,0,0,0.0,0,0,0.0,0,0,0.0,0,0,0.0,0,0,0.006772,0,0,0.0,0,0,0.0,0,0,1
40,2023-02-06T14:28:08.000000000,2023-02-06T14:29:06.000000000,0.0,0,0,0.0,0,0,0.0,0,0,0.875147,1,1,0.92606,1,1,0.0,0,0,0.92606,1,1,0.0,0,0,0.0,0,0,0.0,0,0,0.0,0,0,0.03199,0,0,0.0,0,0,0.0,0,0,0.0,0,0,0.0,0,0,0.0,0,0,0.992017,1,1,0.994875,1,1,0.0,0,0,0.994875,1,1,0.0,0,0,0.0,0,0,0.0,0,0,0.0,0,0,0.003327,0,0,0.0,0,0,0.0,0,0,0.0,0,0,0.0,0,0,0.0,0,0,0.0,0,0,0.006772,0,0,0.0,0,0,0.0,0,0,1
41,2023-02-06T14:28:38.000000000,2023-02-06T14:29:36.000000000,0.0,0,0,0.0,0,0,0.0,0,0,0.875147,1,1,0.92606,1,1,0.0,0,0,0.92606,1,1,0.0,0,0,0.0,0,0,0.0,0,0,0.0,0,0,0.03199,0,0,0.0,0,0,0.0,0,0,0.0,0,0,0.0,0,0,0.0,0,0,0.992017,1,1,0.994875,1,1,0.0,0,0,0.994875,1,1,0.0,0,0,0.0,0,0,0.0,0,0,0.0,0,0,0.003327,0,0,0.0,0,0,0.0,0,0,0.0,0,0,0.0,0,0,0.0,0,0,0.0,0,0,0.006772,0,0,0.0,0,0,0.0,0,0,1
42,2023-02-06T14:29:08.000000000,2023-02-06T14:30:06.000000000,0.0,0,0,0.0,0,0,0.0,0,0,0.875147,1,1,0.92606,1,1,0.0,0,0,0.92606,1,1,0.0,0,0,0.0,0,0,0.0,0,0,0.0,0,0,0.03199,0,0,0.0,0,0,0.0,0,0,0.0,0,0,0.0,0,0,0.0,0,0,0.992017,1,1,0.994875,1,1,0.0,0,0,0.994875,1,1,0.0,0,0,0.0,0,0,0.0,0,0,0.0,0,0,0.003327,0,0,0.0,0,0,0.0,0,0,0.0,0,0,0.0,0,0,0.0,0,0,0.0,0,0,0.006772,0,0,0.0,0,0,0.0,0,0,1
43,2023-02-06T14:29:38.000000000,2023-02-06T14:30:36.000000000,0.0,0,0,0.0,0,0,0.0,0,0,0.875147,1,1,0.92606,1,1,0.0,0,0,0.92606,1,1,0.0,0,0,0.0,0,0,0.0,0,0,0.0,0,0,0.03199,0,0,0.0,0,0,0.0,0,0,0.0,0,0,0.0,0,0,0.0,0,0,0.992017,1,1,0.994875,1,1,0.0,0,0,0.994875,1,1,0.0,0,0,0.0,0,0,0.0,0,0,0.000798,0,0,0.003283,0,0,2e-06,0,0,0.000296,0,0,0.0,0,0,0.0,0,0,0.0,0,0,0.0,0,0,0.006772,0,0,0.0,0,0,0.0,0,0,1
44,2023-02-06T14:30:08.000000000,2023-02-06T14:31:06.000000000,0.0,0,0,0.0,0,0,0.0,0,0,0.875147,1,1,0.92606,1,1,0.0,0,0,0.92606,1,1,0.0,0,0,0.0,0,0,0.0,0,0,0.0,0,0,0.03199,0,0,0.0,0,0,0.0,0,0,0.0,0,0,0.0,0,0,0.0,0,0,0.992017,1,1,0.994875,1,1,0.0,0,0,0.994875,1,1,3.3e-05,0,0,3e-05,0,0,1.0,1,1,0.013616,0,0,0.00415,0,0,0.000477,0,0,0.006877,0,0,0.0,0,0,0.0,0,0,0.0,0,0,0.0,0,0,0.006772,0,0,0.0,0,0,0.0,0,0,1
45,2023-02-06T14:30:38.000000000,2023-02-06T14:31:36.000000000,0.0,0,0,0.0,0,0,0.0,0,0,0.875352,1,1,0.926215,1,1,9e-06,0,0,0.926215,1,1,0.0,0,0,0.0,0,0,0.0,0,0,0.0,0,0,0.03199,0,0,0.0,0,0,0.0,0,0,0.0,0,0,0.0,0,0,0.0,0,0,0.991896,1,1,0.994787,1,1,3e-06,0,0,0.994787,1,1,0.345195,0,0,0.3263,0,0,0.333333,0,0,0.643737,1,1,0.420426,0,0,0.772438,1,1,0.418491,0,0,0.0,0,0,0.0,0,0,0.0,0,0,0.000716,0,0,0.006159,0,0,1e-06,0,0,0.000618,0,0,1
46,2023-02-06T14:31:08.000000000,2023-02-06T14:32:06.000000000,0.000356,0,0,0.000312,0,0,1.0,1,1,0.880386,1,1,0.929491,1,1,0.004714,0,0,0.929491,1,1,0.0,0,0,0.0,0,0,0.0,0,0,0.0,0,0,0.03199,0,0,0.0,0,0,0.0,0,0,0.000159,0,0,0.00018,0,0,1.0,1,1,0.988192,1,1,0.991907,1,1,0.00159,0,0,0.991907,1,1,0.846535,1,1,0.807351,1,1,0.666667,1,1,0.933699,1,1,0.863764,1,1,0.985935,1,1,0.863309,1,1,6e-06,0,0,6e-06,0,0,1.0,1,1,0.012664,0,0,0.003916,0,0,0.000194,0,0,0.011625,0,0,1
47,2023-02-06T14:31:38.000000000,2023-02-06T14:32:36.000000000,0.800328,1,1,1.0,1,1,0.666667,1,1,0.950924,1,1,0.926816,1,1,0.489204,0,0,0.926816,1,1,0.0,0,0,0.0,0,0,0.0,0,0,0.0,0,0,0.03199,0,0,0.0,0,0,0.0,0,0,0.236927,0,0,0.38637,0,0,0.333333,0,0,0.919495,1,1,0.916491,1,1,0.191298,0,0,0.916491,1,1,1.0,1,1,0.790773,1,1,0.333333,0,0,0.740205,1,1,0.549677,1,1,0.90439,1,1,0.548174,1,1,0.36725,0,0,0.25704,0,0,0.333333,0,0,0.917356,1,1,0.89475,1,1,0.850772,1,1,0.894033,1,1,1
48,2023-02-06T14:32:08.000000000,2023-02-06T14:33:06.000000000,0.800328,1,1,0.994666,1,1,0.666667,1,1,0.945205,1,1,0.922736,1,1,0.485004,0,0,0.922736,1,1,0.0,0,0,0.0,0,0,0.0,0,0,0.0,0,0,0.03199,0,0,0.0,0,0,0.0,0,0,0.235058,0,0,0.386605,0,0,0.333333,0,0,0.921798,1,1,0.918259,1,1,0.190819,0,0,0.918259,1,1,0.034477,0,0,0.031461,0,0,0.0,0,0,0.300546,0,0,0.10528,0,0,0.215365,0,0,0.102293,0,0,0.630444,1,1,0.669787,1,1,0.333333,0,0,0.917651,1,1,0.890955,1,1,0.852919,1,1,0.890212,1,1,1
49,2023-02-06T14:32:38.000000000,2023-02-06T14:33:36.000000000,0.000356,0,0,0.000313,0,0,1.0,1,1,0.874044,1,1,0.925149,1,1,0.000585,0,0,0.925149,1,1,0.0,0,0,0.0,0,0,0.0,0,0,0.0,0,0,0.03199,0,0,0.0,0,0,0.0,0,0,0.000159,0,0,0.000193,0,0,1.0,1,1,0.99052,1,1,0.993763,1,1,0.00024,0,0,0.993763,1,1,5e-06,0,0,5e-06,0,0,1.0,1,1,0.002401,0,0,0.003134,0,0,1.5e-05,0,0,0.001065,0,0,0.000199,0,0,0.000179,0,0,1.0,1,1,0.026479,0,0,0.0,0,0,0.000844,0,0,0.025356,0,0,1
50,2023-02-06T14:33:08.000000000,2023-02-06T14:34:06.000000000,0.0,0,0,0.0,0,0,0.0,0,0,0.875007,1,1,0.925953,1,1,1e-06,0,0,0.925953,1,1,0.0,0,0,0.0,0,0,0.0,0,0,0.0,0,0,0.03199,0,0,0.0,0,0,0.0,0,0,0.0,0,0,0.0,0,0,0.0,0,0,0.992017,1,1,0.994875,1,1,0.0,0,0,0.994875,1,1,0.0,0,0,0.0,0,0,0.0,0,0,0.0,0,0,0.003327,0,0,0.0,0,0,0.0,0,0,0.0,0,0,0.0,0,0,0.0,0,0,0.00124,0,0,0.006037,0,0,2e-06,0,0,0.00074,0,0,1
51,2023-02-06T14:33:38.000000000,2023-02-06T14:34:36.000000000,0.0,0,0,0.0,0,0,0.0,0,0,0.875147,1,1,0.92606,1,1,0.0,0,0,0.92606,1,1,0.0,0,0,0.0,0,0,0.0,0,0,0.0,0,0,0.03199,0,0,0.0,0,0,0.0,0,0,0.0,0,0,0.0,0,0,0.0,0,0,0.992017,1,1,0.994875,1,1,0.0,0,0,0.994875,1,1,0.0,0,0,0.0,0,0,0.0,0,0,0.000798,0,0,0.003283,0,0,2e-06,0,0,0.000296,0,0,0.0,0,0,0.0,0,0,0.0,0,0,0.0,0,0,0.006772,0,0,0.0,0,0,0.0,0,0,1
52,2023-02-06T14:34:08.000000000,2023-02-06T14:35:06.000000000,0.0,0,0,0.0,0,0,0.0,0,0,0.875147,1,1,0.92606,1,1,0.0,0,0,0.92606,1,1,0.0,0,0,0.0,0,0,0.0,0,0,0.0,0,0,0.03199,0,0,0.0,0,0,0.0,0,0,0.0,0,0,0.0,0,0,0.0,0,0,0.992017,1,1,0.994875,1,1,0.0,0,0,0.994875,1,1,3.3e-05,0,0,3e-05,0,0,1.0,1,1,0.013731,0,0,0.004248,0,0,0.000485,0,0,0.00692,0,0,0.0,0,0,0.0,0,0,0.0,0,0,0.0,0,0,0.006772,0,0,0.0,0,0,0.0,0,0,1
53,2023-02-06T14:34:38.000000000,2023-02-06T14:35:36.000000000,0.0,0,0,0.0,0,0,0.0,0,0,0.875288,1,1,0.926168,1,1,2e-06,0,0,0.926168,1,1,0.0,0,0,0.0,0,0,0.0,0,0,0.00668,0,0,0.029969,0,0,4.8e-05,0,0,0.006825,0,0,0.0,0,0,0.0,0,0,0.0,0,0,0.992004,1,1,0.994866,1,1,2e-06,0,0,0.994866,1,1,0.345033,0,0,0.327403,0,0,0.333333,0,0,0.645533,1,1,0.422049,0,0,0.776096,1,1,0.42012,0,0,0.0,0,0,0.0,0,0,0.0,0,0,0.000741,0,0,0.006304,0,0,1e-06,0,0,0.00051,0,0,1
54,2023-02-06T14:35:08.000000000,2023-02-06T14:36:06.000000000,7.9e-05,0,0,6.9e-05,0,0,1.0,1,1,0.878453,1,1,0.928482,1,1,0.000822,0,0,0.928482,1,1,0.000955,0,0,0.000673,0,0,1.0,1,1,0.15385,0,0,0.0,0,0,0.025832,0,0,0.203244,0,0,0.000102,0,0,0.00012,0,0,1.0,1,1,0.990578,1,1,0.993667,1,1,0.001311,0,0,0.993667,1,1,0.796263,1,1,0.793141,1,1,0.666667,1,1,0.904753,1,1,0.810586,1,1,1.0,1,1,0.809954,1,1,7e-06,0,0,7e-06,0,0,1.0,1,1,0.013734,0,0,0.005643,0,0,0.00023,0,0,0.012887,0,0,1
55,2023-02-06T14:35:38.000000000,2023-02-06T14:36:36.000000000,0.201632,0,0,0.254127,0,0,0.666667,1,1,0.895126,1,1,0.926585,1,1,0.123824,0,0,0.926585,1,1,1.0,1,1,0.921417,1,1,0.666667,1,1,0.999849,1,1,0.973103,1,1,0.999832,1,1,0.973734,1,1,0.1819,0,0,0.263438,0,0,0.333333,0,0,0.917935,1,1,0.915427,1,1,0.190656,0,0,0.915427,1,1,0.838218,1,1,0.651434,1,1,0.333333,0,0,0.709179,1,1,0.547208,1,1,0.792935,1,1,0.545697,1,1,0.284454,0,0,0.210442,0,0,0.333333,0,0,0.819221,1,1,0.771292,1,1,0.688301,1,1,0.769733,1,1,1
56,2023-02-06T14:36:08.000000000,2023-02-06T14:37:06.000000000,0.201632,0,0,0.259723,0,0,0.666667,1,1,0.891279,1,1,0.923706,1,1,0.123055,0,0,0.923706,1,1,0.32564,0,0,0.310977,0,0,0.333333,0,0,0.988367,1,1,1.0,1,1,0.969252,1,1,1.0,1,1,0.349198,0,0,0.542188,1,1,0.666667,1,1,0.919247,1,1,0.916457,1,1,0.190211,0,0,0.916457,1,1,0.069643,0,0,0.06966,0,0,0.333333,0,0,0.317678,0,0,0.15836,0,0,0.21941,0,0,0.155551,0,0,0.509604,1,1,0.563798,1,1,0.333333,0,0,0.819478,1,1,0.766429,1,1,0.690455,1,1,0.764837,1,1,1
57,2023-02-06T14:36:38.000000000,2023-02-06T14:37:36.000000000,7.9e-05,0,0,7.3e-05,0,0,1.0,1,1,0.874332,1,1,0.925428,1,1,9.1e-05,0,0,0.925428,1,1,0.000252,0,0,0.000174,0,0,1.0,1,1,0.028204,0,0,0.028917,0,0,0.000871,0,0,0.034519,0,0,0.000247,0,0,0.000274,0,0,1.0,1,1,0.991903,1,1,0.99475,1,1,0.000339,0,0,0.99475,1,1,2.3e-05,0,0,2.5e-05,0,0,1.0,1,1,0.006067,0,0,0.003979,0,0,9.4e-05,0,0,0.002804,0,0,0.000173,0,0,0.000155,0,0,1.0,1,1,0.024696,0,0,0.000574,0,0,0.000735,0,0,0.023637,0,0,1
58,2023-02-06T14:37:08.000000000,2023-02-06T14:38:06.000000000,0.0,0,0,0.0,0,0,0.0,0,0,0.875058,1,1,0.925992,1,1,0.0,0,0,0.925992,1,1,0.0,0,0,0.0,0,0,0.0,0,0,0.0,0,0,0.03199,0,0,0.0,0,0,0.0,0,0,0.0,0,0,0.0,0,0,0.0,0,0,0.992075,1,1,0.994917,1,1,0.0,0,0,0.994917,1,1,0.0,0,0,0.0,0,0,0.0,0,0,0.0,0,0,0.003327,0,0,0.0,0,0,0.0,0,0,0.0,0,0,0.0,0,0,0.0,0,0,0.001136,0,0,0.006098,0,0,1e-06,0,0,0.000678,0,0,1
59,2023-02-06T14:37:38.000000000,2023-02-06T14:38:36.000000000,0.0,0,0,0.0,0,0,0.0,0,0,0.875147,1,1,0.92606,1,1,0.0,0,0,0.92606,1,1,0.0,0,0,0.0,0,0,0.0,0,0,0.0,0,0,0.03199,0,0,0.0,0,0,0.0,0,0,0.0,0,0,0.0,0,0,0.0,0,0,0.992017,1,1,0.994875,1,1,0.0,0,0,0.994875,1,1,0.0,0,0,0.0,0,0,0.0,0,0,0.0,0,0,0.003327,0,0,0.0,0,0,0.0,0,0,0.0,0,0,0.0,0,0,0.0,0,0,0.0,0,0,0.006772,0,0,0.0,0,0,0.0,0,0,1
60,2023-02-06T14:38:08.000000000,2023-02-06T14:39:06.000000000,0.0,0,0,0.0,0,0,0.0,0,0,0.875147,1,1,0.92606,1,1,0.0,0,0,0.92606,1,1,0.0,0,0,0.0,0,0,0.0,0,0,0.0,0,0,0.03199,0,0,0.0,0,0,0.0,0,0,0.0,0,0,0.0,0,0,0.0,0,0,0.992017,1,1,0.994875,1,1,0.0,0,0,0.994875,1,1,0.0,0,0,0.0,0,0,0.0,0,0,0.0,0,0,0.003327,0,0,0.0,0,0,0.0,0,0,0.0,0,0,0.0,0,0,0.0,0,0,0.0,0,0,0.006772,0,0,0.0,0,0,0.0,0,0,1
61,2023-02-06T14:38:38.000000000,2023-02-06T14:39:36.000000000,0.0,0,0,0.0,0,0,0.0,0,0,0.875147,1,1,0.92606,1,1,0.0,0,0,0.92606,1,1,0.0,0,0,0.0,0,0,0.0,0,0,0.0,0,0,0.03199,0,0,0.0,0,0,0.0,0,0,0.0,0,0,0.0,0,0,0.0,0,0,0.992017,1,1,0.994875,1,1,0.0,0,0,0.994875,1,1,0.0,0,0,0.0,0,0,0.0,0,0,0.0,0,0,0.003327,0,0,0.0,0,0,0.0,0,0,0.0,0,0,0.0,0,0,0.0,0,0,0.0,0,0,0.006772,0,0,0.0,0,0,0.0,0,0,1
62,2023-02-06T14:39:08.000000000,2023-02-06T14:40:06.000000000,0.0,0,0,0.0,0,0,0.0,0,0,0.875147,1,1,0.92606,1,1,0.0,0,0,0.92606,1,1,0.0,0,0,0.0,0,0,0.0,0,0,0.0,0,0,0.03199,0,0,0.0,0,0,0.0,0,0,0.0,0,0,0.0,0,0,0.0,0,0,0.992017,1,1,0.994875,1,1,0.0,0,0,0.994875,1,1,0.0,0,0,0.0,0,0,0.0,0,0,0.0,0,0,0.003327,0,0,0.0,0,0,0.0,0,0,0.0,0,0,0.0,0,0,0.0,0,0,0.0,0,0,0.006772,0,0,0.0,0,0,0.0,0,0,1
63,2023-02-06T14:39:38.000000000,2023-02-06T14:40:36.000000000,0.0,0,0,0.0,0,0,0.0,0,0,0.875147,1,1,0.92606,1,1,0.0,0,0,0.92606,1,1,0.0,0,0,0.0,0,0,0.0,0,0,0.0,0,0,0.03199,0,0,0.0,0,0,0.0,0,0,0.0,0,0,0.0,0,0,0.0,0,0,0.992017,1,1,0.994875,1,1,0.0,0,0,0.994875,1,1,0.0,0,0,0.0,0,0,0.0,0,0,0.0,0,0,0.003327,0,0,0.0,0,0,0.0,0,0,0.0,0,0,0.0,0,0,0.0,0,0,0.0,0,0,0.006772,0,0,0.0,0,0,0.0,0,0,1
64,2023-02-06T14:40:08.000000000,2023-02-06T14:41:06.000000000,0.0,0,0,0.0,0,0,0.0,0,0,0.875147,1,1,0.92606,1,1,0.0,0,0,0.92606,1,1,0.0,0,0,0.0,0,0,0.0,0,0,0.0,0,0,0.03199,0,0,0.0,0,0,0.0,0,0,0.0,0,0,0.0,0,0,0.0,0,0,0.992017,1,1,0.994875,1,1,0.0,0,0,0.994875,1,1,0.0,0,0,0.0,0,0,0.0,0,0,0.0,0,0,0.003327,0,0,0.0,0,0,0.0,0,0,0.0,0,0,0.0,0,0,0.0,0,0,0.0,0,0,0.006772,0,0,0.0,0,0,0.0,0,0,1
65,2023-02-06T14:40:38.000000000,2023-02-06T14:41:36.000000000,0.0,0,0,0.0,0,0,0.0,0,0,0.875147,1,1,0.92606,1,1,0.0,0,0,0.92606,1,1,0.0,0,0,0.0,0,0,0.0,0,0,0.0,0,0,0.03199,0,0,0.0,0,0,0.0,0,0,0.0,0,0,0.0,0,0,0.0,0,0,0.992017,1,1,0.994875,1,1,0.0,0,0,0.994875,1,1,0.0,0,0,0.0,0,0,0.0,0,0,0.0,0,0,0.003327,0,0,0.0,0,0,0.0,0,0,0.0,0,0,0.0,0,0,0.0,0,0,0.0,0,0,0.006772,0,0,0.0,0,0,0.0,0,0,1
66,2023-02-06T14:41:08.000000000,2023-02-06T14:42:06.000000000,0.0,0,0,0.0,0,0,0.0,0,0,0.875147,1,1,0.92606,1,1,0.0,0,0,0.92606,1,1,0.0,0,0,0.0,0,0,0.0,0,0,0.0,0,0,0.03199,0,0,0.0,0,0,0.0,0,0,0.0,0,0,0.0,0,0,0.0,0,0,0.992017,1,1,0.994875,1,1,0.0,0,0,0.994875,1,1,0.0,0,0,0.0,0,0,0.0,0,0,0.0,0,0,0.003327,0,0,0.0,0,0,0.0,0,0,0.0,0,0,0.0,0,0,0.0,0,0,0.0,0,0,0.006772,0,0,0.0,0,0,0.0,0,0,1
67,2023-02-06T14:41:38.000000000,2023-02-06T14:42:36.000000000,0.0,0,0,0.0,0,0,0.0,0,0,0.875147,1,1,0.92606,1,1,0.0,0,0,0.92606,1,1,0.0,0,0,0.0,0,0,0.0,0,0,0.0,0,0,0.03199,0,0,0.0,0,0,0.0,0,0,0.0,0,0,0.0,0,0,0.0,0,0,0.992017,1,1,0.994875,1,1,0.0,0,0,0.994875,1,1,0.0,0,0,0.0,0,0,0.0,0,0,0.0,0,0,0.003327,0,0,0.0,0,0,0.0,0,0,0.0,0,0,0.0,0,0,0.0,0,0,0.0,0,0,0.006772,0,0,0.0,0,0,0.0,0,0,1
68,2023-02-06T14:42:08.000000000,2023-02-06T14:43:06.000000000,0.0,0,0,0.0,0,0,0.0,0,0,0.875147,1,1,0.92606,1,1,0.0,0,0,0.92606,1,1,0.0,0,0,0.0,0,0,0.0,0,0,0.0,0,0,0.03199,0,0,0.0,0,0,0.0,0,0,0.0,0,0,0.0,0,0,0.0,0,0,0.992017,1,1,0.994875,1,1,0.0,0,0,0.994875,1,1,0.0,0,0,0.0,0,0,0.0,0,0,0.0,0,0,0.003327,0,0,0.0,0,0,0.0,0,0,0.0,0,0,0.0,0,0,0.0,0,0,0.0,0,0,0.006772,0,0,0.0,0,0,0.0,0,0,1
69,2023-02-06T14:42:38.000000000,2023-02-06T14:43:36.000000000,0.0,0,0,0.0,0,0,0.0,0,0,0.875147,1,1,0.92606,1,1,0.0,0,0,0.92606,1,1,0.0,0,0,0.0,0,0,0.0,0,0,0.0,0,0,0.03199,0,0,0.0,0,0,0.0,0,0,0.0,0,0,0.0,0,0,0.0,0,0,0.992017,1,1,0.994875,1,1,0.0,0,0,0.994875,1,1,0.0,0,0,0.0,0,0,0.0,0,0,0.0,0,0,0.003327,0,0,0.0,0,0,0.0,0,0,0.0,0,0,0.0,0,0,0.0,0,0,0.0,0,0,0.006772,0,0,0.0,0,0,0.0,0,0,1
70,2023-02-06T14:43:08.000000000,2023-02-06T14:44:06.000000000,0.0,0,0,0.0,0,0,0.0,0,0,0.875147,1,1,0.92606,1,1,0.0,0,0,0.92606,1,1,0.0,0,0,0.0,0,0,0.0,0,0,0.0,0,0,0.03199,0,0,0.0,0,0,0.0,0,0,0.0,0,0,0.0,0,0,0.0,0,0,0.992017,1,1,0.994875,1,1,0.0,0,0,0.994875,1,1,0.0,0,0,0.0,0,0,0.0,0,0,0.0,0,0,0.003327,0,0,0.0,0,0,0.0,0,0,0.0,0,0,0.0,0,0,0.0,0,0,0.0,0,0,0.006772,0,0,0.0,0,0,0.0,0,0,1
71,2023-02-06T14:43:38.000000000,2023-02-06T14:44:36.000000000,0.0,0,0,0.0,0,0,0.0,0,0,0.875147,1,1,0.92606,1,1,0.0,0,0,0.92606,1,1,0.0,0,0,0.0,0,0,0.0,0,0,0.0,0,0,0.03199,0,0,0.0,0,0,0.0,0,0,0.0,0,0,0.0,0,0,0.0,0,0,0.992017,1,1,0.994875,1,1,0.0,0,0,0.994875,1,1,0.0,0,0,0.0,0,0,0.0,0,0,0.0,0,0,0.003327,0,0,0.0,0,0,0.0,0,0,0.0,0,0,0.0,0,0,0.0,0,0,0.0,0,0,0.006772,0,0,0.0,0,0,0.0,0,0,1
72,2023-02-06T14:44:08.000000000,2023-02-06T14:45:06.000000000,0.0,0,0,0.0,0,0,0.0,0,0,0.875147,1,1,0.92606,1,1,0.0,0,0,0.92606,1,1,0.0,0,0,0.0,0,0,0.0,0,0,0.0,0,0,0.03199,0,0,0.0,0,0,0.0,0,0,0.0,0,0,0.0,0,0,0.0,0,0,0.992017,1,1,0.994875,1,1,0.0,0,0,0.994875,1,1,0.0,0,0,0.0,0,0,0.0,0,0,0.0,0,0,0.003327,0,0,0.0,0,0,0.0,0,0,0.0,0,0,0.0,0,0,0.0,0,0,0.0,0,0,0.006772,0,0,0.0,0,0,0.0,0,0,1
73,2023-02-06T14:44:38.000000000,2023-02-06T14:45:36.000000000,0.0,0,0,0.0,0,0,0.0,0,0,0.875147,1,1,0.92606,1,1,0.0,0,0,0.92606,1,1,0.0,0,0,0.0,0,0,0.0,0,0,0.0,0,0,0.03199,0,0,0.0,0,0,0.0,0,0,0.0,0,0,0.0,0,0,0.0,0,0,0.992017,1,1,0.994875,1,1,0.0,0,0,0.994875,1,1,0.0,0,0,0.0,0,0,0.0,0,0,0.0,0,0,0.003327,0,0,0.0,0,0,0.0,0,0,0.0,0,0,0.0,0,0,0.0,0,0,0.0,0,0,0.006772,0,0,0.0,0,0,0.0,0,0,1
74,2023-02-06T14:45:08.000000000,2023-02-06T14:46:06.000000000,0.0,0,0,0.0,0,0,0.0,0,0,0.875147,1,1,0.92606,1,1,0.0,0,0,0.92606,1,1,0.0,0,0,0.0,0,0,0.0,0,0,0.0,0,0,0.03199,0,0,0.0,0,0,0.0,0,0,0.0,0,0,0.0,0,0,0.0,0,0,0.992017,1,1,0.994875,1,1,0.0,0,0,0.994875,1,1,0.0,0,0,0.0,0,0,0.0,0,0,0.0,0,0,0.003327,0,0,0.0,0,0,0.0,0,0,0.0,0,0,0.0,0,0,0.0,0,0,0.0,0,0,0.006772,0,0,0.0,0,0,0.0,0,0,1
75,2023-02-06T14:45:38.000000000,2023-02-06T14:46:36.000000000,0.0,0,0,0.0,0,0,0.0,0,0,0.875147,1,1,0.92606,1,1,0.0,0,0,0.92606,1,1,0.0,0,0,0.0,0,0,0.0,0,0,0.0,0,0,0.03199,0,0,0.0,0,0,0.0,0,0,0.0,0,0,0.0,0,0,0.0,0,0,0.992017,1,1,0.994875,1,1,0.0,0,0,0.994875,1,1,0.0,0,0,0.0,0,0,0.0,0,0,0.0,0,0,0.003327,0,0,0.0,0,0,0.0,0,0,0.0,0,0,0.0,0,0,0.0,0,0,0.0,0,0,0.006772,0,0,0.0,0,0,0.0,0,0,1
76,2023-02-06T14:46:08.000000000,2023-02-06T14:47:06.000000000,0.0,0,0,0.0,0,0,0.0,0,0,0.875147,1,1,0.92606,1,1,0.0,0,0,0.92606,1,1,0.0,0,0,0.0,0,0,0.0,0,0,0.0,0,0,0.03199,0,0,0.0,0,0,0.0,0,0,0.0,0,0,0.0,0,0,0.0,0,0,0.992017,1,1,0.994875,1,1,0.0,0,0,0.994875,1,1,0.0,0,0,0.0,0,0,0.0,0,0,0.0,0,0,0.003327,0,0,0.0,0,0,0.0,0,0,0.0,0,0,0.0,0,0,0.0,0,0,0.0,0,0,0.006772,0,0,0.0,0,0,0.0,0,0,1
77,2023-02-06T14:46:38.000000000,2023-02-06T14:47:36.000000000,0.0,0,0,0.0,0,0,0.0,0,0,0.875147,1,1,0.92606,1,1,0.0,0,0,0.92606,1,1,0.0,0,0,0.0,0,0,0.0,0,0,0.0,0,0,0.03199,0,0,0.0,0,0,0.0,0,0,0.0,0,0,0.0,0,0,0.0,0,0,0.992017,1,1,0.994875,1,1,0.0,0,0,0.994875,1,1,0.0,0,0,0.0,0,0,0.0,0,0,0.0,0,0,0.003327,0,0,0.0,0,0,0.0,0,0,0.0,0,0,0.0,0,0,0.0,0,0,0.0,0,0,0.006772,0,0,0.0,0,0,0.0,0,0,1
78,2023-02-06T14:47:08.000000000,2023-02-06T14:48:06.000000000,0.0,0,0,0.0,0,0,0.0,0,0,0.875147,1,1,0.92606,1,1,0.0,0,0,0.92606,1,1,0.0,0,0,0.0,0,0,0.0,0,0,0.0,0,0,0.03199,0,0,0.0,0,0,0.0,0,0,0.0,0,0,0.0,0,0,0.0,0,0,0.992017,1,1,0.994875,1,1,0.0,0,0,0.994875,1,1,0.0,0,0,0.0,0,0,0.0,0,0,0.0,0,0,0.003327,0,0,0.0,0,0,0.0,0,0,0.0,0,0,0.0,0,0,0.0,0,0,0.0,0,0,0.006772,0,0,0.0,0,0,0.0,0,0,1
79,2023-02-06T14:47:38.000000000,2023-02-06T14:48:36.000000000,0.0,0,0,0.0,0,0,0.0,0,0,0.875147,1,1,0.92606,1,1,0.0,0,0,0.92606,1,1,0.0,0,0,0.0,0,0,0.0,0,0,0.0,0,0,0.03199,0,0,0.0,0,0,0.0,0,0,0.0,0,0,0.0,0,0,0.0,0,0,0.992017,1,1,0.994875,1,1,0.0,0,0,0.994875,1,1,0.0,0,0,0.0,0,0,0.0,0,0,0.0,0,0,0.003327,0,0,0.0,0,0,0.0,0,0,0.0,0,0,0.0,0,0,0.0,0,0,0.0,0,0,0.006772,0,0,0.0,0,0,0.0,0,0,1
80,2023-02-06T14:48:08.000000000,2023-02-06T14:49:06.000000000,0.0,0,0,0.0,0,0,0.0,0,0,0.875147,1,1,0.92606,1,1,0.0,0,0,0.92606,1,1,0.0,0,0,0.0,0,0,0.0,0,0,0.0,0,0,0.03199,0,0,0.0,0,0,0.0,0,0,0.0,0,0,0.0,0,0,0.0,0,0,0.992017,1,1,0.994875,1,1,0.0,0,0,0.994875,1,1,1e-06,0,0,1e-06,0,0,1.0,1,1,0.003371,0,0,0.002487,0,0,2.8e-05,0,0,0.001592,0,0,0.0,0,0,0.0,0,0,0.0,0,0,0.0,0,0,0.006772,0,0,0.0,0,0,0.0,0,0,1
81,2023-02-06T14:48:38.000000000,2023-02-06T14:49:36.000000000,0.0,0,0,0.0,0,0,0.0,0,0,0.875147,1,1,0.92606,1,1,0.0,0,0,0.92606,1,1,0.0,0,0,0.0,0,0,0.0,0,0,0.0,0,0,0.03199,0,0,0.0,0,0,0.0,0,0,0.0,0,0,0.0,0,0,0.0,0,0,0.992017,1,1,0.994875,1,1,0.0,0,0,0.994875,1,1,0.000454,0,0,0.00042,0,0,1.0,1,1,0.451768,0,0,0.209874,0,0,0.453876,0,0,0.207237,0,0,0.0,0,0,0.0,0,0,0.0,0,0,0.0,0,0,0.006772,0,0,0.0,0,0,0.0,0,0,1
82,2023-02-06T14:49:08.000000000,2023-02-06T14:50:06.000000000,0.0,0,0,0.0,0,0,0.333333,0,0,0.875323,1,1,0.926191,1,1,2.4e-05,0,0,0.926191,1,1,1.5e-05,0,0,1.5e-05,0,0,1.0,1,1,0.028204,0,0,0.028917,0,0,0.000871,0,0,0.034519,0,0,1e-06,0,0,2e-06,0,0,1.0,1,1,0.992013,1,1,0.994866,1,1,4.6e-05,0,0,0.994866,1,1,0.712143,1,1,0.694565,1,1,0.666667,1,1,0.648053,1,1,0.428397,0,0,0.775367,1,1,0.426489,0,0,0.0,0,0,0.0,0,0,0.333333,0,0,0.00201,0,0,0.006591,0,0,5e-06,0,0,0.001402,0,0,1
83,2023-02-06T14:49:38.000000000,2023-02-06T14:50:36.000000000,0.000846,0,0,0.000745,0,0,1.0,1,1,0.894084,1,1,0.937077,1,1,0.028889,0,0,0.937077,1,1,0.015262,0,0,0.010749,0,0,1.0,1,1,0.988367,1,1,1.0,1,1,0.969252,1,1,1.0,1,1,0.001836,0,0,0.002085,0,0,1.0,1,1,0.929451,1,1,0.927127,1,1,0.167266,0,0,0.927127,1,1,0.948318,1,1,0.865536,1,1,0.333333,0,0,0.884736,1,1,0.816831,1,1,0.890281,1,1,0.81622,1,1,7.4e-05,0,0,6.7e-05,0,0,1.0,1,1,0.689278,1,1,0.526599,1,1,0.519053,1,1,0.523371,1,1,1
84,2023-02-06T14:50:08.000000000,2023-02-06T14:51:06.000000000,0.527147,1,1,0.612775,1,1,0.666667,1,1,1.0,1,1,1.0,1,1,0.190934,0,0,1.0,1,1,0.922637,1,1,0.989515,1,1,0.333333,0,0,0.999849,1,1,0.973103,1,1,0.999832,1,1,0.973734,1,1,0.421821,0,0,0.712582,1,1,0.333333,0,0,0.918006,1,1,0.915441,1,1,0.190934,0,0,0.915441,1,1,0.352181,0,0,0.289894,0,0,0.333333,0,0,0.753035,1,1,0.596157,1,1,0.863439,1,1,0.594809,1,1,1.0,1,1,1.0,1,1,0.333333,0,0,1.0,1,1,1.0,1,1,1.0,1,1,1.0,1,1,1
85,2023-02-06T14:50:38.000000000,2023-02-06T14:51:36.000000000,0.056764,0,0,0.061519,0,0,0.0,0,0,0.982526,1,1,0.989122,1,1,0.167266,0,0,0.989122,1,1,0.006963,0,0,0.004678,0,0,1.0,1,1,0.15385,0,0,0.0,0,0,0.025832,0,0,0.203244,0,0,0.00595,0,0,0.008161,0,0,1.0,1,1,0.980812,1,1,0.983039,1,1,0.028889,0,0,0.983039,1,1,0.000123,0,0,0.00013,0,0,1.0,1,1,0.013946,0,0,0.0,0,0,0.000483,0,0,0.006425,0,0,0.072513,0,0,0.065498,0,0,0.0,0,0,0.724531,1,1,0.480262,0,0,0.589973,1,1,0.476719,0,0,1
86,2023-02-06T14:51:08.000000000,2023-02-06T14:52:06.000000000,2.3e-05,0,0,2.2e-05,0,0,1.0,1,1,0.875165,1,1,0.926069,1,1,4.6e-05,0,0,0.926069,1,1,3e-06,0,0,4e-06,0,0,1.0,1,1,0.00668,0,0,0.029969,0,0,4.8e-05,0,0,0.006825,0,0,7e-06,0,0,1.1e-05,0,0,1.0,1,1,0.991827,1,1,0.994735,1,1,2.4e-05,0,0,0.994735,1,1,0.0,0,0,0.0,0,0,0.333333,0,0,0.000727,0,0,0.002991,0,0,1e-06,0,0,0.000336,0,0,1.3e-05,0,0,1.2e-05,0,0,1.0,1,1,0.006652,0,0,0.007042,0,0,5.4e-05,0,0,0.005627,0,0,1
87,2023-02-06T14:51:38.000000000,2023-02-06T14:52:36.000000000,0.0,0,0,0.0,0,0,0.0,0,0,0.875147,1,1,0.92606,1,1,0.0,0,0,0.92606,1,1,0.0,0,0,0.0,0,0,0.0,0,0,0.0,0,0,0.03199,0,0,0.0,0,0,0.0,0,0,0.0,0,0,0.0,0,0,0.0,0,0,0.992017,1,1,0.994875,1,1,0.0,0,0,0.994875,1,1,0.0,0,0,0.0,0,0,0.0,0,0,0.0,0,0,0.003327,0,0,0.0,0,0,0.0,0,0,0.0,0,0,0.0,0,0,0.0,0,0,0.0,0,0,0.006772,0,0,0.0,0,0,0.0,0,0,1
88,2023-02-06T14:52:08.000000000,2023-02-06T14:53:06.000000000,0.0,0,0,0.0,0,0,0.0,0,0,0.875147,1,1,0.92606,1,1,0.0,0,0,0.92606,1,1,0.0,0,0,0.0,0,0,0.0,0,0,0.0,0,0,0.03199,0,0,0.0,0,0,0.0,0,0,0.0,0,0,0.0,0,0,0.0,0,0,0.992017,1,1,0.994875,1,1,0.0,0,0,0.994875,1,1,0.0,0,0,0.0,0,0,0.333333,0,0,0.001528,0,0,0.003091,0,0,6e-06,0,0,0.000654,0,0,0.0,0,0,0.0,0,0,0.0,0,0,0.0,0,0,0.006772,0,0,0.0,0,0,0.0,0,0,1
89,2023-02-06T14:52:38.000000000,2023-02-06T14:53:36.000000000,0.0,0,0,0.0,0,0,0.0,0,0,0.875147,1,1,0.92606,1,1,0.0,0,0,0.92606,1,1,0.0,0,0,0.0,0,0,0.0,0,0,0.0,0,0,0.03199,0,0,0.0,0,0,0.0,0,0,0.0,0,0,0.0,0,0,0.0,0,0,0.992017,1,1,0.994875,1,1,0.0,0,0,0.994875,1,1,0.000109,0,0,9.8e-05,0,0,1.0,1,1,0.066258,0,0,0.012301,0,0,0.011192,0,0,0.023301,0,0,0.0,0,0,0.0,0,0,0.0,0,0,0.0,0,0,0.006772,0,0,0.0,0,0,0.0,0,0,1
90,2023-02-06T14:53:08.000000000,2023-02-06T14:54:06.000000000,0.0,0,0,0.0,0,0,0.333333,0,0,0.874958,1,1,0.925915,1,1,1.1e-05,0,0,0.925915,1,1,0.0,0,0,0.0,0,0,0.0,0,0,0.0,0,0,0.03199,0,0,0.0,0,0,0.0,0,0,0.0,0,0,0.0,0,0,0.0,0,0,0.992398,1,1,0.995149,1,1,9e-06,0,0,0.995149,1,1,0.515411,1,1,0.585059,1,1,0.666667,1,1,0.685847,1,1,0.489338,0,0,0.810684,1,1,0.487633,0,0,0.0,0,0,0.0,0,0,0.333333,0,0,0.001402,0,0,0.006022,0,0,2e-06,0,0,0.001029,0,0,1
91,2023-02-06T14:53:38.000000000,2023-02-06T14:54:36.000000000,0.000362,0,0,0.000313,0,0,1.0,1,1,0.864969,1,1,0.916339,1,1,0.016291,0,0,0.916339,1,1,0.0,0,0,0.0,0,0,0.0,0,0,0.0,0,0,0.03199,0,0,0.0,0,0,0.0,0,0,0.000375,0,0,0.000417,0,0,1.0,1,1,1.0,1,1,1.0,1,1,0.005019,0,0,1.0,1,1,0.866191,1,1,0.984364,1,1,0.333333,0,0,1.0,1,1,1.0,1,1,0.884874,1,1,1.0,1,1,3.8e-05,0,0,3.3e-05,0,0,1.0,1,1,0.020645,0,0,0.006964,0,0,0.000519,0,0,0.021843,0,0,1
92,2023-02-06T14:54:08.000000000,2023-02-06T14:55:06.000000000,0.4519,0,0,0.459986,0,0,0.666667,1,1,0.897156,1,1,0.925874,1,1,0.142895,0,0,0.925874,1,1,0.0,0,0,0.0,0,0,0.0,0,0,0.0,0,0,0.03199,0,0,0.0,0,0,0.0,0,0,0.460567,0,0,0.683323,1,1,0.666667,1,1,0.916495,1,1,0.914403,1,1,0.190361,0,0,0.914403,1,1,0.703593,1,1,0.52322,1,1,0.333333,0,0,0.752162,1,1,0.588307,1,1,0.875832,1,1,0.586932,1,1,0.450276,0,0,0.492823,0,0,0.333333,0,0,0.764691,1,1,0.703116,1,1,0.605116,1,1,0.701092,1,1,1
93,2023-02-06T14:54:38.000000000,2023-02-06T14:55:36.000000000,0.053437,0,0,0.084364,0,0,0.666667,1,1,0.907369,1,1,0.935781,1,1,0.125989,0,0,0.935781,1,1,0.0,0,0,0.0,0,0,0.0,0,0,0.0,0,0,0.03199,0,0,0.0,0,0,0.0,0,0,0.127321,0,0,0.179731,0,0,0.333333,0,0,0.909401,1,1,0.910167,1,1,0.183077,0,0,0.910167,1,1,0.013294,0,0,0.012946,0,0,0.0,0,0,0.178181,0,0,0.067916,0,0,0.074811,0,0,0.064843,0,0,0.233271,0,0,0.206416,0,0,0.333333,0,0,0.764527,1,1,0.702974,1,1,0.604854,1,1,0.700949,1,1,1
94,2023-02-06T14:55:08.000000000,2023-02-06T14:56:06.000000000,4.5e-05,0,0,3.9e-05,0,0,1.0,1,1,0.875595,1,1,0.926391,1,1,8.5e-05,0,0,0.926391,1,1,0.0,0,0,0.0,0,0,0.0,0,0,0.0,0,0,0.03199,0,0,0.0,0,0,0.0,0,0,6.4e-05,0,0,7.6e-05,0,0,1.0,1,1,0.992884,1,1,0.99549,1,1,9.1e-05,0,0,0.99549,1,1,1e-06,0,0,1e-06,0,0,1.0,1,1,0.001487,0,0,0.002808,0,0,5e-06,0,0,0.000634,0,0,4.6e-05,0,0,4e-05,0,0,1.0,1,1,0.013184,0,0,0.007572,0,0,0.000212,0,0,0.012038,0,0,1
95,2023-02-06T14:55:38.000000000,2023-02-06T14:56:36.000000000,0.0,0,0,0.0,0,0,0.0,0,0,0.875147,1,1,0.92606,1,1,0.0,0,0,0.92606,1,1,0.0,0,0,0.0,0,0,0.0,0,0,0.0,0,0,0.03199,0,0,0.0,0,0,0.0,0,0,0.0,0,0,0.0,0,0,0.0,0,0,0.992017,1,1,0.994875,1,1,0.0,0,0,0.994875,1,1,0.0,0,0,0.0,0,0,0.0,0,0,0.0,0,0,0.003327,0,0,0.0,0,0,0.0,0,0,0.0,0,0,0.0,0,0,0.0,0,0,0.0,0,0,0.006772,0,0,0.0,0,0,0.0,0,0,1
96,2023-02-06T14:56:08.000000000,2023-02-06T14:57:06.000000000,0.0,0,0,0.0,0,0,0.0,0,0,0.875147,1,1,0.92606,1,1,0.0,0,0,0.92606,1,1,0.0,0,0,0.0,0,0,0.0,0,0,0.0,0,0,0.03199,0,0,0.0,0,0,0.0,0,0,0.0,0,0,0.0,0,0,0.0,0,0,0.992017,1,1,0.994875,1,1,0.0,0,0,0.994875,1,1,0.0,0,0,0.0,0,0,0.0,0,0,0.0,0,0,0.003327,0,0,0.0,0,0,0.0,0,0,0.0,0,0,0.0,0,0,0.0,0,0,0.0,0,0,0.006772,0,0,0.0,0,0,0.0,0,0,1
97,2023-02-06T14:56:38.000000000,2023-02-06T14:57:36.000000000,0.0,0,0,0.0,0,0,0.0,0,0,0.875147,1,1,0.92606,1,1,0.0,0,0,0.92606,1,1,0.0,0,0,0.0,0,0,0.0,0,0,0.0,0,0,0.03199,0,0,0.0,0,0,0.0,0,0,0.0,0,0,0.0,0,0,0.0,0,0,0.992017,1,1,0.994875,1,1,0.0,0,0,0.994875,1,1,0.0,0,0,0.0,0,0,0.666667,1,1,0.002004,0,0,0.003327,0,0,1e-05,0,0,0.000917,0,0,0.0,0,0,0.0,0,0,0.0,0,0,0.0,0,0,0.006772,0,0,0.0,0,0,0.0,0,0,1
98,2023-02-06T14:57:08.000000000,2023-02-06T14:58:06.000000000,0.0,0,0,0.0,0,0,0.0,0,0,0.875147,1,1,0.92606,1,1,0.0,0,0,0.92606,1,1,0.0,0,0,0.0,0,0,0.0,0,0,0.0,0,0,0.03199,0,0,0.0,0,0,0.0,0,0,0.0,0,0,0.0,0,0,0.0,0,0,0.992017,1,1,0.994875,1,1,0.0,0,0,0.994875,1,1,0.000216,0,0,0.000197,0,0,1.0,1,1,0.313246,0,0,0.108134,0,0,0.234475,0,0,0.105157,0,0,0.0,0,0,0.0,0,0,0.0,0,0,0.0,0,0,0.006772,0,0,0.0,0,0,0.0,0,0,1
99,2023-02-06T14:57:38.000000000,2023-02-06T14:58:36.000000000,2e-06,0,0,3e-06,0,0,1.0,1,1,0.875917,1,1,0.926633,1,1,0.000113,0,0,0.926633,1,1,0.0,0,0,0.0,0,0,0.0,0,0,0.0,0,0,0.03199,0,0,0.0,0,0,0.0,0,0,0.0,0,0,1e-06,0,0,0.666667,1,1,0.991469,1,1,0.994475,1,1,3e-05,0,0,0.994475,1,1,0.586971,1,1,0.55561,1,1,0.666667,1,1,0.646943,1,1,0.427643,0,0,0.77275,1,1,0.425733,0,0,0.0,0,0,0.0,0,0,0.333333,0,0,0.003171,0,0,0.00732,0,0,1.2e-05,0,0,0.002527,0,0,1
100,2023-02-06T14:58:08.000000000,2023-02-06T14:59:06.000000000,0.003355,0,0,0.002849,0,0,1.0,1,1,0.807251,1,1,0.848307,1,1,0.204805,0,0,0.848307,1,1,0.0,0,0,0.0,0,0,0.0,0,0,0.0,0,0,0.03199,0,0,0.0,0,0,0.0,0,0,0.001241,0,0,0.001365,0,0,1.0,1,1,0.955336,1,1,0.955083,1,1,0.100626,0,0,0.955083,1,1,0.885938,1,1,0.940939,1,1,0.333333,0,0,0.929493,1,1,0.861556,1,1,0.972191,1,1,0.861094,1,1,0.000161,0,0,0.000136,0,0,1.0,1,1,0.390439,0,0,0.24332,0,0,0.173353,0,0,0.238161,0,0,1
101,2023-02-06T14:58:38.000000000,2023-02-06T14:59:36.000000000,0.833507,1,1,0.964882,1,1,0.666667,1,1,0.874308,1,1,0.888395,1,1,0.304295,0,0,0.888395,1,1,0.0,0,0,0.0,0,0,0.0,0,0,0.0,0,0,0.03199,0,0,0.0,0,0,0.0,0,0,0.471921,0,0,0.766064,1,1,0.666667,1,1,0.91895,1,1,0.916091,1,1,0.191278,0,0,0.916091,1,1,0.478199,0,0,0.450783,0,0,0.333333,0,0,0.737405,1,1,0.54242,1,1,0.907161,1,1,0.540893,1,1,0.4576,0,0,0.54879,1,1,0.333333,0,0,0.695812,1,1,0.625985,1,1,0.505013,1,1,0.623435,1,1,1
102,2023-02-06T14:59:08.000000000,2023-02-06T15:00:06.000000000,0.022373,0,0,0.03341,0,0,0.0,0,0,0.940026,1,1,0.966774,1,1,0.076003,0,0,0.966774,1,1,0.0,0,0,0.0,0,0,0.0,0,0,0.0,0,0,0.03199,0,0,0.0,0,0,0.0,0,0,0.022446,0,0,0.030565,0,0,0.0,0,0,0.955336,1,1,0.955083,1,1,0.100626,0,0,0.955083,1,1,0.000259,0,0,0.000222,0,0,1.0,1,1,0.015028,0,0,0.003503,0,0,0.000583,0,0,0.007651,0,0,0.046944,0,0,0.044156,0,0,0.0,0,0,0.575986,1,1,0.390194,0,0,0.371679,0,0,0.386036,0,0,1
103,2023-02-06T14:59:38.000000000,2023-02-06T15:00:36.000000000,2.1e-05,0,0,2e-05,0,0,1.0,1,1,0.875223,1,1,0.926113,1,1,4.6e-05,0,0,0.926113,1,1,0.0,0,0,0.0,0,0,0.0,0,0,0.0,0,0,0.03199,0,0,0.0,0,0,0.0,0,0,1.3e-05,0,0,2e-05,0,0,1.0,1,1,0.991469,1,1,0.994475,1,1,3e-05,0,0,0.994475,1,1,0.0,0,0,0.0,0,0,0.333333,0,0,0.000874,0,0,0.003072,0,0,2e-06,0,0,0.00034,0,0,1.1e-05,0,0,1e-05,0,0,1.0,1,1,0.006185,0,0,0.006981,0,0,4.7e-05,0,0,0.005235,0,0,1
104,2023-02-06T15:00:08.000000000,2023-02-06T15:01:06.000000000,0.0,0,0,0.0,0,0,0.0,0,0,0.875147,1,1,0.92606,1,1,0.0,0,0,0.92606,1,1,0.0,0,0,0.0,0,0,0.0,0,0,0.0,0,0,0.03199,0,0,0.0,0,0,0.0,0,0,0.0,0,0,0.0,0,0,0.0,0,0,0.992017,1,1,0.994875,1,1,0.0,0,0,0.994875,1,1,5e-06,0,0,5e-06,0,0,1.0,1,1,0.005478,0,0,0.003738,0,0,7.7e-05,0,0,0.002683,0,0,0.0,0,0,0.0,0,0,0.0,0,0,0.0,0,0,0.006772,0,0,0.0,0,0,0.0,0,0,1
105,2023-02-06T15:00:38.000000000,2023-02-06T15:01:36.000000000,0.0,0,0,0.0,0,0,0.0,0,0,0.875147,1,1,0.92606,1,1,0.0,0,0,0.92606,1,1,0.0,0,0,0.0,0,0,0.0,0,0,0.0,0,0,0.03199,0,0,0.0,0,0,0.0,0,0,0.0,0,0,0.0,0,0,0.0,0,0,0.992017,1,1,0.994875,1,1,0.0,0,0,0.994875,1,1,0.006828,0,0,0.008499,0,0,0.0,0,0,0.457942,0,0,0.212616,0,0,0.466424,0,0,0.209988,0,0,0.0,0,0,0.0,0,0,0.0,0,0,0.0,0,0,0.006772,0,0,0.0,0,0,0.0,0,0,1
106,2023-02-06T15:01:08.000000000,2023-02-06T15:02:06.000000000,0.0,0,0,0.0,0,0,0.0,0,0,0.875147,1,1,0.92606,1,1,0.0,0,0,0.92606,1,1,0.0,0,0,0.0,0,0,0.0,0,0,0.0,0,0,0.03199,0,0,0.0,0,0,0.0,0,0,0.0,0,0,0.0,0,0,0.0,0,0,0.992017,1,1,0.994875,1,1,0.0,0,0,0.994875,1,1,0.972036,1,1,0.999655,1,1,0.666667,1,1,0.686785,1,1,0.484153,0,0,0.822564,1,1,0.482432,0,0,0.0,0,0,0.0,0,0,0.0,0,0,0.0,0,0,0.006772,0,0,0.0,0,0,0.0,0,0,1
107,2023-02-06T15:01:38.000000000,2023-02-06T15:02:36.000000000,0.0,0,0,0.0,0,0,0.0,0,0,0.875147,1,1,0.92606,1,1,0.0,0,0,0.92606,1,1,0.0,0,0,0.0,0,0,0.0,0,0,0.0,0,0,0.03199,0,0,0.0,0,0,0.0,0,0,0.0,0,0,0.0,0,0,0.0,0,0,0.992017,1,1,0.994875,1,1,0.0,0,0,0.994875,1,1,0.329538,0,0,0.256988,0,0,0.333333,0,0,0.511871,1,1,0.2757,0,0,0.549525,1,1,0.273283,0,0,0.0,0,0,0.0,0,0,0.0,0,0,0.0,0,0,0.006772,0,0,0.0,0,0,0.0,0,0,1
108,2023-02-06T15:02:08.000000000,2023-02-06T15:03:06.000000000,0.0,0,0,0.0,0,0,0.0,0,0,0.875147,1,1,0.92606,1,1,0.0,0,0,0.92606,1,1,0.0,0,0,0.0,0,0,0.0,0,0,0.0,0,0,0.03199,0,0,0.0,0,0,0.0,0,0,0.0,0,0,0.0,0,0,0.0,0,0,0.992017,1,1,0.994875,1,1,0.0,0,0,0.994875,1,1,1.5e-05,0,0,1.5e-05,0,0,1.0,1,1,0.004319,0,0,0.003695,0,0,4.8e-05,0,0,0.002121,0,0,0.0,0,0,0.0,0,0,0.0,0,0,0.0,0,0,0.006772,0,0,0.0,0,0,0.0,0,0,1
109,2023-02-06T15:02:38.000000000,2023-02-06T15:03:36.000000000,0.0,0,0,0.0,0,0,0.0,0,0,0.875147,1,1,0.92606,1,1,0.0,0,0,0.92606,1,1,0.0,0,0,0.0,0,0,0.0,0,0,0.0,0,0,0.03199,0,0,0.0,0,0,0.0,0,0,0.0,0,0,0.0,0,0,0.0,0,0,0.992017,1,1,0.994875,1,1,0.0,0,0,0.994875,1,1,0.0,0,0,0.0,0,0,0.0,0,0,0.0,0,0,0.003327,0,0,0.0,0,0,0.0,0,0,0.0,0,0,0.0,0,0,0.0,0,0,0.0,0,0,0.006772,0,0,0.0,0,0,0.0,0,0,1
110,2023-02-06T15:03:08.000000000,2023-02-06T15:04:06.000000000,0.0,0,0,0.0,0,0,0.0,0,0,0.875147,1,1,0.92606,1,1,0.0,0,0,0.92606,1,1,0.0,0,0,0.0,0,0,0.0,0,0,0.0,0,0,0.03199,0,0,0.0,0,0,0.0,0,0,0.0,0,0,0.0,0,0,0.0,0,0,0.992017,1,1,0.994875,1,1,0.0,0,0,0.994875,1,1,0.0,0,0,0.0,0,0,0.0,0,0,0.0,0,0,0.003327,0,0,0.0,0,0,0.0,0,0,0.0,0,0,0.0,0,0,0.0,0,0,0.0,0,0,0.006772,0,0,0.0,0,0,0.0,0,0,1
111,2023-02-06T15:03:38.000000000,2023-02-06T15:04:36.000000000,0.0,0,0,0.0,0,0,0.0,0,0,0.875147,1,1,0.92606,1,1,0.0,0,0,0.92606,1,1,0.0,0,0,0.0,0,0,0.0,0,0,0.0,0,0,0.03199,0,0,0.0,0,0,0.0,0,0,0.0,0,0,0.0,0,0,0.0,0,0,0.992017,1,1,0.994875,1,1,0.0,0,0,0.994875,1,1,0.0,0,0,0.0,0,0,0.0,0,0,0.0,0,0,0.003327,0,0,0.0,0,0,0.0,0,0,0.0,0,0,0.0,0,0,0.0,0,0,0.0,0,0,0.006772,0,0,0.0,0,0,0.0,0,0,1
112,2023-02-06T15:04:08.000000000,2023-02-06T15:05:06.000000000,0.0,0,0,0.0,0,0,0.0,0,0,0.875147,1,1,0.92606,1,1,0.0,0,0,0.92606,1,1,0.0,0,0,0.0,0,0,0.0,0,0,0.0,0,0,0.03199,0,0,0.0,0,0,0.0,0,0,0.0,0,0,0.0,0,0,0.0,0,0,0.992017,1,1,0.994875,1,1,0.0,0,0,0.994875,1,1,0.0,0,0,0.0,0,0,0.0,0,0,0.0,0,0,0.003327,0,0,0.0,0,0,0.0,0,0,0.0,0,0,0.0,0,0,0.0,0,0,0.0,0,0,0.006772,0,0,0.0,0,0,0.0,0,0,1
113,2023-02-06T15:04:38.000000000,2023-02-06T15:05:36.000000000,0.0,0,0,0.0,0,0,0.0,0,0,0.875147,1,1,0.92606,1,1,0.0,0,0,0.92606,1,1,0.0,0,0,0.0,0,0,0.0,0,0,0.0,0,0,0.03199,0,0,0.0,0,0,0.0,0,0,0.0,0,0,0.0,0,0,0.0,0,0,0.992017,1,1,0.994875,1,1,0.0,0,0,0.994875,1,1,0.0,0,0,0.0,0,0,0.666667,1,1,0.002004,0,0,0.003327,0,0,1e-05,0,0,0.000917,0,0,0.0,0,0,0.0,0,0,0.0,0,0,0.0,0,0,0.006772,0,0,0.0,0,0,0.0,0,0,1
114,2023-02-06T15:05:08.000000000,2023-02-06T15:06:06.000000000,0.0,0,0,0.0,0,0,0.0,0,0,0.875147,1,1,0.92606,1,1,0.0,0,0,0.92606,1,1,0.0,0,0,0.0,0,0,0.0,0,0,0.0,0,0,0.03199,0,0,0.0,0,0,0.0,0,0,0.0,0,0,0.0,0,0,0.0,0,0,0.992017,1,1,0.994875,1,1,0.0,0,0,0.994875,1,1,0.000216,0,0,0.000197,0,0,1.0,1,1,0.313246,0,0,0.108134,0,0,0.234475,0,0,0.105157,0,0,0.0,0,0,0.0,0,0,0.0,0,0,0.0,0,0,0.006772,0,0,0.0,0,0,0.0,0,0,1
115,2023-02-06T15:05:38.000000000,2023-02-06T15:06:36.000000000,1e-06,0,0,1e-06,0,0,1.0,1,1,0.875511,1,1,0.926336,1,1,1.6e-05,0,0,0.926336,1,1,3e-06,0,0,4e-06,0,0,1.0,1,1,0.02121,0,0,0.027498,0,0,0.000491,0,0,0.025213,0,0,0.0,0,0,0.0,0,0,0.333333,0,0,0.991827,1,1,0.994735,1,1,2.4e-05,0,0,0.994735,1,1,0.587111,1,1,0.55561,1,1,0.666667,1,1,0.647035,1,1,0.427912,0,0,0.772668,1,1,0.426003,0,0,0.0,0,0,0.0,0,0,0.333333,0,0,0.001614,0,0,0.006177,0,0,3e-06,0,0,0.001116,0,0,1
116,2023-02-06T15:06:08.000000000,2023-02-06T15:07:06.000000000,0.000476,0,0,0.0004,0,0,1.0,1,1,0.826255,1,1,0.882012,1,1,0.054659,0,0,0.882012,1,1,0.006963,0,0,0.004725,0,0,1.0,1,1,0.972248,1,1,0.970153,1,1,0.940773,1,1,0.969166,1,1,0.000846,0,0,0.000948,0,0,1.0,1,1,0.980812,1,1,0.983039,1,1,0.028889,0,0,0.983039,1,1,0.885925,1,1,0.949518,1,1,0.333333,0,0,0.933289,1,1,0.899028,1,1,0.878237,1,1,0.898691,1,1,6.8e-05,0,0,6.1e-05,0,0,1.0,1,1,0.291036,0,0,0.178764,0,0,0.096654,0,0,0.173164,0,0,1
117,2023-02-06T15:06:38.000000000,2023-02-06T15:07:36.000000000,0.37215,0,0,0.407547,0,0,0.666667,1,1,0.894457,1,1,0.92606,1,1,0.123887,0,0,0.92606,1,1,0.937729,1,1,1.0,1,1,0.333333,0,0,1.0,1,1,0.973898,1,1,1.0,1,1,0.977299,1,1,0.527147,1,1,0.779625,1,1,0.666667,1,1,0.918006,1,1,0.915441,1,1,0.190934,0,0,0.915441,1,1,0.376366,0,0,0.340553,0,0,0.333333,0,0,0.745838,1,1,0.595394,1,1,0.837143,1,1,0.594044,1,1,0.67767,1,1,0.788979,1,1,0.333333,0,0,0.867189,1,1,0.827966,1,1,0.766966,1,1,0.826793,1,1,1
118,2023-02-06T15:07:08.000000000,2023-02-06T15:08:06.000000000,0.029709,0,0,0.031777,0,0,0.333333,0,0,0.941168,1,1,0.970108,1,1,0.054659,0,0,0.970108,1,1,0.015262,0,0,0.009811,0,0,1.0,1,1,0.2351,0,0,0.029847,0,0,0.060579,0,0,0.29237,0,0,0.056764,0,0,0.07827,0,0,0.0,0,0,0.929451,1,1,0.927127,1,1,0.167266,0,0,0.927127,1,1,0.001433,0,0,0.001932,0,0,1.0,1,1,0.07606,0,0,0.019543,0,0,0.014481,0,0,0.030235,0,0,0.113325,0,0,0.126637,0,0,0.333333,0,0,0.816957,1,1,0.6524,1,1,0.720912,1,1,0.65003,1,1,1
119,2023-02-06T15:07:38.000000000,2023-02-06T15:08:36.000000000,1.2e-05,0,0,1.1e-05,0,0,1.0,1,1,0.874788,1,1,0.925785,1,1,1.6e-05,0,0,0.925785,1,1,1.5e-05,0,0,1.4e-05,0,0,1.0,1,1,0.009429,0,0,0.030593,0,0,9.7e-05,0,0,0.010163,0,0,2.3e-05,0,0,2.8e-05,0,0,1.0,1,1,0.992013,1,1,0.994866,1,1,4.6e-05,0,0,0.994866,1,1,1e-06,0,0,2e-06,0,0,1.0,1,1,0.001922,0,0,0.003341,0,0,1e-05,0,0,0.000824,0,0,2.1e-05,0,0,1.9e-05,0,0,1.0,1,1,0.010028,0,0,0.003793,0,0,0.000121,0,0,0.008862,0,0,1
120,2023-02-06T15:08:08.000000000,2023-02-06T15:09:06.000000000,0.0,0,0,0.0,0,0,0.0,0,0,0.875147,1,1,0.92606,1,1,0.0,0,0,0.92606,1,1,0.0,0,0,0.0,0,0,0.0,0,0,0.0,0,0,0.03199,0,0,0.0,0,0,0.0,0,0,0.0,0,0,0.0,0,0,0.0,0,0,0.992017,1,1,0.994875,1,1,0.0,0,0,0.994875,1,1,5e-06,0,0,5e-06,0,0,1.0,1,1,0.006503,0,0,0.003818,0,0,0.000109,0,0,0.003115,0,0,0.0,0,0,0.0,0,0,0.0,0,0,0.0,0,0,0.006772,0,0,0.0,0,0,0.0,0,0,1
121,2023-02-06T15:08:38.000000000,2023-02-06T15:09:36.000000000,0.0,0,0,0.0,0,0,0.0,0,0,0.875147,1,1,0.92606,1,1,0.0,0,0,0.92606,1,1,0.0,0,0,0.0,0,0,0.0,0,0,0.0,0,0,0.03199,0,0,0.0,0,0,0.0,0,0,0.0,0,0,0.0,0,0,0.0,0,0,0.992017,1,1,0.994875,1,1,0.0,0,0,0.994875,1,1,0.007334,0,0,0.009772,0,0,0.0,0,0,0.455062,0,0,0.212739,0,0,0.45955,0,0,0.210111,0,0,0.0,0,0,0.0,0,0,0.0,0,0,0.0,0,0,0.006772,0,0,0.0,0,0,0.0,0,0,1
122,2023-02-06T15:09:08.000000000,2023-02-06T15:10:06.000000000,0.0,0,0,0.0,0,0,0.0,0,0,0.875147,1,1,0.92606,1,1,0.0,0,0,0.92606,1,1,0.0,0,0,0.0,0,0,0.0,0,0,0.0,0,0,0.03199,0,0,0.0,0,0,0.0,0,0,0.0,0,0,0.0,0,0,0.0,0,0,0.992017,1,1,0.994875,1,1,0.0,0,0,0.994875,1,1,0.94417,1,1,1.0,1,1,0.666667,1,1,0.64213,1,1,0.430305,0,0,0.752869,1,1,0.428403,0,0,0.0,0,0,0.0,0,0,0.0,0,0,0.0,0,0,0.006772,0,0,0.0,0,0,0.0,0,0,1
123,2023-02-06T15:09:38.000000000,2023-02-06T15:10:36.000000000,0.0,0,0,0.0,0,0,0.0,0,0,0.875147,1,1,0.92606,1,1,0.0,0,0,0.92606,1,1,0.0,0,0,0.0,0,0,0.0,0,0,0.0,0,0,0.03199,0,0,0.0,0,0,0.0,0,0,0.0,0,0,0.0,0,0,0.0,0,0,0.992017,1,1,0.994875,1,1,0.0,0,0,0.994875,1,1,0.271177,0,0,0.237766,0,0,0.333333,0,0,0.453138,0,0,0.222066,0,0,0.448223,0,0,0.219469,0,0,0.0,0,0,0.0,0,0,0.0,0,0,0.0,0,0,0.006772,0,0,0.0,0,0,0.0,0,0,1
124,2023-02-06T15:10:08.000000000,2023-02-06T15:11:06.000000000,0.0,0,0,0.0,0,0,0.0,0,0,0.875147,1,1,0.92606,1,1,0.0,0,0,0.92606,1,1,0.0,0,0,0.0,0,0,0.0,0,0,0.0,0,0,0.03199,0,0,0.0,0,0,0.0,0,0,0.0,0,0,0.0,0,0,0.0,0,0,0.992017,1,1,0.994875,1,1,0.0,0,0,0.994875,1,1,2.7e-05,0,0,2.6e-05,0,0,1.0,1,1,0.006475,0,0,0.003952,0,0,0.000108,0,0,0.003101,0,0,0.0,0,0,0.0,0,0,0.0,0,0,0.0,0,0,0.006772,0,0,0.0,0,0,0.0,0,0,1
