segment_idx,segment_start,segment_end,m1_speed_psd_peak_baseband,m1_speed_psd_peak_original_bits,m1_speed_psd_peak_ask_recovered,m1_speed_psd_mean_energy_baseband,m1_speed_psd_mean_energy_original_bits,m1_speed_psd_mean_energy_ask_recovered,m1_speed_psd_peak_freq_baseband,m1_speed_psd_peak_freq_original_bits,m1_speed_psd_peak_freq_ask_recovered,m1_speed_rms_baseband,m1_speed_rms_original_bits,m1_speed_rms_ask_recovered,m1_speed_mean_baseband,m1_speed_mean_original_bits,m1_speed_mean_ask_recovered,m1_speed_variance_baseband,m1_speed_variance_original_bits,m1_speed_variance_ask_recovered,m1_speed_fft_peak_baseband,m1_speed_fft_peak_original_bits,m1_speed_fft_peak_ask_recovered,o8_compressor_psd_peak_baseband,o8_compressor_psd_peak_original_bits,o8_compressor_psd_peak_ask_recovered,o8_compressor_psd_mean_energy_baseband,o8_compressor_psd_mean_energy_original_bits,o8_compressor_psd_mean_energy_ask_recovered,o8_compressor_psd_peak_freq_baseband,o8_compressor_psd_peak_freq_original_bits,o8_compressor_psd_peak_freq_ask_recovered,o8_compressor_rms_baseband,o8_compressor_rms_original_bits,o8_compressor_rms_ask_recovered,o8_compressor_mean_baseband,o8_compressor_mean_original_bits,o8_compressor_mean_ask_recovered,o8_compressor_variance_baseband,o8_compressor_variance_original_bits,o8_compressor_variance_ask_recovered,o8_compressor_fft_peak_baseband,o8_compressor_fft_peak_original_bits,o8_compressor_fft_peak_ask_recovered,current_task_duration_psd_peak_baseband,current_task_duration_psd_peak_original_bits,current_task_duration_psd_peak_ask_recovered,current_task_duration_psd_mean_energy_baseband,current_task_duration_psd_mean_energy_original_bits,current_task_duration_psd_mean_energy_ask_recovered,current_task_duration_psd_peak_freq_baseband,current_task_duration_psd_peak_freq_original_bits,current_task_duration_psd_peak_freq_ask_recovered,current_task_duration_rms_baseband,current_task_duration_rms_original_bits,current_task_duration_rms_ask_recovered,current_task_duration_mean_baseband,current_task_duration_mean_original_bits,current_task_duration_mean_ask_recovered,current_task_duration_variance_baseband,current_task_duration_variance_original_bits,current_task_duration_variance_ask_recovered,current_task_duration_fft_peak_baseband,current_task_duration_fft_peak_original_bits,current_task_duration_fft_peak_ask_recovered,current_state_binary
0,2023-02-06T14:08:10.000000000,2023-02-06T14:09:08.000000000,0.001638,0,0,0.001034,0,0,1.0,1,1,0.0,0,1,0.0,0,1,0.613478,1,1,0.0,0,1,0.0,0,0,0.0,0,0,0.0,0,0,0.0,0,0,0.079554,0,0,0.0,0,0,0.0,0,0,0.0,0,0,0.0,0,0,0.0,0,0,0.0,0,0,0.005896,0,0,0.0,0,0,0.0,0,0,1
1,2023-02-06T14:08:40.000000000,2023-02-06T14:09:38.000000000,0.699513,1,1,0.395961,0,0,0.333333,0,0,0.559359,1,1,0.533949,1,1,1.0,1,1,0.533949,1,1,0.0,0,0,0.0,0,0,0.0,0,0,0.0,0,0,0.079554,0,0,0.0,0,0,0.0,0,0,0.0,0,0,0.0,0,0,0.0,0,0,0.0,0,0,0.005896,0,0,0.0,0,0,0.0,0,0,1
2,2023-02-06T14:09:10.000000000,2023-02-06T14:10:08.000000000,0.000234,0,0,0.000144,0,0,1.0,1,0,0.814006,1,1,0.88973,1,1,0.000475,0,1,0.88973,1,1,0.0,0,0,0.0,0,0,0.0,0,0,0.0,0,0,0.079554,0,0,0.0,0,0,0.0,0,0,0.0,0,0,0.0,0,0,0.0,0,0,0.0,0,0,0.005896,0,0,0.0,0,0,0.0,0,0,1
3,2023-02-06T14:09:40.000000000,2023-02-06T14:10:38.000000000,0.0,0,0,0.0,0,0,0.333333,0,0,0.813973,1,1,0.889759,1,1,1e-06,0,0,0.889759,1,1,0.0,0,0,0.0,0,0,0.0,0,0,0.0,0,0,0.079554,0,0,0.0,0,0,0.0,0,0,0.0,0,0,0.0,0,0,0.0,0,0,0.0,0,0,0.005896,0,0,0.0,0,0,0.0,0,0,1
4,2023-02-06T14:10:10.000000000,2023-02-06T14:11:08.000000000,0.0,0,0,0.0,0,0,0.0,0,0,0.813854,1,1,0.889665,1,1,0.0,0,0,0.889665,1,1,0.0,0,0,0.0,0,0,0.0,0,0,0.0,0,0,0.079554,0,0,0.0,0,0,0.0,0,0,0.0,0,0,0.0,0,0,0.0,0,0,0.0,0,0,0.005896,0,0,0.0,0,0,0.0,0,0,1
5,2023-02-06T14:10:40.000000000,2023-02-06T14:11:38.000000000,0.0,0,0,0.0,0,0,0.0,0,0,0.813854,1,1,0.889665,1,1,0.0,0,0,0.889665,1,1,0.0,0,0,0.0,0,0,0.0,0,0,0.0,0,0,0.079554,0,0,0.0,0,0,0.0,0,0,0.0,0,0,0.0,0,0,0.0,0,0,0.0,0,0,0.005896,0,0,0.0,0,0,0.0,0,0,1
6,2023-02-06T14:11:10.000000000,2023-02-06T14:12:08.000000000,0.0,0,0,0.0,0,0,0.0,0,0,0.813854,1,1,0.889665,1,1,0.0,0,0,0.889665,1,1,0.0,0,0,0.0,0,0,0.0,0,0,0.0,0,0,0.079554,0,0,0.0,0,0,0.0,0,0,0.0,0,0,0.0,0,0,0.0,0,0,0.0,0,0,0.005896,0,0,0.0,0,0,0.0,0,0,1
7,2023-02-06T14:11:40.000000000,2023-02-06T14:12:38.000000000,0.0,0,0,0.0,0,0,0.0,0,0,0.813854,1,1,0.889665,1,1,0.0,0,0,0.889665,1,1,0.0,0,0,0.0,0,0,0.0,0,0,0.0,0,0,0.079554,0,0,0.0,0,0,0.0,0,0,0.0,0,0,0.0,0,0,0.0,0,0,0.0,0,0,0.005896,0,0,0.0,0,0,0.0,0,0,1
8,2023-02-06T14:12:10.000000000,2023-02-06T14:13:08.000000000,0.0,0,0,0.0,0,0,0.0,0,1,0.813854,1,1,0.889665,1,1,0.0,0,0,0.889665,1,1,0.0,0,0,0.0,0,0,0.0,0,0,0.0,0,0,0.079554,0,0,0.0,0,0,0.0,0,0,0.0,0,0,0.0,0,0,0.0,0,0,9e-06,0,0,0.005894,0,0,0.0,0,0,2e-06,0,0,1
9,2023-02-06T14:12:40.000000000,2023-02-06T14:13:38.000000000,1e-06,0,0,1e-06,0,0,1.0,1,1,0.814061,1,1,0.889821,1,1,5.8e-05,0,0,0.889821,1,1,0.0,0,0,0.0,0,0,0.333333,0,1,0.014115,0,1,0.083782,0,0,0.000215,0,0,0.015189,0,1,0.0,0,0,0.0,0,0,0.333333,0,1,0.00087,0,0,0.005729,0,0,2e-06,0,0,0.000298,0,0,0
10,2023-02-06T14:13:10.000000000,2023-02-06T14:14:08.000000000,0.001755,0,0,0.001143,0,0,1.0,1,1,0.77719,1,1,0.854191,1,1,0.05577,0,0,0.854191,1,1,0.002443,0,1,0.001807,0,1,1.0,1,1,0.54039,1,1,0.331602,0,1,0.31058,0,1,0.537737,1,1,3.6e-05,0,0,5.4e-05,0,0,1.0,1,1,0.216218,0,0,0.105354,0,1,0.092051,0,0,0.100048,0,1,0
11,2023-02-06T14:13:40.000000000,2023-02-06T14:14:38.000000000,0.174185,0,0,0.138147,0,0,0.333333,0,1,0.830569,1,1,0.888934,1,1,0.121618,0,0,0.888934,1,1,0.943055,1,1,0.966962,1,1,0.666667,1,1,1.0,1,1,0.911991,1,1,1.0,1,1,0.930721,1,1,0.255174,0,0,0.239307,0,0,0.333333,0,1,0.646556,1,1,0.539139,1,1,0.450707,0,0,0.536405,1,1,0
12,2023-02-06T14:14:10.000000000,2023-02-06T14:15:08.000000000,0.038287,0,0,0.041607,0,0,0.333333,0,0,0.866761,1,1,0.925138,1,1,0.05577,0,0,0.925138,1,1,0.067727,0,0,0.063567,0,0,0.0,0,1,0.841652,1,1,0.668398,1,1,0.727646,1,1,0.721352,1,1,0.359494,0,0,0.416315,0,0,0.333333,0,0,1.0,1,1,0.947529,1,1,0.685646,1,0,0.947217,1,1,1
13,2023-02-06T14:14:40.000000000,2023-02-06T14:15:38.000000000,3.9e-05,0,0,2.6e-05,0,0,1.0,1,0,0.814601,1,1,0.890239,1,1,0.000122,0,0,0.890239,1,1,4.1e-05,0,0,3.8e-05,0,0,1.0,1,0,0.014115,0,0,0.083782,0,0,0.000215,0,0,0.015189,0,0,0.783315,1,0,0.909473,1,0,0.333333,0,1,0.793146,1,0,0.514472,1,0,1.0,1,0,0.511592,1,0,1
14,2023-02-06T14:15:10.000000000,2023-02-06T14:16:08.000000000,0.0,0,0,0.0,0,0,0.0,0,0,0.813854,1,1,0.889665,1,1,0.0,0,0,0.889665,1,1,0.0,0,0,0.0,0,0,0.0,0,0,0.0,0,0,0.079554,0,0,0.0,0,0,0.0,0,0,0.000353,0,0,0.000377,0,0,1.0,1,1,0.019157,0,0,0.006306,0,0,0.00087,0,0,0.0088,0,0,1
15,2023-02-06T14:15:40.000000000,2023-02-06T14:16:38.000000000,0.0,0,0,0.0,0,0,0.0,0,0,0.813854,1,1,0.889665,1,1,0.0,0,0,0.889665,1,1,0.0,0,0,0.0,0,0,0.0,0,0,0.0,0,0,0.079554,0,0,0.0,0,0,0.0,0,0,0.0,0,0,0.0,0,0,0.333333,0,0,0.000866,0,0,0.005744,0,0,2e-06,0,0,0.000252,0,0,1
16,2023-02-06T14:16:10.000000000,2023-02-06T14:17:08.000000000,0.0,0,0,0.0,0,0,0.0,0,0,0.813854,1,1,0.889665,1,1,0.0,0,0,0.889665,1,1,0.0,0,0,0.0,0,0,0.0,0,0,0.0,0,0,0.079554,0,0,0.0,0,0,0.0,0,0,0.0,0,0,0.0,0,0,0.0,0,0,0.0,0,0,0.005896,0,0,0.0,0,0,0.0,0,0,1
17,2023-02-06T14:16:40.000000000,2023-02-06T14:17:38.000000000,0.0,0,0,0.0,0,0,0.0,0,0,0.813854,1,1,0.889665,1,1,0.0,0,0,0.889665,1,1,0.0,0,0,0.0,0,0,0.0,0,0,0.0,0,0,0.079554,0,0,0.0,0,0,0.0,0,0,0.0,0,0,0.0,0,0,0.0,0,0,0.0,0,0,0.005896,0,0,0.0,0,0,0.0,0,0,1
18,2023-02-06T14:17:10.000000000,2023-02-06T14:18:08.000000000,0.0,0,0,0.0,0,0,0.0,0,0,0.813854,1,1,0.889665,1,1,0.0,0,0,0.889665,1,1,0.0,0,0,0.0,0,0,0.0,0,0,0.0,0,0,0.079554,0,0,0.0,0,0,0.0,0,0,0.0,0,0,0.0,0,0,0.0,0,0,0.0,0,0,0.005896,0,0,0.0,0,0,0.0,0,0,1
19,2023-02-06T14:17:40.000000000,2023-02-06T14:18:38.000000000,0.0,0,0,0.0,0,0,0.0,0,0,0.813854,1,1,0.889665,1,1,0.0,0,0,0.889665,1,1,0.0,0,0,0.0,0,0,0.0,0,0,0.0,0,0,0.079554,0,0,0.0,0,0,0.0,0,0,0.0,0,0,0.0,0,0,0.0,0,0,0.0,0,0,0.005896,0,0,0.0,0,0,0.0,0,0,1
20,2023-02-06T14:18:10.000000000,2023-02-06T14:19:08.000000000,0.0,0,0,0.0,0,0,0.0,0,0,0.813854,1,1,0.889665,1,1,0.0,0,0,0.889665,1,1,0.0,0,0,0.0,0,0,0.0,0,0,0.0,0,0,0.079554,0,0,0.0,0,0,0.0,0,0,0.0,0,0,0.0,0,0,0.0,0,0,0.0,0,0,0.005896,0,0,0.0,0,0,0.0,0,0,1
21,2023-02-06T14:18:40.000000000,2023-02-06T14:19:38.000000000,0.0,0,0,0.0,0,0,0.0,0,0,0.813854,1,1,0.889665,1,1,0.0,0,0,0.889665,1,1,0.0,0,0,0.0,0,0,0.0,0,0,0.0,0,0,0.079554,0,0,0.0,0,0,0.0,0,0,0.0,0,0,0.0,0,0,0.0,0,0,0.0,0,0,0.005896,0,0,0.0,0,0,0.0,0,0,1
22,2023-02-06T14:19:10.000000000,2023-02-06T14:20:08.000000000,0.0,0,0,0.0,0,0,0.0,0,0,0.813854,1,1,0.889665,1,1,0.0,0,0,0.889665,1,1,0.0,0,0,0.0,0,0,0.0,0,0,0.0,0,0,0.079554,0,0,0.0,0,0,0.0,0,0,0.0,0,0,0.0,0,0,0.0,0,0,0.0,0,0,0.005896,0,0,0.0,0,0,0.0,0,0,1
23,2023-02-06T14:19:40.000000000,2023-02-06T14:20:38.000000000,0.0,0,0,0.0,0,0,0.0,0,0,0.813854,1,1,0.889665,1,1,0.0,0,0,0.889665,1,1,0.0,0,0,0.0,0,0,0.0,0,0,0.0,0,0,0.079554,0,0,0.0,0,0,0.0,0,0,0.0,0,0,0.0,0,0,0.0,0,0,0.0,0,0,0.005896,0,0,0.0,0,0,0.0,0,0,1
24,2023-02-06T14:20:10.000000000,2023-02-06T14:21:08.000000000,0.0,0,0,0.0,0,0,0.0,0,0,0.813854,1,1,0.889665,1,1,0.0,0,0,0.889665,1,1,0.0,0,0,0.0,0,0,0.0,0,0,0.0,0,0,0.079554,0,0,0.0,0,0,0.0,0,0,0.0,0,0,0.0,0,0,0.0,0,0,0.0,0,0,0.005896,0,0,0.0,0,0,0.0,0,0,1
25,2023-02-06T14:20:40.000000000,2023-02-06T14:21:38.000000000,0.0,0,0,0.0,0,0,0.0,0,0,0.813854,1,1,0.889665,1,1,0.0,0,0,0.889665,1,1,0.0,0,0,0.0,0,0,0.0,0,0,0.0,0,0,0.079554,0,0,0.0,0,0,0.0,0,0,0.0,0,0,0.0,0,0,0.0,0,0,0.0,0,0,0.005896,0,0,0.0,0,0,0.0,0,0,1
26,2023-02-06T14:21:10.000000000,2023-02-06T14:22:08.000000000,0.0,0,0,0.0,0,0,0.0,0,0,0.813854,1,1,0.889665,1,1,0.0,0,0,0.889665,1,1,0.0,0,0,0.0,0,0,0.0,0,0,0.0,0,0,0.079554,0,0,0.0,0,0,0.0,0,0,0.0,0,0,0.0,0,0,0.0,0,0,0.0,0,0,0.005896,0,0,0.0,0,0,0.0,0,0,1
27,2023-02-06T14:21:40.000000000,2023-02-06T14:22:38.000000000,0.0,0,0,0.0,0,0,0.0,0,0,0.813854,1,1,0.889665,1,1,0.0,0,0,0.889665,1,1,0.0,0,0,0.0,0,0,0.0,0,0,0.0,0,0,0.079554,0,0,0.0,0,0,0.0,0,0,0.0,0,0,0.0,0,0,0.0,0,0,0.0,0,0,0.005896,0,0,0.0,0,0,0.0,0,0,1
28,2023-02-06T14:22:10.000000000,2023-02-06T14:23:08.000000000,0.0,0,0,0.0,0,0,0.0,0,0,0.813854,1,1,0.889665,1,1,0.0,0,0,0.889665,1,1,0.0,0,0,0.0,0,0,0.0,0,0,0.0,0,0,0.079554,0,0,0.0,0,0,0.0,0,0,0.0,0,0,0.0,0,0,0.0,0,0,0.0,0,0,0.005896,0,0,0.0,0,0,0.0,0,0,1
29,2023-02-06T14:22:40.000000000,2023-02-06T14:23:38.000000000,0.0,0,0,0.0,0,0,0.0,0,0,0.813854,1,1,0.889665,1,1,0.0,0,0,0.889665,1,1,0.0,0,0,0.0,0,0,0.0,0,0,0.0,0,0,0.079554,0,0,0.0,0,0,0.0,0,0,0.0,0,0,0.0,0,0,0.0,0,0,0.0,0,0,0.005896,0,0,0.0,0,0,0.0,0,0,1
30,2023-02-06T14:23:10.000000000,2023-02-06T14:24:08.000000000,0.0,0,0,0.0,0,0,0.0,0,0,0.813854,1,1,0.889665,1,1,0.0,0,0,0.889665,1,1,0.0,0,0,0.0,0,0,0.0,0,0,0.0,0,0,0.079554,0,0,0.0,0,0,0.0,0,0,0.0,0,0,0.0,0,0,0.0,0,0,0.0,0,0,0.005896,0,0,0.0,0,0,0.0,0,0,1
31,2023-02-06T14:23:40.000000000,2023-02-06T14:24:38.000000000,0.0,0,0,0.0,0,0,0.0,0,0,0.813854,1,1,0.889665,1,1,0.0,0,0,0.889665,1,1,0.0,0,0,0.0,0,0,0.0,0,0,0.0,0,0,0.079554,0,0,0.0,0,0,0.0,0,0,0.0,0,0,0.0,0,0,0.0,0,0,0.0,0,0,0.005896,0,0,0.0,0,0,0.0,0,0,1
32,2023-02-06T14:24:10.000000000,2023-02-06T14:25:08.000000000,0.0,0,0,0.0,0,0,0.0,0,0,0.813854,1,1,0.889665,1,1,0.0,0,0,0.889665,1,1,0.0,0,0,0.0,0,0,0.0,0,0,0.0,0,0,0.079554,0,0,0.0,0,0,0.0,0,0,0.0,0,0,0.0,0,0,0.0,0,0,0.0,0,0,0.005896,0,0,0.0,0,0,0.0,0,0,1
33,2023-02-06T14:24:40.000000000,2023-02-06T14:25:38.000000000,0.0,0,0,0.0,0,0,0.0,0,0,0.813854,1,1,0.889665,1,1,0.0,0,0,0.889665,1,1,0.0,0,0,0.0,0,0,0.0,0,0,0.0,0,0,0.079554,0,0,0.0,0,0,0.0,0,0,0.0,0,0,0.0,0,0,0.0,0,0,0.0,0,0,0.005896,0,0,0.0,0,0,0.0,0,0,1
34,2023-02-06T14:25:10.000000000,2023-02-06T14:26:08.000000000,0.0,0,0,0.0,0,0,0.0,0,0,0.813854,1,1,0.889665,1,1,0.0,0,0,0.889665,1,1,0.0,0,0,0.0,0,0,0.0,0,0,0.0,0,0,0.079554,0,0,0.0,0,0,0.0,0,0,0.0,0,0,0.0,0,0,0.0,0,0,0.0,0,0,0.005896,0,0,0.0,0,0,0.0,0,0,1
35,2023-02-06T14:25:40.000000000,2023-02-06T14:26:38.000000000,0.0,0,0,0.0,0,0,0.0,0,0,0.813854,1,1,0.889665,1,1,0.0,0,0,0.889665,1,1,0.0,0,0,0.0,0,0,0.0,0,0,0.0,0,0,0.079554,0,0,0.0,0,0,0.0,0,0,0.0,0,0,0.0,0,0,0.0,0,0,0.0,0,0,0.005896,0,0,0.0,0,0,0.0,0,0,1
36,2023-02-06T14:26:10.000000000,2023-02-06T14:27:08.000000000,0.0,0,0,0.0,0,0,0.0,0,0,0.813854,1,1,0.889665,1,1,0.0,0,0,0.889665,1,1,0.0,0,0,0.0,0,0,0.0,0,0,0.0,0,0,0.079554,0,0,0.0,0,0,0.0,0,0,0.0,0,0,0.0,0,0,0.0,0,0,0.0,0,0,0.005896,0,0,0.0,0,0,0.0,0,0,1
37,2023-02-06T14:26:40.000000000,2023-02-06T14:27:38.000000000,0.0,0,0,0.0,0,0,0.0,0,0,0.813854,1,1,0.889665,1,1,0.0,0,0,0.889665,1,1,0.0,0,0,0.0,0,0,0.0,0,0,0.0,0,0,0.079554,0,0,0.0,0,0,0.0,0,0,0.0,0,0,0.0,0,0,0.0,0,0,0.0,0,0,0.005896,0,0,0.0,0,0,0.0,0,0,1
38,2023-02-06T14:27:10.000000000,2023-02-06T14:28:08.000000000,0.0,0,0,0.0,0,0,0.0,0,0,0.813854,1,1,0.889665,1,1,0.0,0,0,0.889665,1,1,0.0,0,0,0.0,0,0,0.0,0,0,0.0,0,0,0.079554,0,0,0.0,0,0,0.0,0,0,0.0,0,0,0.0,0,0,0.0,0,0,0.0,0,0,0.005896,0,0,0.0,0,0,0.0,0,0,1
39,2023-02-06T14:27:40.000000000,2023-02-06T14:28:38.000000000,0.0,0,0,0.0,0,0,0.0,0,0,0.813854,1,1,0.889665,1,1,0.0,0,0,0.889665,1,1,0.0,0,0,0.0,0,0,0.0,0,0,0.0,0,0,0.079554,0,0,0.0,0,0,0.0,0,0,0.0,0,0,0.0,0,0,0.0,0,0,0.0,0,0,0.005896,0,0,0.0,0,0,0.0,0,0,1
40,2023-02-06T14:28:10.000000000,2023-02-06T14:29:08.000000000,0.0,0,0,0.0,0,0,0.0,0,0,0.813854,1,1,0.889665,1,1,0.0,0,0,0.889665,1,1,0.0,0,0,0.0,0,0,0.0,0,0,0.0,0,0,0.079554,0,0,0.0,0,0,0.0,0,0,0.0,0,0,0.0,0,0,0.0,0,0,0.0,0,0,0.005896,0,0,0.0,0,0,0.0,0,0,1
41,2023-02-06T14:28:40.000000000,2023-02-06T14:29:38.000000000,0.0,0,0,0.0,0,0,0.0,0,0,0.813854,1,1,0.889665,1,1,0.0,0,0,0.889665,1,1,0.0,0,0,0.0,0,0,0.0,0,0,0.0,0,0,0.079554,0,0,0.0,0,0,0.0,0,0,0.0,0,0,0.0,0,0,0.0,0,0,0.0,0,0,0.005896,0,0,0.0,0,0,0.0,0,0,1
42,2023-02-06T14:29:10.000000000,2023-02-06T14:30:08.000000000,0.0,0,0,0.0,0,0,0.0,0,0,0.813854,1,1,0.889665,1,1,0.0,0,0,0.889665,1,1,0.0,0,0,0.0,0,0,0.0,0,0,0.0,0,0,0.079554,0,0,0.0,0,0,0.0,0,0,0.0,0,0,0.0,0,0,0.0,0,0,0.0,0,0,0.005896,0,0,0.0,0,0,0.0,0,0,1
43,2023-02-06T14:29:40.000000000,2023-02-06T14:30:38.000000000,0.0,0,0,0.0,0,0,0.0,0,1,0.813804,1,1,0.889625,1,1,1e-06,0,0,0.889625,1,1,0.0,0,0,0.0,0,0,0.0,0,1,0.001702,0,0,0.078666,0,0,3e-06,0,0,0.000965,0,0,0.0,0,0,0.0,0,0,0.0,0,0,0.000241,0,0,0.005784,0,0,0.0,0,0,0.000113,0,0,1
44,2023-02-06T14:30:10.000000000,2023-02-06T14:31:08.000000000,6.2e-05,0,0,4.1e-05,0,0,1.0,1,1,0.811745,1,1,0.887905,1,1,0.000867,0,0,0.887905,1,1,7.1e-05,0,0,6e-05,0,0,1.0,1,1,0.056236,0,1,0.070463,0,1,0.003444,0,1,0.069185,0,1,1e-06,0,0,1e-06,0,0,1.0,1,1,0.004177,0,1,0.005169,0,0,4e-05,0,1,0.001711,0,0,0
45,2023-02-06T14:30:40.000000000,2023-02-06T14:31:38.000000000,0.064315,0,0,0.060131,0,0,0.666667,1,1,0.835991,1,1,0.893568,1,1,0.118923,0,0,0.893568,1,1,0.056018,0,1,0.081787,0,1,1.0,1,1,0.997528,1,1,0.927161,1,1,0.991198,1,1,0.937947,1,1,0.064523,0,0,0.051218,0,0,0.333333,0,1,0.580783,1,1,0.389136,0,1,0.520631,1,1,0.385513,0,1,0
46,2023-02-06T14:31:10.000000000,2023-02-06T14:32:08.000000000,0.160093,0,0,0.110175,0,0,0.333333,0,0,0.833799,1,1,0.891593,1,1,0.120902,0,0,0.891593,1,1,1.0,1,1,1.0,1,1,0.666667,1,1,0.998614,1,1,0.930268,1,1,0.99286,1,1,0.940818,1,1,0.403599,0,0,0.468827,0,0,0.333333,0,0,0.922151,1,1,0.887152,1,1,0.540046,1,1,0.886483,1,1,1
47,2023-02-06T14:31:40.000000000,2023-02-06T14:32:38.000000000,0.001162,0,0,0.000794,0,0,1.0,1,0,0.80935,1,1,0.885801,1,1,0.002754,0,0,0.885801,1,1,0.001656,0,0,0.001227,0,0,1.0,1,1,0.073031,0,0,0.073727,0,0,0.005823,0,0,0.091215,0,0,0.989217,1,0,1.0,1,0,0.333333,0,0,0.827087,1,1,0.631836,1,1,0.877275,1,0,0.629652,1,1,1
48,2023-02-06T14:32:10.000000000,2023-02-06T14:33:08.000000000,1e-06,0,0,1e-06,0,0,1.0,1,0,0.813641,1,1,0.889496,1,1,4e-06,0,0,0.889496,1,1,0.0,0,0,0.0,0,0,0.333333,0,0,0.002609,0,0,0.078823,0,0,7e-06,0,0,0.001962,0,0,0.07002,0,0,0.080231,0,0,0.0,0,1,0.413541,0,0,0.134272,0,0,0.374191,0,0,0.129137,0,0,1
49,2023-02-06T14:32:40.000000000,2023-02-06T14:33:38.000000000,0.0,0,0,0.0,0,0,0.0,0,0,0.813854,1,1,0.889665,1,1,0.0,0,0,0.889665,1,1,0.0,0,0,0.0,0,0,0.0,0,0,0.0,0,0,0.079554,0,0,0.0,0,0,0.0,0,0,1.1e-05,0,0,1.3e-05,0,0,1.0,1,1,0.003665,0,0,0.005734,0,0,3.2e-05,0,0,0.001469,0,0,1
50,2023-02-06T14:33:10.000000000,2023-02-06T14:34:08.000000000,0.0,0,0,0.0,0,0,0.0,0,0,0.813854,1,1,0.889665,1,1,0.0,0,0,0.889665,1,1,0.0,0,0,0.0,0,0,0.0,0,0,0.0,0,0,0.079554,0,0,0.0,0,0,0.0,0,0,0.0,0,0,0.0,0,0,0.0,0,1,0.0,0,0,0.005896,0,0,0.0,0,0,0.0,0,0,1
51,2023-02-06T14:33:40.000000000,2023-02-06T14:34:38.000000000,0.0,0,0,0.0,0,0,0.0,0,0,0.813952,1,1,0.889741,1,1,3e-06,0,0,0.889741,1,1,0.0,0,0,0.0,0,0,0.0,0,0,0.002105,0,0,0.078019,0,0,5e-06,0,0,0.001668,0,0,0.0,0,0,0.0,0,0,0.333333,0,0,0.000296,0,0,0.005755,0,0,0.0,0,0,0.000142,0,0,1
52,2023-02-06T14:34:10.000000000,2023-02-06T14:35:08.000000000,9.9e-05,0,0,6.5e-05,0,0,1.0,1,0,0.815523,1,1,0.890764,1,1,0.001875,0,0,0.890764,1,1,0.000117,0,0,9.2e-05,0,0,1.0,1,0,0.063583,0,0,0.054976,0,0,0.004337,0,0,0.079277,0,0,1e-06,0,0,1e-06,0,0,1.0,1,0,0.005152,0,0,0.004676,0,0,6e-05,0,0,0.002156,0,0,0
53,2023-02-06T14:34:40.000000000,2023-02-06T14:35:38.000000000,0.089524,0,0,0.077891,0,0,0.666667,1,0,0.832521,1,1,0.890687,1,1,0.119914,0,0,0.890687,1,1,0.152662,0,0,0.169648,0,0,0.333333,0,1,0.998174,1,1,0.946559,1,1,0.98816,1,1,0.95705,1,1,0.083571,0,0,0.063057,0,1,0.333333,0,0,0.571473,1,1,0.393098,0,0,0.489389,0,0,0.389498,0,0,0
54,2023-02-06T14:35:10.000000000,2023-02-06T14:36:08.000000000,0.151198,0,0,0.105428,0,0,0.333333,0,0,0.829957,1,1,0.888642,1,1,0.119914,0,0,0.888642,1,1,0.935321,1,1,0.906294,1,1,0.666667,1,1,0.998174,1,1,0.946559,1,1,0.98816,1,1,0.95705,1,1,0.423164,0,1,0.509475,1,1,0.333333,0,0,0.953549,1,1,0.92285,1,1,0.557665,1,1,0.922392,1,1,1
55,2023-02-06T14:35:40.000000000,2023-02-06T14:36:38.000000000,0.000789,0,0,0.000485,0,0,1.0,1,1,0.812731,1,1,0.888565,1,1,0.001875,0,0,0.888565,1,1,0.001096,0,1,0.00089,0,1,1.0,1,1,0.063583,0,1,0.054976,0,1,0.004337,0,1,0.079277,0,1,1.0,1,1,0.980166,1,1,0.333333,0,0,0.804551,1,1,0.595977,1,1,0.872977,1,1,0.59358,1,1,1
56,2023-02-06T14:36:10.000000000,2023-02-06T14:37:08.000000000,0.0,0,0,0.0,0,0,1.0,1,1,0.813757,1,1,0.889588,1,1,3e-06,0,0,0.889588,1,1,0.0,0,0,0.0,0,0,0.0,0,1,0.002105,0,0,0.078019,0,0,5e-06,0,0,0.001668,0,0,0.018115,0,1,0.020619,0,1,0.0,0,0,0.254187,0,1,0.067473,0,1,0.146001,0,1,0.073484,0,1,1
57,2023-02-06T14:36:40.000000000,2023-02-06T14:37:38.000000000,0.0,0,0,0.0,0,0,0.0,0,0,0.813854,1,1,0.889665,1,1,0.0,0,0,0.889665,1,1,0.0,0,0,0.0,0,0,0.0,0,0,0.0,0,0,0.079554,0,0,0.0,0,0,0.0,0,0,6e-06,0,0,9e-06,0,0,1.0,1,0,0.003237,0,0,0.006066,0,0,2.5e-05,0,0,0.001289,0,0,1
58,2023-02-06T14:37:10.000000000,2023-02-06T14:38:08.000000000,0.0,0,0,0.0,0,0,0.0,0,0,0.813854,1,1,0.889665,1,1,0.0,0,0,0.889665,1,1,0.0,0,0,0.0,0,0,0.0,0,0,0.0,0,0,0.079554,0,0,0.0,0,0,0.0,0,0,0.0,0,0,0.0,0,0,0.0,0,0,0.0,0,0,0.005896,0,0,0.0,0,0,0.0,0,0,1
59,2023-02-06T14:37:40.000000000,2023-02-06T14:38:38.000000000,0.0,0,0,0.0,0,0,0.0,0,0,0.813854,1,1,0.889665,1,1,0.0,0,0,0.889665,1,1,0.0,0,0,0.0,0,0,0.0,0,0,0.0,0,0,0.079554,0,0,0.0,0,0,0.0,0,0,0.0,0,0,0.0,0,0,0.0,0,0,0.0,0,0,0.005896,0,0,0.0,0,0,0.0,0,0,1
60,2023-02-06T14:38:10.000000000,2023-02-06T14:39:08.000000000,0.0,0,0,0.0,0,0,0.0,0,0,0.813854,1,1,0.889665,1,1,0.0,0,0,0.889665,1,1,0.0,0,0,0.0,0,0,0.0,0,0,0.0,0,0,0.079554,0,0,0.0,0,0,0.0,0,0,0.0,0,0,0.0,0,0,0.0,0,0,0.0,0,0,0.005896,0,0,0.0,0,0,0.0,0,0,1
61,2023-02-06T14:38:40.000000000,2023-02-06T14:39:38.000000000,0.0,0,0,0.0,0,0,0.0,0,0,0.813854,1,1,0.889665,1,1,0.0,0,0,0.889665,1,1,0.0,0,0,0.0,0,0,0.0,0,0,0.0,0,0,0.079554,0,0,0.0,0,0,0.0,0,0,0.0,0,0,0.0,0,0,0.0,0,0,0.0,0,0,0.005896,0,0,0.0,0,0,0.0,0,0,1
62,2023-02-06T14:39:10.000000000,2023-02-06T14:40:08.000000000,0.0,0,0,0.0,0,0,0.0,0,0,0.813854,1,1,0.889665,1,1,0.0,0,0,0.889665,1,1,0.0,0,0,0.0,0,0,0.0,0,0,0.0,0,0,0.079554,0,0,0.0,0,0,0.0,0,0,0.0,0,0,0.0,0,0,0.0,0,0,0.0,0,0,0.005896,0,0,0.0,0,0,0.0,0,0,1
63,2023-02-06T14:39:40.000000000,2023-02-06T14:40:38.000000000,0.0,0,0,0.0,0,0,0.0,0,0,0.813854,1,1,0.889665,1,1,0.0,0,0,0.889665,1,1,0.0,0,0,0.0,0,0,0.0,0,0,0.0,0,0,0.079554,0,0,0.0,0,0,0.0,0,0,0.0,0,0,0.0,0,0,0.0,0,0,0.0,0,0,0.005896,0,0,0.0,0,0,0.0,0,0,1
64,2023-02-06T14:40:10.000000000,2023-02-06T14:41:08.000000000,0.0,0,0,0.0,0,0,0.0,0,0,0.813854,1,1,0.889665,1,1,0.0,0,0,0.889665,1,1,0.0,0,0,0.0,0,0,0.0,0,0,0.0,0,0,0.079554,0,0,0.0,0,0,0.0,0,0,0.0,0,0,0.0,0,0,0.0,0,0,0.0,0,0,0.005896,0,0,0.0,0,0,0.0,0,0,1
65,2023-02-06T14:40:40.000000000,2023-02-06T14:41:38.000000000,0.0,0,0,0.0,0,0,0.0,0,0,0.813854,1,1,0.889665,1,1,0.0,0,0,0.889665,1,1,0.0,0,0,0.0,0,0,0.0,0,0,0.0,0,0,0.079554,0,0,0.0,0,0,0.0,0,0,0.0,0,0,0.0,0,0,0.0,0,0,0.0,0,0,0.005896,0,0,0.0,0,0,0.0,0,0,1
66,2023-02-06T14:41:10.000000000,2023-02-06T14:42:08.000000000,0.0,0,0,0.0,0,0,0.0,0,0,0.813854,1,1,0.889665,1,1,0.0,0,0,0.889665,1,1,0.0,0,0,0.0,0,0,0.0,0,0,0.0,0,0,0.079554,0,0,0.0,0,0,0.0,0,0,0.0,0,0,0.0,0,0,0.0,0,0,0.0,0,0,0.005896,0,0,0.0,0,0,0.0,0,0,1
67,2023-02-06T14:41:40.000000000,2023-02-06T14:42:38.000000000,0.0,0,0,0.0,0,0,0.0,0,0,0.813854,1,1,0.889665,1,1,0.0,0,0,0.889665,1,1,0.0,0,0,0.0,0,0,0.0,0,0,0.0,0,0,0.079554,0,0,0.0,0,0,0.0,0,0,0.0,0,0,0.0,0,0,0.0,0,0,0.0,0,0,0.005896,0,0,0.0,0,0,0.0,0,0,1
68,2023-02-06T14:42:10.000000000,2023-02-06T14:43:08.000000000,0.0,0,0,0.0,0,0,0.0,0,0,0.813854,1,1,0.889665,1,1,0.0,0,0,0.889665,1,1,0.0,0,0,0.0,0,0,0.0,0,0,0.0,0,0,0.079554,0,0,0.0,0,0,0.0,0,0,0.0,0,0,0.0,0,0,0.0,0,0,0.0,0,0,0.005896,0,0,0.0,0,0,0.0,0,0,1
69,2023-02-06T14:42:40.000000000,2023-02-06T14:43:38.000000000,0.0,0,0,0.0,0,0,0.0,0,0,0.813854,1,1,0.889665,1,1,0.0,0,0,0.889665,1,1,0.0,0,0,0.0,0,0,0.0,0,0,0.0,0,0,0.079554,0,0,0.0,0,0,0.0,0,0,0.0,0,0,0.0,0,0,0.0,0,0,0.0,0,0,0.005896,0,0,0.0,0,0,0.0,0,0,1
70,2023-02-06T14:43:10.000000000,2023-02-06T14:44:08.000000000,0.0,0,0,0.0,0,0,0.0,0,0,0.813854,1,1,0.889665,1,1,0.0,0,0,0.889665,1,1,0.0,0,0,0.0,0,0,0.0,0,0,0.0,0,0,0.079554,0,0,0.0,0,0,0.0,0,0,0.0,0,0,0.0,0,0,0.0,0,0,0.0,0,0,0.005896,0,0,0.0,0,0,0.0,0,0,1
71,2023-02-06T14:43:40.000000000,2023-02-06T14:44:38.000000000,0.0,0,0,0.0,0,0,0.0,0,0,0.813854,1,1,0.889665,1,1,0.0,0,0,0.889665,1,1,0.0,0,0,0.0,0,0,0.0,0,0,0.0,0,0,0.079554,0,0,0.0,0,0,0.0,0,0,0.0,0,0,0.0,0,0,0.0,0,0,0.0,0,0,0.005896,0,0,0.0,0,0,0.0,0,0,1
72,2023-02-06T14:44:10.000000000,2023-02-06T14:45:08.000000000,0.0,0,0,0.0,0,0,0.0,0,0,0.813854,1,1,0.889665,1,1,0.0,0,0,0.889665,1,1,0.0,0,0,0.0,0,0,0.0,0,0,0.0,0,0,0.079554,0,0,0.0,0,0,0.0,0,0,0.0,0,0,0.0,0,0,0.0,0,0,0.0,0,0,0.005896,0,0,0.0,0,0,0.0,0,0,1
73,2023-02-06T14:44:40.000000000,2023-02-06T14:45:38.000000000,0.0,0,0,0.0,0,0,0.0,0,0,0.813854,1,1,0.889665,1,1,0.0,0,0,0.889665,1,1,0.0,0,0,0.0,0,0,0.0,0,0,0.0,0,0,0.079554,0,0,0.0,0,0,0.0,0,0,0.0,0,0,0.0,0,0,0.0,0,0,0.0,0,0,0.005896,0,0,0.0,0,0,0.0,0,0,1
74,2023-02-06T14:45:10.000000000,2023-02-06T14:46:08.000000000,0.0,0,0,0.0,0,0,0.0,0,0,0.813854,1,1,0.889665,1,1,0.0,0,0,0.889665,1,1,0.0,0,0,0.0,0,0,0.0,0,0,0.0,0,0,0.079554,0,0,0.0,0,0,0.0,0,0,0.0,0,0,0.0,0,0,0.0,0,0,0.0,0,0,0.005896,0,0,0.0,0,0,0.0,0,0,1
75,2023-02-06T14:45:40.000000000,2023-02-06T14:46:38.000000000,0.0,0,0,0.0,0,0,0.0,0,0,0.813854,1,1,0.889665,1,1,0.0,0,0,0.889665,1,1,0.0,0,0,0.0,0,0,0.0,0,0,0.0,0,0,0.079554,0,0,0.0,0,0,0.0,0,0,0.0,0,0,0.0,0,0,0.0,0,0,0.0,0,0,0.005896,0,0,0.0,0,0,0.0,0,0,1
76,2023-02-06T14:46:10.000000000,2023-02-06T14:47:08.000000000,0.0,0,0,0.0,0,0,0.0,0,0,0.813854,1,1,0.889665,1,1,0.0,0,0,0.889665,1,1,0.0,0,0,0.0,0,0,0.0,0,0,0.0,0,0,0.079554,0,0,0.0,0,0,0.0,0,0,0.0,0,0,0.0,0,0,0.0,0,0,0.0,0,0,0.005896,0,0,0.0,0,0,0.0,0,0,1
77,2023-02-06T14:46:40.000000000,2023-02-06T14:47:38.000000000,0.0,0,0,0.0,0,0,0.0,0,0,0.813854,1,1,0.889665,1,1,0.0,0,0,0.889665,1,1,0.0,0,0,0.0,0,0,0.0,0,0,0.0,0,0,0.079554,0,0,0.0,0,0,0.0,0,0,0.0,0,0,0.0,0,0,0.0,0,0,0.0,0,0,0.005896,0,0,0.0,0,0,0.0,0,0,1
78,2023-02-06T14:47:10.000000000,2023-02-06T14:48:08.000000000,0.0,0,0,0.0,0,0,0.0,0,0,0.813854,1,1,0.889665,1,1,0.0,0,0,0.889665,1,1,0.0,0,0,0.0,0,0,0.0,0,0,0.0,0,0,0.079554,0,0,0.0,0,0,0.0,0,0,0.0,0,0,0.0,0,0,0.0,0,0,0.0,0,0,0.005896,0,0,0.0,0,0,0.0,0,0,1
79,2023-02-06T14:47:40.000000000,2023-02-06T14:48:38.000000000,0.0,0,0,0.0,0,0,0.0,0,1,0.813854,1,1,0.889665,1,1,0.0,0,0,0.889665,1,1,0.0,0,0,0.0,0,0,0.0,0,0,0.0,0,0,0.079554,0,0,0.0,0,0,0.0,0,0,0.0,0,0,0.0,0,0,0.0,0,0,0.0,0,0,0.005896,0,0,0.0,0,0,0.0,0,0,1
80,2023-02-06T14:48:10.000000000,2023-02-06T14:49:08.000000000,1e-06,0,0,1e-06,0,0,1.0,1,1,0.81446,1,1,0.890137,1,1,4.5e-05,0,0,0.890137,1,1,0.0,0,0,0.0,0,0,0.0,0,0,0.0,0,0,0.079554,0,0,0.0,0,0,0.0,0,0,0.0,0,0,0.0,0,0,0.333333,0,0,0.000641,0,0,0.005606,0,0,1e-06,0,0,0.000292,0,0,0
81,2023-02-06T14:48:40.000000000,2023-02-06T14:49:38.000000000,0.001162,0,0,0.000712,0,0,1.0,1,1,0.774295,1,1,0.852041,1,1,0.054564,0,0,0.852041,1,1,0.0,0,0,0.0,0,0,0.0,0,0,0.0,0,0,0.079554,0,0,0.0,0,0,0.0,0,0,2.4e-05,0,0,2.9e-05,0,0,1.0,1,1,0.160247,0,0,0.073333,0,0,0.052245,0,0,0.067837,0,0,0
82,2023-02-06T14:49:10.000000000,2023-02-06T14:50:08.000000000,0.160228,0,0,0.110225,0,0,0.333333,0,1,0.830059,1,1,0.888527,1,1,0.121626,0,0,0.888527,1,1,0.0,0,0,0.0,0,0,0.0,0,0,0.0,0,0,0.079554,0,0,0.0,0,0,0.0,0,0,0.205374,0,0,0.166783,0,0,0.333333,0,1,0.62548,1,0,0.503388,1,0,0.457188,0,0,0.500442,1,0,0
83,2023-02-06T14:49:40.000000000,2023-02-06T14:50:38.000000000,0.064315,0,0,0.060042,0,0,0.666667,1,1,0.869467,1,1,0.927288,1,1,0.055695,0,0,0.927288,1,1,0.0,0,0,0.0,0,0,0.0,0,0,0.0,0,0,0.079554,0,0,0.0,0,0,0.0,0,0,0.392827,0,1,0.448127,0,1,0.333333,0,0,0.988206,1,1,0.935628,1,1,0.672382,1,1,0.935246,1,1,1
84,2023-02-06T14:50:10.000000000,2023-02-06T14:51:08.000000000,6.2e-05,0,0,4.2e-05,0,0,1.0,1,1,0.814717,1,1,0.89033,1,1,0.000122,0,0,0.89033,1,1,0.0,0,0,0.0,0,0,0.0,0,0,0.0,0,0,0.079554,0,0,0.0,0,0,0.0,0,0,0.767929,1,1,0.895275,1,1,0.333333,0,1,0.781897,1,1,0.506356,1,1,0.973554,1,1,0.503428,1,1,1
85,2023-02-06T14:50:40.000000000,2023-02-06T14:51:38.000000000,0.0,0,0,0.0,0,0,0.0,0,1,0.813854,1,1,0.889665,1,1,0.0,0,0,0.889665,1,1,0.0,0,0,0.0,0,0,0.0,0,0,0.0,0,0,0.079554,0,0,0.0,0,0,0.0,0,0,0.000348,0,1,0.000371,0,1,1.0,1,1,0.018944,0,1,0.006239,0,1,0.000851,0,1,0.008711,0,1,1
86,2023-02-06T14:51:10.000000000,2023-02-06T14:52:08.000000000,0.0,0,0,0.0,0,0,0.0,0,0,0.813854,1,1,0.889665,1,1,0.0,0,0,0.889665,1,1,0.0,0,0,0.0,0,0,0.0,0,0,0.0,0,0,0.079554,0,0,0.0,0,0,0.0,0,0,0.0,0,0,0.0,0,0,0.333333,0,1,0.000858,0,0,0.005746,0,0,2e-06,0,0,0.00025,0,0,1
87,2023-02-06T14:51:40.000000000,2023-02-06T14:52:38.000000000,0.0,0,0,0.0,0,0,0.0,0,0,0.813854,1,1,0.889665,1,1,0.0,0,0,0.889665,1,1,0.0,0,0,0.0,0,0,0.0,0,0,0.0,0,0,0.079554,0,0,0.0,0,0,0.0,0,0,0.0,0,0,0.0,0,0,0.0,0,0,0.0,0,0,0.005896,0,0,0.0,0,0,0.0,0,0,1
88,2023-02-06T14:52:10.000000000,2023-02-06T14:53:08.000000000,0.0,0,0,0.0,0,0,0.333333,0,1,0.813922,1,1,0.889718,1,1,5e-06,0,0,0.889718,1,1,0.0,0,0,0.0,0,0,0.0,0,1,0.004116,0,0,0.080485,0,0,1.8e-05,0,0,0.003563,0,0,0.0,0,0,0.0,0,0,0.333333,0,1,0.000305,0,0,0.005731,0,0,0.0,0,0,0.000166,0,0,1
89,2023-02-06T14:52:40.000000000,2023-02-06T14:53:38.000000000,0.000235,0,0,0.000156,0,0,1.0,1,1,0.815191,1,1,0.890243,1,1,0.004133,0,0,0.890243,1,1,0.000472,0,1,0.000372,0,1,1.0,1,1,0.102025,0,1,0.110914,0,1,0.011242,0,1,0.129322,0,1,3e-06,0,0,4e-06,0,0,1.0,1,1,0.028096,0,1,0.011951,0,0,0.001802,0,0,0.008133,0,0,0
90,2023-02-06T14:53:10.000000000,2023-02-06T14:54:08.000000000,0.104775,0,0,0.103666,0,0,0.666667,1,1,0.829438,1,1,0.888114,1,1,0.120914,0,0,0.888114,1,1,0.532343,1,1,0.578289,1,1,0.666667,1,1,0.999406,1,1,0.907765,1,1,0.999642,1,1,0.933434,1,1,0.13033,0,0,0.091826,0,1,0.333333,0,1,0.583597,1,1,0.41406,0,1,0.490903,0,0,0.410584,0,1,0
91,2023-02-06T14:53:40.000000000,2023-02-06T14:54:38.000000000,0.137746,0,0,0.131632,0,0,0.333333,0,0,0.830139,1,1,0.889046,1,1,0.117664,0,0,0.889046,1,1,0.34038,0,1,0.39232,0,1,0.333333,0,0,0.994982,1,1,0.889086,1,1,0.99409,1,1,0.960266,1,1,0.4552,0,0,0.555696,1,1,0.333333,0,0,0.997722,1,1,1.0,1,1,0.481767,0,0,1.0,1,1,1
92,2023-02-06T14:54:10.000000000,2023-02-06T14:55:08.000000000,0.000353,0,0,0.000231,0,0,1.0,1,0,0.815882,1,1,0.891162,1,1,0.000862,0,0,0.891162,1,1,0.000302,0,0,0.000245,0,0,1.0,1,0,0.0396,0,1,0.091304,0,1,0.001695,0,1,0.047459,0,1,0.850878,1,0,0.878134,1,1,0.333333,0,0,0.81074,1,1,0.592741,1,1,0.903921,1,0,0.590325,1,1,1
93,2023-02-06T14:54:40.000000000,2023-02-06T14:55:38.000000000,0.0,0,0,0.0,0,0,0.0,0,0,0.813904,1,1,0.889704,1,1,1e-06,0,0,0.889704,1,1,0.0,0,0,0.0,0,0,0.0,0,0,0.0,0,0,0.079554,0,0,0.0,0,0,0.0,0,0,0.001577,0,0,0.001753,0,0,1.0,1,1,0.040602,0,0,0.0,0,0,0.003843,0,0,0.017936,0,0,1
94,2023-02-06T14:55:10.000000000,2023-02-06T14:56:08.000000000,0.0,0,0,0.0,0,0,0.0,0,0,0.813854,1,1,0.889665,1,1,0.0,0,0,0.889665,1,1,0.0,0,0,0.0,0,0,0.0,0,0,0.0,0,0,0.079554,0,0,0.0,0,0,0.0,0,0,2e-06,0,0,3e-06,0,0,1.0,1,1,0.001951,0,0,0.005315,0,0,8e-06,0,0,0.000687,0,0,1
95,2023-02-06T14:55:40.000000000,2023-02-06T14:56:38.000000000,0.0,0,0,0.0,0,0,0.0,0,0,0.813854,1,1,0.889665,1,1,0.0,0,0,0.889665,1,1,0.0,0,0,0.0,0,0,0.0,0,0,0.0,0,0,0.079554,0,0,0.0,0,0,0.0,0,0,0.0,0,0,0.0,0,0,0.0,0,1,0.0,0,0,0.005896,0,0,0.0,0,0,0.0,0,0,1
96,2023-02-06T14:56:10.000000000,2023-02-06T14:57:08.000000000,0.0,0,0,0.0,0,0,0.0,0,0,0.813854,1,1,0.889665,1,1,0.0,0,0,0.889665,1,1,0.0,0,0,0.0,0,0,0.0,0,0,0.0,0,0,0.079554,0,0,0.0,0,0,0.0,0,0,0.0,0,0,0.0,0,0,0.0,0,0,0.0,0,0,0.005896,0,0,0.0,0,0,0.0,0,0,1
97,2023-02-06T14:56:40.000000000,2023-02-06T14:57:38.000000000,0.0,0,0,1e-06,0,0,1.0,1,0,0.813729,1,1,0.88956,1,1,5.4e-05,0,0,0.88956,1,1,0.0,0,0,0.0,0,0,0.0,0,0,0.007857,0,0,0.075579,0,0,6.5e-05,0,0,0.007885,0,0,0.0,0,0,0.0,0,0,0.333333,0,0,0.000579,0,0,0.005581,0,0,1e-06,0,0,0.000317,0,0,1
98,2023-02-06T14:57:10.000000000,2023-02-06T14:58:08.000000000,0.001728,0,1,0.001115,0,0,1.0,1,0,0.762917,1,1,0.827794,1,1,0.180415,0,0,0.827794,1,1,0.001096,0,0,0.00083,0,0,1.0,1,1,0.182056,0,0,0.0,0,0,0.035369,0,0,0.225627,0,0,1.4e-05,0,0,1.6e-05,0,0,1.0,1,0,0.099507,0,1,0.042403,0,0,0.020946,0,0,0.036724,0,0,0
99,2023-02-06T14:57:40.000000000,2023-02-06T14:58:38.000000000,0.571542,1,1,0.388749,0,0,0.333333,0,0,0.8766,1,1,0.891319,1,1,0.425576,0,0,0.891319,1,1,0.935321,1,1,0.910718,1,1,0.666667,1,1,0.999873,1,1,0.93465,1,1,0.994611,1,1,0.929001,1,1,0.168893,0,0,0.120944,0,0,0.333333,0,0,0.579482,1,1,0.441408,0,1,0.435691,0,1,0.438095,0,1,0
100,2023-02-06T14:58:10.000000000,2023-02-06T14:59:08.000000000,0.33372,0,0,0.301084,0,0,0.666667,1,1,0.92189,1,1,0.951637,1,1,0.214829,0,0,0.951637,1,1,0.173597,0,0,0.188086,0,0,0.333333,0,0,0.983491,1,1,1.0,1,1,0.943597,1,1,1.0,1,1,0.403574,0,1,0.458458,0,1,0.333333,0,0,0.953314,1,1,0.907946,1,1,0.608143,1,1,0.9074,1,1,1
101,2023-02-06T14:58:40.000000000,2023-02-06T14:59:38.000000000,0.00033,0,0,0.000225,0,0,1.0,1,1,0.81201,1,1,0.888114,1,1,0.000858,0,0,0.888114,1,1,0.000117,0,0,0.000102,0,0,1.0,1,1,0.024302,0,1,0.069325,0,1,0.000631,0,1,0.027858,0,1,0.67679,1,1,0.842581,1,1,0.333333,0,0,0.763802,1,1,0.512115,1,1,0.896213,1,1,0.509221,1,1,1
102,2023-02-06T14:59:10.000000000,2023-02-06T15:00:08.000000000,0.0,0,0,0.0,0,0,0.0,0,1,0.813724,1,1,0.889562,1,1,1e-06,0,0,0.889562,1,1,0.0,0,0,0.0,0,0,0.0,0,1,0.0,0,0,0.079554,0,0,0.0,0,0,0.0,0,0,0.000478,0,1,0.000547,0,1,1.0,1,0,0.022017,0,1,0.008695,0,1,0.001135,0,1,0.010221,0,1,1
103,2023-02-06T14:59:40.000000000,2023-02-06T15:00:38.000000000,0.0,0,0,0.0,0,0,0.0,0,1,0.813902,1,1,0.889702,1,1,0.0,0,0,0.889702,1,1,0.0,0,0,0.0,0,0,0.0,0,1,0.0,0,0,0.079554,0,0,0.0,0,0,0.0,0,0,0.0,0,0,0.0,0,0,0.333333,0,0,0.000937,0,0,0.00581,0,0,2e-06,0,0,0.000331,0,0,1
104,2023-02-06T15:00:10.000000000,2023-02-06T15:01:08.000000000,1.7e-05,0,0,1.3e-05,0,0,1.0,1,1,0.813447,1,1,0.889291,1,1,0.000464,0,0,0.889291,1,1,2e-06,0,0,4e-06,0,0,1.0,1,1,0.021208,0,1,0.075519,0,1,0.000489,0,1,0.023821,0,1,0.0,0,0,0.0,0,0,0.333333,0,0,0.001353,0,0,0.005512,0,0,4e-06,0,0,0.000521,0,0,1
105,2023-02-06T15:00:40.000000000,2023-02-06T15:01:38.000000000,0.018084,0,0,0.019358,0,0,1.0,1,1,0.749026,1,1,0.814764,1,1,0.195429,0,0,0.814764,1,1,0.005304,0,0,0.003971,0,0,1.0,1,1,0.97218,1,1,0.922371,1,1,0.937727,1,1,0.915661,1,1,0.001762,0,0,0.002222,0,0,0.333333,0,0,0.323918,0,1,0.17929,0,0,0.191642,0,1,0.174423,0,0,1
106,2023-02-06T15:01:10.000000000,2023-02-06T15:02:08.000000000,0.828526,1,1,0.832483,1,1,0.666667,1,1,0.838647,1,1,0.855563,1,1,0.46358,0,0,0.855563,1,1,0.71426,1,1,0.840323,1,1,0.333333,0,0,0.99993,1,1,0.925736,1,1,0.996762,1,1,0.923345,1,1,0.443654,0,0,0.488926,0,0,0.333333,0,0,0.609953,1,1,0.421749,0,0,0.55345,1,1,0.41832,0,0,1
107,2023-02-06T15:01:40.000000000,2023-02-06T15:02:38.000000000,0.10634,0,1,0.099265,0,1,1.0,1,1,0.897754,1,1,0.928943,1,1,0.244612,0,0,0.928943,1,1,0.011625,0,1,0.008244,0,1,1.0,1,0,0.235083,0,0,0.077629,0,0,0.060383,0,0,0.276229,0,0,0.287899,0,0,0.309423,0,0,0.333333,0,0,0.516876,1,1,0.247983,0,0,0.52209,1,1,0.243522,0,0,1
108,2023-02-06T15:02:10.000000000,2023-02-06T15:03:08.000000000,0.000124,0,0,8.6e-05,0,0,1.0,1,0,0.812505,1,1,0.888555,1,1,0.000413,0,0,0.888555,1,1,1.1e-05,0,0,1.2e-05,0,0,1.0,1,0,0.009428,0,0,0.078299,0,0,9.7e-05,0,0,0.009602,0,0,3e-05,0,0,3.4e-05,0,0,1.0,1,0,0.006206,0,0,0.005881,0,0,9.1e-05,0,0,0.002686,0,0,1
109,2023-02-06T15:02:40.000000000,2023-02-06T15:03:38.000000000,0.0,0,0,0.0,0,0,0.0,0,0,0.813854,1,1,0.889665,1,1,0.0,0,0,0.889665,1,1,0.0,0,0,0.0,0,0,0.0,0,0,0.0,0,0,0.079554,0,0,0.0,0,0,0.0,0,0,0.0,0,0,0.0,0,0,0.0,0,0,0.0,0,0,0.005896,0,0,0.0,0,0,0.0,0,0,1
110,2023-02-06T15:03:10.000000000,2023-02-06T15:04:08.000000000,0.0,0,0,0.0,0,0,0.0,0,0,0.813854,1,1,0.889665,1,1,0.0,0,0,0.889665,1,1,0.0,0,0,0.0,0,0,0.0,0,0,0.0,0,0,0.079554,0,0,0.0,0,0,0.0,0,0,0.0,0,0,0.0,0,0,0.0,0,0,0.0,0,0,0.005896,0,0,0.0,0,0,0.0,0,0,1
111,2023-02-06T15:03:40.000000000,2023-02-06T15:04:38.000000000,0.0,0,0,0.0,0,0,0.0,0,0,0.813854,1,1,0.889665,1,1,0.0,0,0,0.889665,1,1,0.0,0,0,0.0,0,0,0.0,0,0,0.0,0,0,0.079554,0,0,0.0,0,0,0.0,0,0,0.0,0,0,0.0,0,0,0.0,0,0,0.0,0,0,0.005896,0,0,0.0,0,0,0.0,0,0,1
112,2023-02-06T15:04:10.000000000,2023-02-06T15:05:08.000000000,0.0,0,0,0.0,0,0,0.0,0,0,0.813854,1,1,0.889665,1,1,0.0,0,0,0.889665,1,1,0.0,0,0,0.0,0,0,0.0,0,0,0.0,0,0,0.079554,0,0,0.0,0,0,0.0,0,0,0.0,0,0,0.0,0,0,0.0,0,0,0.0,0,0,0.005896,0,0,0.0,0,0,0.0,0,0,1
113,2023-02-06T15:04:40.000000000,2023-02-06T15:05:38.000000000,0.0,0,0,1e-06,0,0,1.0,1,1,0.813729,1,1,0.88956,1,1,5.4e-05,0,0,0.88956,1,1,0.0,0,0,0.0,0,0,0.333333,0,1,0.009428,0,0,0.078299,0,0,9.7e-05,0,0,0.009602,0,0,0.0,0,0,0.0,0,0,0.333333,0,1,0.000539,0,0,0.005601,0,0,1e-06,0,0,0.000297,0,0,1
114,2023-02-06T15:05:10.000000000,2023-02-06T15:06:08.000000000,0.001882,0,1,0.00122,0,0,1.0,1,1,0.763166,1,1,0.827297,1,1,0.186129,0,0,0.827297,1,1,0.001656,0,1,0.001296,0,1,1.0,1,1,0.235083,0,1,0.077629,0,1,0.060383,0,1,0.276229,0,1,9e-06,0,0,1.1e-05,0,0,1.0,1,1,0.093414,0,1,0.039214,0,0,0.018581,0,0,0.033515,0,0,0
115,2023-02-06T15:05:40.000000000,2023-02-06T15:06:38.000000000,0.554313,1,1,0.384719,0,0,0.333333,0,0,0.840211,1,1,0.857062,1,1,0.461861,0,0,0.857062,1,1,1.0,1,1,0.964451,1,1,0.666667,1,1,0.99993,1,1,0.925736,1,1,0.996762,1,1,0.923345,1,1,0.159878,0,0,0.11193,0,0,0.333333,0,1,0.621209,1,1,0.475476,0,1,0.495876,0,0,0.472365,0,1,0
116,2023-02-06T15:06:10.000000000,2023-02-06T15:07:08.000000000,0.534161,1,1,0.431867,0,0,0.666667,1,1,0.885165,1,1,0.91659,1,1,0.264257,0,0,0.91659,1,1,0.115659,0,1,0.128011,0,1,0.0,0,1,0.97218,1,1,0.922371,1,1,0.937727,1,1,0.915661,1,1,0.412934,0,0,0.477403,0,0,0.333333,0,0,0.969257,1,1,0.936871,1,1,0.580028,1,1,0.936497,1,1,1
117,2023-02-06T15:06:40.000000000,2023-02-06T15:07:38.000000000,0.001195,0,1,0.0008,0,0,1.0,1,1,0.810626,1,1,0.886787,1,1,0.002922,0,0,0.886787,1,1,7.1e-05,0,0,5.7e-05,0,0,1.0,1,0,0.021208,0,1,0.075519,0,1,0.000489,0,1,0.023821,0,1,0.654289,1,0,0.810254,1,0,0.333333,0,0,0.750187,1,1,0.503792,1,1,0.86322,1,1,0.500849,1,1,1
118,2023-02-06T15:07:10.000000000,2023-02-06T15:08:08.000000000,0.0,0,0,0.0,0,0,0.0,0,1,0.813674,1,1,0.889523,1,1,3e-06,0,0,0.889523,1,1,0.0,0,0,0.0,0,0,0.0,0,0,0.0,0,0,0.079554,0,0,0.0,0,0,0.0,0,0,0.000471,0,0,0.000539,0,0,1.0,1,0,0.022308,0,0,0.008725,0,0,0.001165,0,0,0.010282,0,0,1
119,2023-02-06T15:07:40.000000000,2023-02-06T15:08:38.000000000,0.0,0,0,0.0,0,0,0.0,0,1,0.813902,1,1,0.889702,1,1,0.0,0,0,0.889702,1,1,0.0,0,0,0.0,0,0,0.0,0,0,0.0,0,0,0.079554,0,0,0.0,0,0,0.0,0,0,0.0,0,0,0.0,0,0,0.333333,0,0,0.000925,0,0,0.005808,0,0,2e-06,0,0,0.000328,0,0,1
120,2023-02-06T15:08:10.000000000,2023-02-06T15:09:08.000000000,1.7e-05,0,0,1.3e-05,0,0,1.0,1,1,0.813388,1,1,0.889254,1,1,0.000384,0,0,0.889254,1,1,0.0,0,0,0.0,0,0,0.0,0,0,0.0,0,0,0.079554,0,0,0.0,0,0,0.0,0,0,0.0,0,0,0.0,0,0,0.333333,0,0,0.001254,0,0,0.005502,0,0,3e-06,0,0,0.000492,0,0,1
121,2023-02-06T15:08:40.000000000,2023-02-06T15:09:38.000000000,0.014746,0,0,0.016958,0,0,1.0,1,1,0.749521,1,1,0.814875,1,1,0.197762,0,0,0.814875,1,1,0.0,0,0,0.0,0,0,0.0,0,0,0.0,0,0,0.079554,0,0,0.0,0,0,0.0,0,0,0.002321,0,0,0.002814,0,0,0.333333,0,0,0.339663,0,0,0.18952,0,0,0.209474,0,0,0.184713,0,0,1
122,2023-02-06T15:09:10.000000000,2023-02-06T15:10:08.000000000,1.0,1,0,1.0,1,0,0.333333,0,0,0.945049,1,1,0.926388,1,1,0.617496,1,0,0.926388,1,1,0.0,0,0,0.0,0,0,0.0,0,0,0.0,0,0,0.079554,0,0,0.0,0,0,0.0,0,0,0.432207,0,0,0.457065,0,0,0.333333,0,0,0.606272,1,0,0.425525,0,0,0.536837,1,0,0.422118,0,0,1
123,2023-02-06T15:09:40.000000000,2023-02-06T15:10:38.000000000,0.153873,0,0,0.114256,0,0,0.333333,0,1,1.0,1,1,1.0,1,1,0.35328,0,0,1.0,1,1,0.0,0,0,0.0,0,0,0.0,0,0,0.0,0,0,0.079554,0,0,0.0,0,0,0.0,0,0,0.26738,0,0,0.286311,0,0,0.333333,0,0,0.502225,1,0,0.241523,0,0,0.492552,0,0,0.237024,0,0,1
124,2023-02-06T15:10:10.000000000,2023-02-06T15:11:08.000000000,4e-05,0,0,2.8e-05,0,0,1.0,1,1,0.812943,1,1,0.888936,1,1,0.0001,0,1,0.888936,1,1,0.0,0,0,0.0,0,0,0.0,0,0,0.0,0,0,0.079554,0,0,0.0,0,0,0.0,0,0,2.6e-05,0,0,2.9e-05,0,0,1.0,1,1,0.005755,0,0,0.005882,0,0,7.9e-05,0,0,0.002494,0,0,1
