segment_idx,segment_start,segment_end,m2_speed_psd_peak_baseband,m2_speed_psd_peak_original_bits,m2_speed_psd_peak_fsk_recovered,m2_speed_psd_mean_energy_baseband,m2_speed_psd_mean_energy_original_bits,m2_speed_psd_mean_energy_fsk_recovered,m2_speed_psd_peak_freq_baseband,m2_speed_psd_peak_freq_original_bits,m2_speed_psd_peak_freq_fsk_recovered,m2_speed_rms_baseband,m2_speed_rms_original_bits,m2_speed_rms_fsk_recovered,m2_speed_mean_baseband,m2_speed_mean_original_bits,m2_speed_mean_fsk_recovered,m2_speed_variance_baseband,m2_speed_variance_original_bits,m2_speed_variance_fsk_recovered,m2_speed_fft_peak_baseband,m2_speed_fft_peak_original_bits,m2_speed_fft_peak_fsk_recovered,o8_compressor_psd_peak_baseband,o8_compressor_psd_peak_original_bits,o8_compressor_psd_peak_fsk_recovered,o8_compressor_psd_mean_energy_baseband,o8_compressor_psd_mean_energy_original_bits,o8_compressor_psd_mean_energy_fsk_recovered,o8_compressor_psd_peak_freq_baseband,o8_compressor_psd_peak_freq_original_bits,o8_compressor_psd_peak_freq_fsk_recovered,o8_compressor_rms_baseband,o8_compressor_rms_original_bits,o8_compressor_rms_fsk_recovered,o8_compressor_mean_baseband,o8_compressor_mean_original_bits,o8_compressor_mean_fsk_recovered,o8_compressor_variance_baseband,o8_compressor_variance_original_bits,o8_compressor_variance_fsk_recovered,o8_compressor_fft_peak_baseband,o8_compressor_fft_peak_original_bits,o8_compressor_fft_peak_fsk_recovered,current_task_duration_psd_peak_baseband,current_task_duration_psd_peak_original_bits,current_task_duration_psd_peak_fsk_recovered,current_task_duration_psd_mean_energy_baseband,current_task_duration_psd_mean_energy_original_bits,current_task_duration_psd_mean_energy_fsk_recovered,current_task_duration_psd_peak_freq_baseband,current_task_duration_psd_peak_freq_original_bits,current_task_duration_psd_peak_freq_fsk_recovered,current_task_duration_rms_baseband,current_task_duration_rms_original_bits,current_task_duration_rms_fsk_recovered,current_task_duration_mean_baseband,current_task_duration_mean_original_bits,current_task_duration_mean_fsk_recovered,current_task_duration_variance_baseband,current_task_duration_variance_original_bits,current_task_duration_variance_fsk_recovered,current_task_duration_fft_peak_baseband,current_task_duration_fft_peak_original_bits,current_task_duration_fft_peak_fsk_recovered,current_state_binary
0,2023-02-06T14:08:10.000000000,2023-02-06T14:09:08.000000000,0.000463,0,0,0.000597,0,0,1.0,1,0,0.0,0,0,0.0,0,0,0.325645,0,0,0.0,0,0,0.0,0,0,0.0,0,0,0.0,0,0,0.0,0,0,0.044168,0,0,0.0,0,0,0.0,0,0,0.0,0,0,0.0,0,0,0.0,0,0,0.0,0,0,0.0,0,0,0.0,0,0,0.0,0,0,1
1,2023-02-06T14:08:40.000000000,2023-02-06T14:09:38.000000000,0.197852,0,0,0.228529,0,0,0.333333,0,0,0.456975,0,0,0.466182,0,0,0.530818,1,0,0.466182,0,0,0.0,0,0,0.0,0,0,0.0,0,0,0.0,0,0,0.044168,0,0,0.0,0,0,0.0,0,0,0.0,0,0,0.0,0,0,0.0,0,0,0.0,0,0,0.0,0,0,0.0,0,0,0.0,0,0,1
2,2023-02-06T14:09:10.000000000,2023-02-06T14:10:08.000000000,6.6e-05,0,0,8.3e-05,0,0,1.0,1,0,0.665012,1,0,0.776808,1,0,0.000252,0,0,0.776808,1,0,0.0,0,0,0.0,0,0,0.0,0,0,0.0,0,0,0.044168,0,0,0.0,0,0,0.0,0,0,0.0,0,0,0.0,0,0,0.0,0,0,0.0,0,0,0.0,0,0,0.0,0,0,0.0,0,0,1
3,2023-02-06T14:09:40.000000000,2023-02-06T14:10:38.000000000,0.0,0,1,0.0,0,1,0.333333,0,1,0.664985,1,1,0.776833,1,1,1e-06,0,1,0.776833,1,1,0.0,0,1,0.0,0,1,0.0,0,1,0.0,0,1,0.044168,0,1,0.0,0,1,0.0,0,1,0.0,0,1,0.0,0,1,0.0,0,1,0.0,0,1,0.0,0,1,0.0,0,1,0.0,0,1,1
4,2023-02-06T14:10:10.000000000,2023-02-06T14:11:08.000000000,0.0,0,1,0.0,0,1,0.0,0,1,0.664887,1,1,0.776751,1,1,0.0,0,1,0.776751,1,1,0.0,0,1,0.0,0,1,0.0,0,1,0.0,0,1,0.044168,0,1,0.0,0,1,0.0,0,1,0.0,0,1,0.0,0,1,0.0,0,1,0.0,0,1,0.0,0,1,0.0,0,1,0.0,0,1,1
5,2023-02-06T14:10:40.000000000,2023-02-06T14:11:38.000000000,0.0,0,0,0.0,0,0,0.0,0,0,0.664887,1,0,0.776751,1,0,0.0,0,0,0.776751,1,0,0.0,0,0,0.0,0,0,0.0,0,0,0.0,0,0,0.044168,0,0,0.0,0,0,0.0,0,0,0.0,0,0,0.0,0,0,0.0,0,0,0.0,0,0,0.0,0,0,0.0,0,0,0.0,0,0,1
6,2023-02-06T14:11:10.000000000,2023-02-06T14:12:08.000000000,0.0,0,0,0.0,0,0,0.0,0,0,0.664887,1,0,0.776751,1,0,0.0,0,0,0.776751,1,0,0.0,0,0,0.0,0,0,0.0,0,0,0.0,0,0,0.044168,0,0,0.0,0,0,0.0,0,0,0.0,0,0,0.0,0,0,0.0,0,0,0.0,0,0,0.0,0,0,0.0,0,0,0.0,0,0,1
7,2023-02-06T14:11:40.000000000,2023-02-06T14:12:38.000000000,0.0,0,1,0.0,0,1,0.0,0,1,0.664887,1,1,0.776751,1,1,0.0,0,1,0.776751,1,1,0.0,0,1,0.0,0,1,0.0,0,1,0.0,0,1,0.044168,0,1,0.0,0,1,0.0,0,1,0.0,0,1,0.0,0,1,0.0,0,1,0.0,0,1,0.0,0,1,0.0,0,1,0.0,0,1,1
8,2023-02-06T14:12:10.000000000,2023-02-06T14:13:08.000000000,0.0,0,0,0.0,0,0,0.0,0,0,0.664887,1,0,0.776751,1,0,0.0,0,0,0.776751,1,0,0.0,0,0,0.0,0,0,0.0,0,0,0.0,0,0,0.044168,0,0,0.0,0,0,0.0,0,0,0.0,0,0,0.0,0,0,0.0,0,0,0.0,0,0,0.0,0,0,0.0,0,0,0.0,0,0,1
9,2023-02-06T14:12:40.000000000,2023-02-06T14:13:38.000000000,0.0,0,0,0.0,0,0,0.0,0,0,0.664994,1,0,0.77684,1,0,0.0,0,0,0.77684,1,0,0.0,0,0,1e-06,0,0,0.666667,1,0,0.012095,0,0,0.048751,0,0,0.000159,0,0,0.012829,0,0,0.0,0,0,0.0,0,0,0.0,0,0,0.0,0,0,0.0,0,0,0.0,0,0,0.0,0,0,1
10,2023-02-06T14:13:10.000000000,2023-02-06T14:14:08.000000000,3e-06,0,1,4e-06,0,1,1.0,1,1,0.665599,1,1,0.777331,1,1,9.9e-05,0,1,0.777331,1,1,0.002358,0,1,0.001782,0,1,1.0,1,1,0.70721,1,1,0.5,0,1,0.526071,1,1,0.596918,1,1,0.0,0,1,0.0,0,1,0.0,0,1,0.0,0,1,0.0,0,1,0.0,0,1,0.0,0,1,1
11,2023-02-06T14:13:40.000000000,2023-02-06T14:14:38.000000000,0.013825,0,1,0.021751,0,1,0.333333,0,1,0.530468,1,1,0.58457,1,1,0.349958,0,1,0.58457,1,1,0.896984,1,1,1.0,1,1,0.666667,1,1,1.0,1,1,0.946665,1,1,1.0,1,1,0.960901,1,1,0.0,0,1,0.0,0,1,0.0,0,1,0.0,0,1,0.0,0,1,0.0,0,1,0.0,0,1,1
12,2023-02-06T14:14:10.000000000,2023-02-06T14:15:08.000000000,0.865162,1,1,0.948179,1,1,0.333333,0,1,0.899712,1,1,0.808014,1,1,0.988318,1,1,0.808014,1,1,0.042664,0,1,0.039899,0,1,0.0,0,1,0.70721,1,1,0.5,0,1,0.526071,1,1,0.596918,1,1,0.0,0,1,0.0,0,1,0.0,0,1,0.0,0,1,0.0,0,1,0.0,0,1,0.0,0,1,1
13,2023-02-06T14:14:40.000000000,2023-02-06T14:15:38.000000000,0.225556,0,1,0.243973,0,1,0.333333,0,1,1.0,1,1,1.0,1,1,0.395031,0,1,1.0,1,1,2.5e-05,0,1,2.6e-05,0,1,1.0,1,1,0.012095,0,1,0.048751,0,1,0.000159,0,1,0.012829,0,1,0.0,0,1,0.0,0,1,0.0,0,1,0.0,0,1,0.0,0,1,0.0,0,1,0.0,0,1,1
14,2023-02-06T14:15:10.000000000,2023-02-06T14:16:08.000000000,3.5e-05,0,1,4.8e-05,0,1,1.0,1,1,0.664,1,1,0.775975,1,1,0.000155,0,1,0.775975,1,1,0.0,0,1,0.0,0,1,0.0,0,1,0.0,0,1,0.044168,0,1,0.0,0,1,0.0,0,1,0.0,0,1,0.0,0,1,0.0,0,1,0.0,0,1,0.0,0,1,0.0,0,1,0.0,0,1,1
15,2023-02-06T14:15:40.000000000,2023-02-06T14:16:38.000000000,0.0,0,0,0.0,0,0,0.0,0,0,0.664781,1,0,0.776661,1,0,0.0,0,0,0.776661,1,0,0.0,0,0,0.0,0,0,0.0,0,0,0.0,0,0,0.044168,0,0,0.0,0,0,0.0,0,0,0.0,0,0,0.0,0,0,0.0,0,0,0.0,0,0,0.0,0,0,0.0,0,0,0.0,0,0,1
16,2023-02-06T14:16:10.000000000,2023-02-06T14:17:08.000000000,0.0,0,0,0.0,0,0,0.0,0,0,0.664887,1,0,0.776751,1,0,0.0,0,0,0.776751,1,0,0.0,0,0,0.0,0,0,0.0,0,0,0.0,0,0,0.044168,0,0,0.0,0,0,0.0,0,0,0.0,0,0,0.0,0,0,0.0,0,0,0.0,0,0,0.0,0,0,0.0,0,0,0.0,0,0,1
17,2023-02-06T14:16:40.000000000,2023-02-06T14:17:38.000000000,0.0,0,0,0.0,0,0,0.0,0,0,0.664887,1,0,0.776751,1,0,0.0,0,0,0.776751,1,0,0.0,0,0,0.0,0,0,0.0,0,0,0.0,0,0,0.044168,0,0,0.0,0,0,0.0,0,0,0.0,0,0,0.0,0,0,0.0,0,0,0.0,0,0,0.0,0,0,0.0,0,0,0.0,0,0,1
18,2023-02-06T14:17:10.000000000,2023-02-06T14:18:08.000000000,0.0,0,1,0.0,0,1,0.0,0,1,0.664887,1,1,0.776751,1,1,0.0,0,1,0.776751,1,1,0.0,0,1,0.0,0,1,0.0,0,1,0.0,0,1,0.044168,0,1,0.0,0,1,0.0,0,1,0.0,0,1,0.0,0,1,0.0,0,1,0.0,0,1,0.0,0,1,0.0,0,1,0.0,0,1,1
19,2023-02-06T14:17:40.000000000,2023-02-06T14:18:38.000000000,0.0,0,0,0.0,0,0,0.0,0,0,0.664887,1,0,0.776751,1,0,0.0,0,0,0.776751,1,0,0.0,0,0,0.0,0,0,0.0,0,0,0.0,0,0,0.044168,0,0,0.0,0,0,0.0,0,0,0.0,0,0,0.0,0,0,0.0,0,0,0.0,0,0,0.0,0,0,0.0,0,0,0.0,0,0,1
20,2023-02-06T14:18:10.000000000,2023-02-06T14:19:08.000000000,0.0,0,1,0.0,0,1,0.0,0,1,0.664887,1,1,0.776751,1,1,0.0,0,1,0.776751,1,1,0.0,0,1,0.0,0,1,0.0,0,1,0.0,0,1,0.044168,0,1,0.0,0,1,0.0,0,1,0.0,0,1,0.0,0,1,0.0,0,1,0.0,0,1,0.0,0,1,0.0,0,1,0.0,0,1,1
21,2023-02-06T14:18:40.000000000,2023-02-06T14:19:38.000000000,0.0,0,1,0.0,0,1,0.0,0,1,0.664887,1,1,0.776751,1,1,0.0,0,1,0.776751,1,1,0.0,0,1,0.0,0,1,0.0,0,1,0.0,0,1,0.044168,0,1,0.0,0,1,0.0,0,1,0.0,0,1,0.0,0,1,0.0,0,1,0.0,0,1,0.0,0,1,0.0,0,1,0.0,0,1,1
22,2023-02-06T14:19:10.000000000,2023-02-06T14:20:08.000000000,0.0,0,1,0.0,0,1,0.0,0,1,0.664887,1,1,0.776751,1,1,0.0,0,1,0.776751,1,1,0.0,0,1,0.0,0,1,0.0,0,1,0.0,0,1,0.044168,0,1,0.0,0,1,0.0,0,1,0.0,0,1,0.0,0,1,0.0,0,1,0.0,0,1,0.0,0,1,0.0,0,1,0.0,0,1,1
23,2023-02-06T14:19:40.000000000,2023-02-06T14:20:38.000000000,0.0,0,0,0.0,0,0,0.0,0,0,0.664887,1,0,0.776751,1,0,0.0,0,0,0.776751,1,0,0.0,0,0,0.0,0,0,0.0,0,0,0.0,0,0,0.044168,0,0,0.0,0,0,0.0,0,0,0.0,0,0,0.0,0,0,0.0,0,0,0.0,0,0,0.0,0,0,0.0,0,0,0.0,0,0,1
24,2023-02-06T14:20:10.000000000,2023-02-06T14:21:08.000000000,0.0,0,0,0.0,0,0,0.0,0,0,0.664887,1,0,0.776751,1,0,0.0,0,0,0.776751,1,0,0.0,0,0,0.0,0,0,0.0,0,0,0.0,0,0,0.044168,0,0,0.0,0,0,0.0,0,0,0.0,0,0,0.0,0,0,0.0,0,0,0.0,0,0,0.0,0,0,0.0,0,0,0.0,0,0,1
25,2023-02-06T14:20:40.000000000,2023-02-06T14:21:38.000000000,0.0,0,0,0.0,0,0,0.0,0,0,0.664887,1,0,0.776751,1,0,0.0,0,0,0.776751,1,0,0.0,0,0,0.0,0,0,0.0,0,0,0.0,0,0,0.044168,0,0,0.0,0,0,0.0,0,0,0.0,0,0,0.0,0,0,0.0,0,0,0.0,0,0,0.0,0,0,0.0,0,0,0.0,0,0,1
26,2023-02-06T14:21:10.000000000,2023-02-06T14:22:08.000000000,0.0,0,0,0.0,0,0,0.0,0,0,0.664887,1,0,0.776751,1,0,0.0,0,0,0.776751,1,0,0.0,0,0,0.0,0,0,0.0,0,0,0.0,0,0,0.044168,0,0,0.0,0,0,0.0,0,0,0.0,0,0,0.0,0,0,0.0,0,0,0.0,0,0,0.0,0,0,0.0,0,0,0.0,0,0,1
27,2023-02-06T14:21:40.000000000,2023-02-06T14:22:38.000000000,0.0,0,0,0.0,0,0,0.0,0,0,0.664887,1,0,0.776751,1,0,0.0,0,0,0.776751,1,0,0.0,0,0,0.0,0,0,0.0,0,0,0.0,0,0,0.044168,0,0,0.0,0,0,0.0,0,0,0.0,0,0,0.0,0,0,0.0,0,0,0.0,0,0,0.0,0,0,0.0,0,0,0.0,0,0,1
28,2023-02-06T14:22:10.000000000,2023-02-06T14:23:08.000000000,0.0,0,1,0.0,0,1,0.0,0,1,0.664887,1,1,0.776751,1,1,0.0,0,1,0.776751,1,1,0.0,0,1,0.0,0,1,0.0,0,1,0.0,0,1,0.044168,0,1,0.0,0,1,0.0,0,1,0.0,0,1,0.0,0,1,0.0,0,1,0.0,0,1,0.0,0,1,0.0,0,1,0.0,0,1,1
29,2023-02-06T14:22:40.000000000,2023-02-06T14:23:38.000000000,0.0,0,1,0.0,0,1,0.0,0,1,0.664887,1,1,0.776751,1,1,0.0,0,1,0.776751,1,1,0.0,0,1,0.0,0,1,0.0,0,1,0.0,0,1,0.044168,0,1,0.0,0,1,0.0,0,1,0.0,0,1,0.0,0,1,0.0,0,1,0.0,0,1,0.0,0,1,0.0,0,1,0.0,0,1,1
30,2023-02-06T14:23:10.000000000,2023-02-06T14:24:08.000000000,0.0,0,0,0.0,0,0,0.0,0,0,0.664887,1,0,0.776751,1,0,0.0,0,0,0.776751,1,0,0.0,0,0,0.0,0,0,0.0,0,0,0.0,0,0,0.044168,0,0,0.0,0,0,0.0,0,0,0.0,0,0,0.0,0,0,0.0,0,0,0.0,0,0,0.0,0,0,0.0,0,0,0.0,0,0,1
31,2023-02-06T14:23:40.000000000,2023-02-06T14:24:38.000000000,0.0,0,0,0.0,0,0,0.0,0,0,0.664887,1,0,0.776751,1,0,0.0,0,0,0.776751,1,0,0.0,0,0,0.0,0,0,0.0,0,0,0.0,0,0,0.044168,0,0,0.0,0,0,0.0,0,0,0.0,0,0,0.0,0,0,0.0,0,0,0.0,0,0,0.0,0,0,0.0,0,0,0.0,0,0,1
32,2023-02-06T14:24:10.000000000,2023-02-06T14:25:08.000000000,0.0,0,1,0.0,0,1,0.0,0,1,0.664887,1,1,0.776751,1,1,0.0,0,1,0.776751,1,1,0.0,0,1,0.0,0,1,0.0,0,1,0.0,0,1,0.044168,0,1,0.0,0,1,0.0,0,1,0.0,0,1,0.0,0,1,0.0,0,1,0.0,0,1,0.0,0,1,0.0,0,1,0.0,0,1,1
33,2023-02-06T14:24:40.000000000,2023-02-06T14:25:38.000000000,0.0,0,0,0.0,0,0,0.0,0,0,0.664887,1,0,0.776751,1,0,0.0,0,0,0.776751,1,0,0.0,0,0,0.0,0,0,0.0,0,0,0.0,0,0,0.044168,0,0,0.0,0,0,0.0,0,0,0.0,0,0,0.0,0,0,0.0,0,0,0.0,0,0,0.0,0,0,0.0,0,0,0.0,0,0,1
34,2023-02-06T14:25:10.000000000,2023-02-06T14:26:08.000000000,0.0,0,0,0.0,0,0,0.0,0,0,0.664887,1,0,0.776751,1,0,0.0,0,0,0.776751,1,0,0.0,0,0,0.0,0,0,0.0,0,0,0.0,0,0,0.044168,0,0,0.0,0,0,0.0,0,0,0.0,0,0,0.0,0,0,0.0,0,0,0.0,0,0,0.0,0,0,0.0,0,0,0.0,0,0,1
35,2023-02-06T14:25:40.000000000,2023-02-06T14:26:38.000000000,0.0,0,1,0.0,0,1,0.0,0,1,0.664887,1,1,0.776751,1,1,0.0,0,1,0.776751,1,1,0.0,0,1,0.0,0,1,0.0,0,1,0.0,0,1,0.044168,0,1,0.0,0,1,0.0,0,1,0.0,0,1,0.0,0,1,0.0,0,1,0.0,0,1,0.0,0,1,0.0,0,1,0.0,0,1,1
36,2023-02-06T14:26:10.000000000,2023-02-06T14:27:08.000000000,0.0,0,1,0.0,0,1,0.0,0,1,0.664887,1,1,0.776751,1,1,0.0,0,1,0.776751,1,1,0.0,0,1,0.0,0,1,0.0,0,1,0.0,0,1,0.044168,0,1,0.0,0,1,0.0,0,1,0.0,0,1,0.0,0,1,0.0,0,1,0.0,0,1,0.0,0,1,0.0,0,1,0.0,0,1,1
37,2023-02-06T14:26:40.000000000,2023-02-06T14:27:38.000000000,0.0,0,1,0.0,0,1,0.0,0,1,0.664887,1,1,0.776751,1,1,0.0,0,1,0.776751,1,1,0.0,0,1,0.0,0,1,0.0,0,1,0.0,0,1,0.044168,0,1,0.0,0,1,0.0,0,1,0.0,0,1,0.0,0,1,0.0,0,1,0.0,0,1,0.0,0,1,0.0,0,1,0.0,0,1,1
38,2023-02-06T14:27:10.000000000,2023-02-06T14:28:08.000000000,0.0,0,1,0.0,0,1,0.0,0,1,0.664887,1,1,0.776751,1,1,0.0,0,1,0.776751,1,1,0.0,0,1,0.0,0,1,0.0,0,1,0.0,0,1,0.044168,0,1,0.0,0,1,0.0,0,1,0.0,0,1,0.0,0,1,0.0,0,1,0.0,0,1,0.0,0,1,0.0,0,1,0.0,0,1,1
39,2023-02-06T14:27:40.000000000,2023-02-06T14:28:38.000000000,0.0,0,1,0.0,0,1,0.0,0,1,0.664887,1,1,0.776751,1,1,0.0,0,1,0.776751,1,1,0.0,0,1,0.0,0,1,0.0,0,1,0.0,0,1,0.044168,0,1,0.0,0,1,0.0,0,1,0.0,0,1,0.0,0,1,0.0,0,1,0.0,0,1,0.0,0,1,0.0,0,1,0.0,0,1,1
40,2023-02-06T14:28:10.000000000,2023-02-06T14:29:08.000000000,0.0,0,0,0.0,0,0,0.0,0,0,0.664887,1,0,0.776751,1,0,0.0,0,0,0.776751,1,0,0.0,0,0,0.0,0,0,0.0,0,0,0.0,0,0,0.044168,0,0,0.0,0,0,0.0,0,0,0.0,0,0,0.0,0,0,0.0,0,0,0.0,0,0,0.0,0,0,0.0,0,0,0.0,0,0,1
41,2023-02-06T14:28:40.000000000,2023-02-06T14:29:38.000000000,0.0,0,0,0.0,0,0,0.0,0,0,0.664887,1,0,0.776751,1,0,0.0,0,0,0.776751,1,0,0.0,0,0,0.0,0,0,0.0,0,0,0.0,0,0,0.044168,0,0,0.0,0,0,0.0,0,0,0.0,0,0,0.0,0,0,0.0,0,0,0.0,0,0,0.0,0,0,0.0,0,0,0.0,0,0,1
42,2023-02-06T14:29:10.000000000,2023-02-06T14:30:08.000000000,0.0,0,0,0.0,0,0,0.0,0,0,0.664887,1,0,0.776751,1,0,0.0,0,0,0.776751,1,0,0.0,0,0,0.0,0,0,0.0,0,0,0.0,0,0,0.044168,0,0,0.0,0,0,0.0,0,0,0.0,0,0,0.0,0,0,0.0,0,0,0.0,0,0,0.0,0,0,0.0,0,0,0.0,0,0,1
43,2023-02-06T14:29:40.000000000,2023-02-06T14:30:38.000000000,0.0,0,1,0.0,0,1,0.0,0,1,0.664887,1,1,0.776751,1,1,0.0,0,1,0.776751,1,1,0.0,0,1,0.0,0,1,0.0,0,1,0.000904,0,1,0.043687,0,1,1e-06,0,1,0.000504,0,1,0.0,0,1,0.0,0,1,0.0,0,1,0.0,0,1,0.0,0,1,0.0,0,1,0.0,0,1,1
44,2023-02-06T14:30:10.000000000,2023-02-06T14:31:08.000000000,0.0,0,0,0.0,0,0,0.333333,0,0,0.664932,1,0,0.776788,1,0,3e-06,0,0,0.776788,1,0,2.1e-05,0,0,1.8e-05,0,0,1.0,1,0,0.029869,0,0,0.03924,0,0,0.000983,0,0,0.036115,0,0,0.0,0,0,0.0,0,0,0.0,0,0,0.0,0,0,0.0,0,0,0.0,0,0,0.0,0,0,1
45,2023-02-06T14:30:40.000000000,2023-02-06T14:31:38.000000000,4.3e-05,0,1,5.8e-05,0,1,1.0,1,1,0.658971,1,1,0.770412,1,1,0.00716,0,1,0.770412,1,1,0.016776,0,1,0.024912,0,1,1.0,1,1,0.529834,1,1,0.50364,1,1,0.283001,0,1,0.489621,0,1,0.0,0,1,0.0,0,1,0.0,0,1,0.0,0,1,0.0,0,1,0.0,0,1,0.0,0,1,1
46,2023-02-06T14:31:10.000000000,2023-02-06T14:32:08.000000000,0.306407,0,1,0.442168,0,1,0.333333,0,1,0.906105,1,1,0.831469,1,1,0.893048,1,1,0.831469,1,1,0.29947,0,1,0.304599,0,1,0.666667,1,1,0.53041,1,1,0.505324,1,1,0.283476,0,1,0.491119,0,1,0.0,0,1,0.0,0,1,0.0,0,1,0.0,0,1,0.0,0,1,0.0,0,1,0.0,0,1,1
47,2023-02-06T14:31:40.000000000,2023-02-06T14:32:38.000000000,0.781394,1,1,0.78855,1,1,0.333333,0,1,0.920001,1,1,0.845288,1,1,0.890819,1,1,0.845288,1,1,0.000496,0,1,0.000374,0,1,1.0,1,1,0.03879,0,1,0.04101,0,1,0.001663,0,1,0.047615,0,1,0.0,0,1,0.0,0,1,0.0,0,1,0.0,0,1,0.0,0,1,0.0,0,1,0.0,0,1,1
48,2023-02-06T14:32:10.000000000,2023-02-06T14:33:08.000000000,0.000581,0,0,0.000992,0,0,1.0,1,0,0.675824,1,0,0.784132,1,0,0.009729,0,0,0.784132,1,0,0.0,0,0,0.0,0,0,0.333333,0,0,0.001386,0,0,0.043772,0,0,2e-06,0,0,0.001024,0,0,0.0,0,0,0.0,0,0,0.0,0,0,0.0,0,0,0.0,0,0,0.0,0,0,0.0,0,0,1
49,2023-02-06T14:32:40.000000000,2023-02-06T14:33:38.000000000,1e-06,0,0,1e-06,0,0,1.0,1,0,0.664815,1,0,0.776689,1,0,7e-06,0,0,0.776689,1,0,0.0,0,0,0.0,0,0,0.0,0,0,0.0,0,0,0.044168,0,0,0.0,0,0,0.0,0,0,0.0,0,0,0.0,0,0,0.0,0,0,0.0,0,0,0.0,0,0,0.0,0,0,0.0,0,0,1
50,2023-02-06T14:33:10.000000000,2023-02-06T14:34:08.000000000,0.0,0,0,0.0,0,0,0.0,0,0,0.664887,1,0,0.776751,1,0,0.0,0,0,0.776751,1,0,0.0,0,0,0.0,0,0,0.0,0,0,0.0,0,0,0.044168,0,0,0.0,0,0,0.0,0,0,0.0,0,0,0.0,0,0,0.0,0,0,0.0,0,0,0.0,0,0,0.0,0,0,0.0,0,0,1
51,2023-02-06T14:33:40.000000000,2023-02-06T14:34:38.000000000,0.0,0,0,0.0,0,0,0.0,0,0,0.664887,1,0,0.776751,1,0,0.0,0,0,0.776751,1,0,0.0,0,0,0.0,0,0,0.0,0,0,0.001118,0,0,0.043336,0,0,1e-06,0,0,0.000871,0,0,0.0,0,0,0.0,0,0,0.0,0,0,0.0,0,0,0.0,0,0,0.0,0,0,0.0,0,0,1
52,2023-02-06T14:34:10.000000000,2023-02-06T14:35:08.000000000,0.0,0,0,0.0,0,0,0.333333,0,0,0.66468,1,0,0.776575,1,0,9e-06,0,0,0.776575,1,0,3.5e-05,0,0,2.8e-05,0,0,1.0,1,0,0.033772,0,0,0.030845,0,0,0.001238,0,0,0.041384,0,0,0.0,0,0,0.0,0,0,0.0,0,0,0.0,0,0,0.0,0,0,0.0,0,0,0.0,0,0,1
53,2023-02-06T14:34:40.000000000,2023-02-06T14:35:38.000000000,0.000113,0,1,0.000142,0,1,1.0,1,1,0.641213,1,1,0.747592,1,1,0.047607,0,1,0.747592,1,1,0.045718,0,1,0.051675,0,1,0.333333,0,1,0.530177,1,1,0.514155,1,1,0.282134,0,1,0.499593,0,1,0.0,0,1,0.0,0,1,0.0,0,1,0.0,0,1,0.0,0,1,0.0,0,1,0.0,0,1,1
54,2023-02-06T14:35:10.000000000,2023-02-06T14:36:08.000000000,0.421659,0,1,0.551815,1,1,0.333333,0,1,0.904566,1,1,0.81099,1,1,0.998258,1,1,0.81099,1,1,0.280101,0,1,0.276057,0,1,0.666667,1,1,0.530177,1,1,0.514155,1,1,0.282134,0,1,0.499593,0,1,0.0,0,1,0.0,0,1,0.0,0,1,0.0,0,1,0.0,0,1,0.0,0,1,0.0,0,1,1
55,2023-02-06T14:35:40.000000000,2023-02-06T14:36:38.000000000,0.837056,1,0,0.942384,1,0,0.333333,0,0,0.921196,1,0,0.837253,1,0,0.942838,1,0,0.837253,1,0,0.000328,0,0,0.000271,0,0,1.0,1,0,0.033772,0,0,0.030845,0,0,0.001238,0,0,0.041384,0,0,0.0,0,0,0.0,0,0,0.0,0,0,0.0,0,0,0.0,0,0,0.0,0,0,0.0,0,0,1
56,2023-02-06T14:36:10.000000000,2023-02-06T14:37:08.000000000,0.000433,0,0,0.000577,0,0,1.0,1,0,0.661695,1,0,0.773755,1,0,0.001633,0,0,0.773755,1,0,0.0,0,0,0.0,0,0,0.0,0,0,0.001118,0,0,0.043336,0,0,1e-06,0,0,0.000871,0,0,0.0,0,0,0.0,0,0,0.0,0,0,0.0,0,0,0.0,0,0,0.0,0,0,0.0,0,0,1
57,2023-02-06T14:36:40.000000000,2023-02-06T14:37:38.000000000,0.0,0,1,1e-06,0,1,1.0,1,1,0.664561,1,1,0.776476,1,1,3e-06,0,1,0.776476,1,1,0.0,0,1,0.0,0,1,0.0,0,1,0.0,0,1,0.044168,0,1,0.0,0,1,0.0,0,1,0.0,0,1,0.0,0,1,0.0,0,1,0.0,0,1,0.0,0,1,0.0,0,1,0.0,0,1,1
58,2023-02-06T14:37:10.000000000,2023-02-06T14:38:08.000000000,0.0,0,0,0.0,0,0,0.0,0,0,0.664887,1,0,0.776751,1,0,0.0,0,0,0.776751,1,0,0.0,0,0,0.0,0,0,0.0,0,0,0.0,0,0,0.044168,0,0,0.0,0,0,0.0,0,0,0.0,0,0,0.0,0,0,0.0,0,0,0.0,0,0,0.0,0,0,0.0,0,0,0.0,0,0,1
59,2023-02-06T14:37:40.000000000,2023-02-06T14:38:38.000000000,0.0,0,0,0.0,0,0,0.0,0,0,0.664887,1,0,0.776751,1,0,0.0,0,0,0.776751,1,0,0.0,0,0,0.0,0,0,0.0,0,0,0.0,0,0,0.044168,0,0,0.0,0,0,0.0,0,0,0.0,0,0,0.0,0,0,0.0,0,0,0.0,0,0,0.0,0,0,0.0,0,0,0.0,0,0,1
60,2023-02-06T14:38:10.000000000,2023-02-06T14:39:08.000000000,0.0,0,1,0.0,0,1,0.0,0,1,0.664887,1,1,0.776751,1,1,0.0,0,1,0.776751,1,1,0.0,0,1,0.0,0,1,0.0,0,1,0.0,0,1,0.044168,0,1,0.0,0,1,0.0,0,1,0.0,0,1,0.0,0,1,0.0,0,1,0.0,0,1,0.0,0,1,0.0,0,1,0.0,0,1,1
61,2023-02-06T14:38:40.000000000,2023-02-06T14:39:38.000000000,0.0,0,1,0.0,0,1,0.0,0,1,0.664887,1,1,0.776751,1,1,0.0,0,1,0.776751,1,1,0.0,0,1,0.0,0,1,0.0,0,1,0.0,0,1,0.044168,0,1,0.0,0,1,0.0,0,1,0.0,0,1,0.0,0,1,0.0,0,1,0.0,0,1,0.0,0,1,0.0,0,1,0.0,0,1,1
62,2023-02-06T14:39:10.000000000,2023-02-06T14:40:08.000000000,0.0,0,1,0.0,0,1,0.0,0,1,0.664887,1,1,0.776751,1,1,0.0,0,1,0.776751,1,1,0.0,0,1,0.0,0,1,0.0,0,1,0.0,0,1,0.044168,0,1,0.0,0,1,0.0,0,1,0.0,0,1,0.0,0,1,0.0,0,1,0.0,0,1,0.0,0,1,0.0,0,1,0.0,0,1,1
63,2023-02-06T14:39:40.000000000,2023-02-06T14:40:38.000000000,0.0,0,1,0.0,0,1,0.0,0,1,0.664887,1,1,0.776751,1,1,0.0,0,1,0.776751,1,1,0.0,0,1,0.0,0,1,0.0,0,1,0.0,0,1,0.044168,0,1,0.0,0,1,0.0,0,1,0.0,0,1,0.0,0,1,0.0,0,1,0.0,0,1,0.0,0,1,0.0,0,1,0.0,0,1,1
64,2023-02-06T14:40:10.000000000,2023-02-06T14:41:08.000000000,0.0,0,1,0.0,0,1,0.0,0,1,0.664887,1,1,0.776751,1,1,0.0,0,1,0.776751,1,1,0.0,0,1,0.0,0,1,0.0,0,1,0.0,0,1,0.044168,0,1,0.0,0,1,0.0,0,1,0.0,0,1,0.0,0,1,0.0,0,1,0.0,0,1,0.0,0,1,0.0,0,1,0.0,0,1,1
65,2023-02-06T14:40:40.000000000,2023-02-06T14:41:38.000000000,0.0,0,0,0.0,0,0,0.0,0,0,0.664887,1,0,0.776751,1,0,0.0,0,0,0.776751,1,0,0.0,0,0,0.0,0,0,0.0,0,0,0.0,0,0,0.044168,0,0,0.0,0,0,0.0,0,0,0.0,0,0,0.0,0,0,0.0,0,0,0.0,0,0,0.0,0,0,0.0,0,0,0.0,0,0,1
66,2023-02-06T14:41:10.000000000,2023-02-06T14:42:08.000000000,0.0,0,0,0.0,0,0,0.0,0,0,0.664887,1,0,0.776751,1,0,0.0,0,0,0.776751,1,0,0.0,0,0,0.0,0,0,0.0,0,0,0.0,0,0,0.044168,0,0,0.0,0,0,0.0,0,0,0.0,0,0,0.0,0,0,0.0,0,0,0.0,0,0,0.0,0,0,0.0,0,0,0.0,0,0,1
67,2023-02-06T14:41:40.000000000,2023-02-06T14:42:38.000000000,0.0,0,0,0.0,0,0,0.0,0,0,0.664887,1,0,0.776751,1,0,0.0,0,0,0.776751,1,0,0.0,0,0,0.0,0,0,0.0,0,0,0.0,0,0,0.044168,0,0,0.0,0,0,0.0,0,0,0.0,0,0,0.0,0,0,0.0,0,0,0.0,0,0,0.0,0,0,0.0,0,0,0.0,0,0,1
68,2023-02-06T14:42:10.000000000,2023-02-06T14:43:08.000000000,0.0,0,1,0.0,0,1,0.0,0,1,0.664887,1,1,0.776751,1,1,0.0,0,1,0.776751,1,1,0.0,0,1,0.0,0,1,0.0,0,1,0.0,0,1,0.044168,0,1,0.0,0,1,0.0,0,1,0.0,0,1,0.0,0,1,0.0,0,1,0.0,0,1,0.0,0,1,0.0,0,1,0.0,0,1,1
69,2023-02-06T14:42:40.000000000,2023-02-06T14:43:38.000000000,0.0,0,0,0.0,0,0,0.0,0,0,0.664887,1,0,0.776751,1,0,0.0,0,0,0.776751,1,0,0.0,0,0,0.0,0,0,0.0,0,0,0.0,0,0,0.044168,0,0,0.0,0,0,0.0,0,0,0.0,0,0,0.0,0,0,0.0,0,0,0.0,0,0,0.0,0,0,0.0,0,0,0.0,0,0,1
70,2023-02-06T14:43:10.000000000,2023-02-06T14:44:08.000000000,0.0,0,1,0.0,0,1,0.0,0,1,0.664887,1,1,0.776751,1,1,0.0,0,1,0.776751,1,1,0.0,0,1,0.0,0,1,0.0,0,1,0.0,0,1,0.044168,0,1,0.0,0,1,0.0,0,1,0.0,0,1,0.0,0,1,0.0,0,1,0.0,0,1,0.0,0,1,0.0,0,1,0.0,0,1,1
71,2023-02-06T14:43:40.000000000,2023-02-06T14:44:38.000000000,0.0,0,1,0.0,0,1,0.0,0,1,0.664887,1,1,0.776751,1,1,0.0,0,1,0.776751,1,1,0.0,0,1,0.0,0,1,0.0,0,1,0.0,0,1,0.044168,0,1,0.0,0,1,0.0,0,1,0.0,0,1,0.0,0,1,0.0,0,1,0.0,0,1,0.0,0,1,0.0,0,1,0.0,0,1,1
72,2023-02-06T14:44:10.000000000,2023-02-06T14:45:08.000000000,0.0,0,1,0.0,0,1,0.0,0,1,0.664887,1,1,0.776751,1,1,0.0,0,1,0.776751,1,1,0.0,0,1,0.0,0,1,0.0,0,1,0.0,0,1,0.044168,0,1,0.0,0,1,0.0,0,1,0.0,0,1,0.0,0,1,0.0,0,1,0.0,0,1,0.0,0,1,0.0,0,1,0.0,0,1,1
73,2023-02-06T14:44:40.000000000,2023-02-06T14:45:38.000000000,0.0,0,0,0.0,0,0,0.0,0,0,0.664887,1,0,0.776751,1,0,0.0,0,0,0.776751,1,0,0.0,0,0,0.0,0,0,0.0,0,0,0.0,0,0,0.044168,0,0,0.0,0,0,0.0,0,0,0.0,0,0,0.0,0,0,0.0,0,0,0.0,0,0,0.0,0,0,0.0,0,0,0.0,0,0,1
74,2023-02-06T14:45:10.000000000,2023-02-06T14:46:08.000000000,0.0,0,0,0.0,0,0,0.0,0,0,0.664887,1,0,0.776751,1,0,0.0,0,0,0.776751,1,0,0.0,0,0,0.0,0,0,0.0,0,0,0.0,0,0,0.044168,0,0,0.0,0,0,0.0,0,0,0.0,0,0,0.0,0,0,0.0,0,0,0.0,0,0,0.0,0,0,0.0,0,0,0.0,0,0,1
75,2023-02-06T14:45:40.000000000,2023-02-06T14:46:38.000000000,0.0,0,0,0.0,0,0,0.0,0,0,0.664887,1,0,0.776751,1,0,0.0,0,0,0.776751,1,0,0.0,0,0,0.0,0,0,0.0,0,0,0.0,0,0,0.044168,0,0,0.0,0,0,0.0,0,0,0.0,0,0,0.0,0,0,0.0,0,0,0.0,0,0,0.0,0,0,0.0,0,0,0.0,0,0,1
76,2023-02-06T14:46:10.000000000,2023-02-06T14:47:08.000000000,0.0,0,0,0.0,0,0,0.0,0,0,0.664887,1,0,0.776751,1,0,0.0,0,0,0.776751,1,0,0.0,0,0,0.0,0,0,0.0,0,0,0.0,0,0,0.044168,0,0,0.0,0,0,0.0,0,0,0.0,0,0,0.0,0,0,0.0,0,0,0.0,0,0,0.0,0,0,0.0,0,0,0.0,0,0,1
77,2023-02-06T14:46:40.000000000,2023-02-06T14:47:38.000000000,0.0,0,0,0.0,0,0,0.0,0,0,0.664887,1,0,0.776751,1,0,0.0,0,0,0.776751,1,0,0.0,0,0,0.0,0,0,0.0,0,0,0.0,0,0,0.044168,0,0,0.0,0,0,0.0,0,0,0.0,0,0,0.0,0,0,0.0,0,0,0.0,0,0,0.0,0,0,0.0,0,0,0.0,0,0,1
78,2023-02-06T14:47:10.000000000,2023-02-06T14:48:08.000000000,0.0,0,1,0.0,0,1,0.0,0,1,0.664887,1,1,0.776751,1,1,0.0,0,1,0.776751,1,1,0.0,0,1,0.0,0,1,0.0,0,1,0.0,0,1,0.044168,0,1,0.0,0,1,0.0,0,1,0.0,0,1,0.0,0,1,0.0,0,1,0.0,0,1,0.0,0,1,0.0,0,1,0.0,0,1,1
79,2023-02-06T14:47:40.000000000,2023-02-06T14:48:38.000000000,0.0,0,1,0.0,0,1,0.0,0,1,0.664887,1,1,0.776751,1,1,0.0,0,1,0.776751,1,1,0.0,0,1,0.0,0,1,0.0,0,1,0.0,0,1,0.044168,0,1,0.0,0,1,0.0,0,1,0.0,0,1,0.0,0,1,0.0,0,1,0.0,0,1,0.0,0,1,0.0,0,1,0.0,0,1,1
80,2023-02-06T14:48:10.000000000,2023-02-06T14:49:08.000000000,0.0,0,0,0.0,0,0,0.0,0,0,0.664926,1,0,0.776784,1,0,0.0,0,0,0.776784,1,0,0.0,0,0,0.0,0,0,0.333333,0,0,0.007497,0,0,0.04646,0,0,6.1e-05,0,0,0.007929,0,0,0.0,0,0,0.0,0,0,0.0,0,0,0.0,0,0,0.0,0,0,0.0,0,0,0.0,0,0,1
81,2023-02-06T14:48:40.000000000,2023-02-06T14:49:38.000000000,1e-06,0,0,3e-06,0,0,1.0,1,0,0.664507,1,0,0.776423,1,0,4.1e-05,0,0,0.776423,1,0,0.000732,0,0,0.00055,0,0,1.0,1,0,0.287026,0,0,0.180798,0,0,0.088675,0,0,0.280705,0,0,0.0,0,0,0.0,0,0,0.0,0,0,0.0,0,0,0.0,0,0,0.0,0,0,0.0,0,0,1
82,2023-02-06T14:49:10.000000000,2023-02-06T14:50:08.000000000,0.002935,0,1,0.005363,0,1,0.0,0,1,0.553665,1,1,0.616602,1,1,0.30432,0,1,0.616602,1,1,0.282417,0,1,0.294536,0,1,0.666667,1,1,0.531147,1,1,0.495417,0,1,0.285515,0,1,0.485848,0,1,0.0,0,1,0.0,0,1,0.0,0,1,0.0,0,1,0.0,0,1,0.0,0,1,0.0,0,1,1
83,2023-02-06T14:49:40.000000000,2023-02-06T14:50:38.000000000,0.821926,1,0,0.905045,1,0,0.333333,0,0,0.916224,1,0,0.840047,1,0,0.899857,1,0,0.840047,1,0,0.020282,0,0,0.019363,0,0,0.0,0,0,0.44704,0,0,0.36337,0,0,0.207754,0,0,0.376555,0,0,0.0,0,0,0.0,0,0,0.0,0,0,0.0,0,0,0.0,0,0,0.0,0,0,0.0,0,0,1
84,2023-02-06T14:50:10.000000000,2023-02-06T14:51:08.000000000,0.225494,0,0,0.242188,0,0,0.333333,0,0,0.998786,1,0,0.999092,1,0,0.393946,0,0,0.999092,1,0,1.2e-05,0,0,1.2e-05,0,0,1.0,1,0,0.007497,0,0,0.04646,0,0,6.1e-05,0,0,0.007929,0,0,0.0,0,0,0.0,0,0,0.0,0,0,0.0,0,0,0.0,0,0,0.0,0,0,0.0,0,0,1
85,2023-02-06T14:50:40.000000000,2023-02-06T14:51:38.000000000,3.5e-05,0,1,4.9e-05,0,1,1.0,1,1,0.663934,1,1,0.775918,1,1,0.000161,0,1,0.775918,1,1,0.0,0,1,0.0,0,1,0.0,0,1,0.0,0,1,0.044168,0,1,0.0,0,1,0.0,0,1,0.0,0,1,0.0,0,1,0.0,0,1,0.0,0,1,0.0,0,1,0.0,0,1,0.0,0,1,1
86,2023-02-06T14:51:10.000000000,2023-02-06T14:52:08.000000000,0.0,0,1,0.0,0,1,0.0,0,1,0.664781,1,1,0.776661,1,1,0.0,0,1,0.776661,1,1,0.0,0,1,0.0,0,1,0.0,0,1,0.0,0,1,0.044168,0,1,0.0,0,1,0.0,0,1,0.0,0,1,0.0,0,1,0.0,0,1,0.0,0,1,0.0,0,1,0.0,0,1,0.0,0,1,1
87,2023-02-06T14:51:40.000000000,2023-02-06T14:52:38.000000000,0.0,0,1,0.0,0,1,0.0,0,1,0.664887,1,1,0.776751,1,1,0.0,0,1,0.776751,1,1,0.0,0,1,0.0,0,1,0.0,0,1,0.0,0,1,0.044168,0,1,0.0,0,1,0.0,0,1,0.0,0,1,0.0,0,1,0.0,0,1,0.0,0,1,0.0,0,1,0.0,0,1,0.0,0,1,1
88,2023-02-06T14:52:10.000000000,2023-02-06T14:53:08.000000000,0.0,0,1,0.0,0,1,0.0,0,1,0.664887,1,1,0.776751,1,1,0.0,0,1,0.776751,1,1,0.0,0,1,0.0,0,1,0.0,0,1,0.002186,0,1,0.044673,0,1,5e-06,0,1,0.00186,0,1,0.0,0,1,0.0,0,1,0.0,0,1,0.0,0,1,0.0,0,1,0.0,0,1,0.0,0,1,1
89,2023-02-06T14:52:40.000000000,2023-02-06T14:53:38.000000000,0.0,0,1,0.0,0,1,0.666667,1,1,0.665279,1,1,0.777077,1,1,2.1e-05,0,1,0.777077,1,1,0.000141,0,1,0.000113,0,1,1.0,1,1,0.05419,0,1,0.061168,0,1,0.00321,0,1,0.067508,0,1,0.0,0,1,0.0,0,1,0.0,0,1,0.0,0,1,0.0,0,1,0.0,0,1,0.0,0,1,1
90,2023-02-06T14:53:10.000000000,2023-02-06T14:54:08.000000000,0.000252,0,0,0.000317,0,0,1.0,1,0,0.602948,1,0,0.684013,1,0,0.198267,0,0,0.684013,1,0,0.159421,0,0,0.176146,0,0,0.666667,1,0,0.530831,1,0,0.493126,0,0,0.285412,0,0,0.487265,0,0,0.0,0,0,0.0,0,0,0.0,0,0,0.0,0,0,0.0,0,0,0.0,0,0,0.0,0,0,1
91,2023-02-06T14:53:40.000000000,2023-02-06T14:54:38.000000000,0.737245,1,0,0.849518,1,0,0.333333,0,0,0.900702,1,0,0.806855,1,0,1.0,1,0,0.806855,1,0,0.101934,0,0,0.1195,0,0,0.333333,0,0,0.528481,1,0,0.483,0,0,0.283827,0,0,0.501271,1,0,0.0,0,0,0.0,0,0,0.0,0,0,0.0,0,0,0.0,0,0,0.0,0,0,0.0,0,0,1
92,2023-02-06T14:54:10.000000000,2023-02-06T14:55:08.000000000,0.533497,1,0,0.693935,1,0,0.333333,0,0,0.950598,1,0,0.900671,1,0,0.736971,1,0,0.900671,1,0,9e-05,0,0,7.5e-05,0,0,1.0,1,0,0.021034,0,0,0.050538,0,0,0.000484,0,0,0.024774,0,0,0.0,0,0,0.0,0,0,0.0,0,0,0.0,0,0,0.0,0,0,0.0,0,0,0.0,0,0,1
93,2023-02-06T14:54:40.000000000,2023-02-06T14:55:38.000000000,0.000195,0,1,0.000242,0,1,1.0,1,1,0.665793,1,1,0.777389,1,1,0.000658,0,1,0.777389,1,1,0.0,0,1,0.0,0,1,0.0,0,1,0.0,0,1,0.044168,0,1,0.0,0,1,0.0,0,1,0.0,0,1,0.0,0,1,0.0,0,1,0.0,0,1,0.0,0,1,0.0,0,1,0.0,0,1,1
94,2023-02-06T14:55:10.000000000,2023-02-06T14:56:08.000000000,0.0,0,0,0.0,0,0,0.333333,0,0,0.664751,1,0,0.776636,1,0,1e-06,0,0,0.776636,1,0,0.0,0,0,0.0,0,0,0.0,0,0,0.0,0,0,0.044168,0,0,0.0,0,0,0.0,0,0,0.0,0,0,0.0,0,0,0.0,0,0,0.0,0,0,0.0,0,0,0.0,0,0,0.0,0,0,1
95,2023-02-06T14:55:40.000000000,2023-02-06T14:56:38.000000000,0.0,0,1,0.0,0,1,0.0,0,1,0.664887,1,1,0.776751,1,1,0.0,0,1,0.776751,1,1,0.0,0,1,0.0,0,1,0.0,0,1,0.0,0,1,0.044168,0,1,0.0,0,1,0.0,0,1,0.0,0,1,0.0,0,1,0.0,0,1,0.0,0,1,0.0,0,1,0.0,0,1,0.0,0,1,1
96,2023-02-06T14:56:10.000000000,2023-02-06T14:57:08.000000000,0.0,0,1,0.0,0,1,0.0,0,1,0.664887,1,1,0.776751,1,1,0.0,0,1,0.776751,1,1,0.0,0,1,0.0,0,1,0.0,0,1,0.0,0,1,0.044168,0,1,0.0,0,1,0.0,0,1,0.0,0,1,0.0,0,1,0.0,0,1,0.0,0,1,0.0,0,1,0.0,0,1,0.0,0,1,1
97,2023-02-06T14:56:40.000000000,2023-02-06T14:57:38.000000000,0.0,0,1,0.0,0,1,0.0,0,1,0.664887,1,1,0.776751,1,1,0.0,0,1,0.776751,1,1,0.0,0,1,0.0,0,1,0.333333,0,1,0.006745,0,1,0.041333,0,1,4.9e-05,0,1,0.006598,0,1,0.0,0,1,0.0,0,1,0.0,0,1,0.0,0,1,0.0,0,1,0.0,0,1,0.0,0,1,1
98,2023-02-06T14:57:10.000000000,2023-02-06T14:58:08.000000000,1e-06,0,0,2e-06,0,0,1.0,1,0,0.66412,1,0,0.776094,1,0,6.1e-05,0,0,0.776094,1,0,0.001077,0,0,0.00085,0,0,1.0,1,0,0.157722,0,0,0.0,0,0,0.027255,0,0,0.19007,0,0,0.0,0,0,0.0,0,0,0.0,0,0,0.0,0,0,0.0,0,0,0.0,0,0,0.0,0,0,1
99,2023-02-06T14:57:40.000000000,2023-02-06T14:58:38.000000000,0.00096,0,0,0.001443,0,0,1.0,1,0,0.543786,1,0,0.594759,1,0,0.359326,0,0,0.594759,1,0,1.0,1,0,0.990645,1,0,0.666667,1,0,0.999907,1,0,0.966399,1,0,0.995117,1,0,0.964846,1,0,0.0,0,0,0.0,0,0,0.0,0,0,0.0,0,0,0.0,0,0,0.0,0,0,0.0,0,0,1
100,2023-02-06T14:58:10.000000000,2023-02-06T14:59:08.000000000,1.0,1,0,1.0,1,0,0.333333,0,0,0.903382,1,0,0.809511,1,0,0.999953,1,0,0.809511,1,0,0.156839,0,0,0.170466,0,0,0.333333,0,0,0.987632,1,0,1.0,1,0,0.959941,1,0,1.0,1,0,0.0,0,0,0.0,0,0,0.0,0,0,0.0,0,0,0.0,0,0,0.0,0,0,0.0,0,0,1
101,2023-02-06T14:58:40.000000000,2023-02-06T14:59:38.000000000,0.244454,0,0,0.276453,0,0,0.333333,0,0,0.993096,1,0,0.989927,1,0,0.420871,0,0,0.989927,1,0,7.4e-05,0,0,6.4e-05,0,0,1.0,1,0,0.020818,0,0,0.036436,0,0,0.000471,0,0,0.023386,0,0,0.0,0,0,0.0,0,0,0.0,0,0,0.0,0,0,0.0,0,0,0.0,0,0,0.0,0,0,1
102,2023-02-06T14:59:10.000000000,2023-02-06T15:00:08.000000000,5.9e-05,0,0,8e-05,0,0,1.0,1,0,0.663699,1,0,0.775715,1,0,0.000189,0,0,0.775715,1,0,0.0,0,0,0.0,0,0,0.0,0,0,0.0,0,0,0.044168,0,0,0.0,0,0,0.0,0,0,0.0,0,0,0.0,0,0,0.0,0,0,0.0,0,0,0.0,0,0,0.0,0,0,0.0,0,0,1
103,2023-02-06T14:59:40.000000000,2023-02-06T15:00:38.000000000,0.0,0,1,0.0,0,1,0.0,0,1,0.664749,1,1,0.776634,1,1,0.0,0,1,0.776634,1,1,0.0,0,1,0.0,0,1,0.0,0,1,0.0,0,1,0.044168,0,1,0.0,0,1,0.0,0,1,0.0,0,1,0.0,0,1,0.0,0,1,0.0,0,1,0.0,0,1,0.0,0,1,0.0,0,1,1
104,2023-02-06T15:00:10.000000000,2023-02-06T15:01:08.000000000,0.0,0,1,0.0,0,1,0.0,0,1,0.664887,1,1,0.776751,1,1,0.0,0,1,0.776751,1,1,1e-06,0,1,1e-06,0,1,1.0,1,1,0.011265,0,1,0.041981,0,1,0.00014,0,1,0.012435,0,1,0.0,0,1,0.0,0,1,0.0,0,1,0.0,0,1,0.0,0,1,0.0,0,1,0.0,0,1,1
105,2023-02-06T15:00:40.000000000,2023-02-06T15:01:38.000000000,0.0,0,0,0.0,0,0,0.0,0,0,0.664887,1,0,0.776751,1,0,0.0,0,0,0.776751,1,0,0.001588,0,0,0.001209,0,0,1.0,1,0,0.51637,1,0,0.501043,1,0,0.267735,0,0,0.477987,0,0,0.0,0,0,0.0,0,0,0.0,0,0,0.0,0,0,0.0,0,0,0.0,0,0,0.0,0,0,1
106,2023-02-06T15:01:10.000000000,2023-02-06T15:02:08.000000000,0.0,0,0,0.0,0,0,0.0,0,0,0.664887,1,0,0.776751,1,0,0.0,0,0,0.776751,1,0,0.2139,0,0,0.255962,0,0,0.333333,0,0,0.531109,1,0,0.502868,1,0,0.28459,0,0,0.481998,0,0,0.0,0,0,0.0,0,0,0.0,0,0,0.0,0,0,0.0,0,0,0.0,0,0,0.0,0,0,1
107,2023-02-06T15:01:40.000000000,2023-02-06T15:02:38.000000000,0.0,0,1,0.0,0,1,0.0,0,1,0.664887,1,1,0.776751,1,1,0.0,0,1,0.776751,1,1,0.003481,0,1,0.002511,0,1,1.0,1,1,0.124864,0,1,0.043125,0,1,0.01724,0,1,0.144195,0,1,0.0,0,1,0.0,0,1,0.0,0,1,0.0,0,1,0.0,0,1,0.0,0,1,0.0,0,1,1
108,2023-02-06T15:02:10.000000000,2023-02-06T15:03:08.000000000,0.0,0,0,0.0,0,0,0.0,0,0,0.664887,1,0,0.776751,1,0,0.0,0,0,0.776751,1,0,3e-06,0,0,4e-06,0,0,1.0,1,0,0.005008,0,0,0.043488,0,0,2.8e-05,0,0,0.005012,0,0,0.0,0,0,0.0,0,0,0.0,0,0,0.0,0,0,0.0,0,0,0.0,0,0,0.0,0,0,1
109,2023-02-06T15:02:40.000000000,2023-02-06T15:03:38.000000000,0.0,0,0,0.0,0,0,0.0,0,0,0.664887,1,0,0.776751,1,0,0.0,0,0,0.776751,1,0,0.0,0,0,0.0,0,0,0.0,0,0,0.0,0,0,0.044168,0,0,0.0,0,0,0.0,0,0,0.0,0,0,0.0,0,0,0.0,0,0,0.0,0,0,0.0,0,0,0.0,0,0,0.0,0,0,1
110,2023-02-06T15:03:10.000000000,2023-02-06T15:04:08.000000000,0.0,0,1,0.0,0,1,0.0,0,1,0.664887,1,1,0.776751,1,1,0.0,0,1,0.776751,1,1,0.0,0,1,0.0,0,1,0.0,0,1,0.0,0,1,0.044168,0,1,0.0,0,1,0.0,0,1,0.0,0,1,0.0,0,1,0.0,0,1,0.0,0,1,0.0,0,1,0.0,0,1,0.0,0,1,1
111,2023-02-06T15:03:40.000000000,2023-02-06T15:04:38.000000000,0.0,0,1,0.0,0,1,0.0,0,1,0.664887,1,1,0.776751,1,1,0.0,0,1,0.776751,1,1,0.0,0,1,0.0,0,1,0.0,0,1,0.0,0,1,0.044168,0,1,0.0,0,1,0.0,0,1,0.0,0,1,0.0,0,1,0.0,0,1,0.0,0,1,0.0,0,1,0.0,0,1,0.0,0,1,1
112,2023-02-06T15:04:10.000000000,2023-02-06T15:05:08.000000000,0.0,0,1,0.0,0,1,0.0,0,1,0.664887,1,1,0.776751,1,1,0.0,0,1,0.776751,1,1,0.0,0,1,0.0,0,1,0.0,0,1,0.0,0,1,0.044168,0,1,0.0,0,1,0.0,0,1,0.0,0,1,0.0,0,1,0.0,0,1,0.0,0,1,0.0,0,1,0.0,0,1,0.0,0,1,1
113,2023-02-06T15:04:40.000000000,2023-02-06T15:05:38.000000000,0.0,0,1,0.0,0,1,0.0,0,1,0.664887,1,1,0.776751,1,1,0.0,0,1,0.776751,1,1,0.0,0,1,0.0,0,1,0.333333,0,1,0.003007,0,1,0.042504,0,1,1e-05,0,1,0.003016,0,1,0.0,0,1,0.0,0,1,0.0,0,1,0.0,0,1,0.0,0,1,0.0,0,1,0.0,0,1,1
114,2023-02-06T15:05:10.000000000,2023-02-06T15:06:08.000000000,1e-06,0,1,1e-06,0,1,1.0,1,1,0.664628,1,1,0.776528,1,1,2.8e-05,0,1,0.776528,1,1,0.000185,0,1,0.000142,0,1,1.0,1,1,0.069912,0,1,0.027546,0,1,0.005369,0,1,0.08045,0,1,0.0,0,1,0.0,0,1,0.0,0,1,0.0,0,1,0.0,0,1,0.0,0,1,0.0,0,1,1
115,2023-02-06T15:05:40.000000000,2023-02-06T15:06:38.000000000,0.000346,0,0,0.000444,0,0,1.0,1,0,0.564669,1,0,0.624668,1,0,0.313108,0,0,0.624668,1,0,0.556847,1,0,0.596654,1,0,0.666667,1,0,0.847371,1,0,0.96118,1,0,0.684777,1,0,0.959386,1,0,0.0,0,0,0.0,0,0,0.0,0,0,0.0,0,0,0.0,0,0,0.0,0,0,0.0,0,0,1
116,2023-02-06T15:06:10.000000000,2023-02-06T15:07:08.000000000,0.937512,1,0,0.943078,1,0,0.333333,0,0,0.918475,1,0,0.840111,1,0,0.911806,1,0,0.840111,1,0,0.179985,0,0,0.146108,0,0,0.333333,0,0,0.844533,1,0,0.972454,1,0,0.676764,1,0,0.971181,1,0,0.0,0,0,0.0,0,0,0.0,0,0,0.0,0,0,0.0,0,0,0.0,0,0,0.0,0,0,1
117,2023-02-06T15:06:40.000000000,2023-02-06T15:07:38.000000000,0.244266,0,0,0.27484,0,0,0.333333,0,0,0.993249,1,0,0.991086,1,0,0.414212,0,0,0.991086,1,0,2.3e-05,0,0,1.9e-05,0,0,1.0,1,0,0.008747,0,0,0.040485,0,0,8.3e-05,0,0,0.009983,0,0,0.0,0,0,0.0,0,0,0.0,0,0,0.0,0,0,0.0,0,0,0.0,0,0,0.0,0,0,1
118,2023-02-06T15:07:10.000000000,2023-02-06T15:08:08.000000000,5.8e-05,0,1,7.9e-05,0,1,1.0,1,1,0.663738,1,1,0.77575,1,1,0.00018,0,1,0.77575,1,1,0.0,0,1,0.0,0,1,0.0,0,1,0.0,0,1,0.044168,0,1,0.0,0,1,0.0,0,1,0.0,0,1,0.0,0,1,0.0,0,1,0.0,0,1,0.0,0,1,0.0,0,1,0.0,0,1,1
119,2023-02-06T15:07:40.000000000,2023-02-06T15:08:38.000000000,0.0,0,0,0.0,0,0,0.0,0,0,0.664749,1,0,0.776634,1,0,0.0,0,0,0.776634,1,0,0.0,0,0,0.0,0,0,0.0,0,0,0.0,0,0,0.044168,0,0,0.0,0,0,0.0,0,0,0.0,0,0,0.0,0,0,0.0,0,0,0.0,0,0,0.0,0,0,0.0,0,0,0.0,0,0,1
120,2023-02-06T15:08:10.000000000,2023-02-06T15:09:08.000000000,0.0,0,1,0.0,0,1,0.0,0,1,0.664887,1,1,0.776751,1,1,0.0,0,1,0.776751,1,1,0.0,0,1,0.0,0,1,0.0,0,1,0.0,0,1,0.044168,0,1,0.0,0,1,0.0,0,1,0.0,0,1,0.0,0,1,0.0,0,1,0.0,0,1,0.0,0,1,0.0,0,1,0.0,0,1,1
121,2023-02-06T15:08:40.000000000,2023-02-06T15:09:38.000000000,0.0,0,1,0.0,0,1,0.0,0,1,0.664887,1,1,0.776751,1,1,0.0,0,1,0.776751,1,1,0.0,0,1,0.0,0,1,0.0,0,1,0.0,0,1,0.044168,0,1,0.0,0,1,0.0,0,1,0.0,0,1,0.0,0,1,0.0,0,1,0.0,0,1,0.0,0,1,0.0,0,1,0.0,0,1,1
122,2023-02-06T15:09:10.000000000,2023-02-06T15:10:08.000000000,0.0,0,1,0.0,0,1,0.0,0,1,0.664887,1,1,0.776751,1,1,0.0,0,1,0.776751,1,1,0.0,0,1,0.0,0,1,0.0,0,1,0.0,0,1,0.044168,0,1,0.0,0,1,0.0,0,1,0.0,0,1,0.0,0,1,0.0,0,1,0.0,0,1,0.0,0,1,0.0,0,1,0.0,0,1,1
123,2023-02-06T15:09:40.000000000,2023-02-06T15:10:38.000000000,0.0,0,0,0.0,0,0,0.0,0,0,0.664887,1,0,0.776751,1,0,0.0,0,0,0.776751,1,0,0.0,0,0,0.0,0,0,0.0,0,0,0.0,0,0,0.044168,0,0,0.0,0,0,0.0,0,0,0.0,0,0,0.0,0,0,0.0,0,0,0.0,0,0,0.0,0,0,0.0,0,0,0.0,0,0,1
124,2023-02-06T15:10:10.000000000,2023-02-06T15:11:08.000000000,0.0,0,0,0.0,0,0,0.0,0,0,0.664887,1,0,0.776751,1,0,0.0,0,0,0.776751,1,0,0.0,0,0,0.0,0,0,0.0,0,0,0.0,0,0,0.044168,0,0,0.0,0,0,0.0,0,0,0.0,0,0,0.0,0,0,0.0,0,0,0.0,0,0,0.0,0,0,0.0,0,0,0.0,0,0,1
