timestamp,i3_photoresistor_baseband,i3_photoresistor_am_demodulated,current_state_binary
2023-02-06 14:08:10,0.018089,0.384377,1
2023-02-06 14:08:12,0.017886,0.510819,1
2023-02-06 14:08:14,0.017739,0.439471,1
2023-02-06 14:08:16,0.017924,0.561335,1
2023-02-06 14:08:18,0.0183,0.49324,1
2023-02-06 14:08:20,0.018297,0.41071,1
2023-02-06 14:08:22,0.017672,0.332739,1
2023-02-06 14:08:24,0.017185,0.298415,1
2023-02-06 14:08:26,0.017808,0.317303,1
2023-02-06 14:08:28,0.019051,0.313348,1
2023-02-06 14:08:30,0.01904,0.393227,1
2023-02-06 14:08:32,0.017162,0.424535,1
2023-02-06 14:08:34,0.015768,0.387776,1
2023-02-06 14:08:36,0.017479,0.389237,1
2023-02-06 14:08:38,0.020769,0.401767,1
2023-02-06 14:08:40,0.020738,0.394609,1
2023-02-06 14:08:42,0.015988,0.328618,1
2023-02-06 14:08:44,0.012506,0.34158,1
2023-02-06 14:08:46,0.016818,0.366536,1
2023-02-06 14:08:48,0.025252,0.329543,1
2023-02-06 14:08:50,0.025165,0.359739,1
2023-02-06 14:08:52,0.011456,0.354227,1
2023-02-06 14:08:54,0.0,0.383601,1
2023-02-06 14:08:56,0.017816,0.447511,1
2023-02-06 14:08:58,0.075583,0.424214,1
2023-02-06 14:09:00,0.151967,0.450737,1
2023-02-06 14:09:02,0.209563,0.45207,1
2023-02-06 14:09:04,0.227478,0.442835,1
2023-02-06 14:09:06,0.216638,0.469043,1
2023-02-06 14:09:08,0.2037,0.478669,1
2023-02-06 14:09:10,0.203998,0.543481,1
2023-02-06 14:09:12,0.212406,0.516756,1
2023-02-06 14:09:14,0.216763,0.475139,1
2023-02-06 14:09:16,0.213651,0.504391,1
2023-02-06 14:09:18,0.209066,0.42925,1
2023-02-06 14:09:20,0.208298,0.431442,1
2023-02-06 14:09:22,0.210135,0.453949,1
2023-02-06 14:09:24,0.21088,0.434068,1
2023-02-06 14:09:26,0.210007,0.491423,1
2023-02-06 14:09:28,0.209721,0.489408,1
2023-02-06 14:09:30,0.210854,0.497383,1
2023-02-06 14:09:32,0.21178,0.518318,1
2023-02-06 14:09:34,0.21122,0.474346,1
2023-02-06 14:09:36,0.21013,0.475677,1
2023-02-06 14:09:38,0.210103,0.471507,1
2023-02-06 14:09:40,0.211099,0.463386,1
2023-02-06 14:09:42,0.211773,0.442685,1
2023-02-06 14:09:44,0.211498,0.434038,1
2023-02-06 14:09:46,0.211059,0.471182,1
2023-02-06 14:09:48,0.211355,0.442193,1
2023-02-06 14:09:50,0.212204,0.482025,1
2023-02-06 14:09:52,0.212591,0.538567,1
2023-02-06 14:09:54,0.212478,0.483909,1
2023-02-06 14:09:56,0.212652,0.491101,1
2023-02-06 14:09:58,0.213602,0.489761,1
2023-02-06 14:10:00,0.214725,0.496179,1
2023-02-06 14:10:02,0.214908,0.508919,1
2023-02-06 14:10:04,0.213815,0.421687,1
2023-02-06 14:10:06,0.212359,0.447767,1
2023-02-06 14:10:08,0.211782,0.483747,1
2023-02-06 14:10:10,0.21244,0.413207,1
2023-02-06 14:10:12,0.213589,0.441432,1
2023-02-06 14:10:14,0.214258,0.472068,1
2023-02-06 14:10:16,0.214193,0.456726,1
2023-02-06 14:10:18,0.213882,0.461263,1
2023-02-06 14:10:20,0.213908,0.445141,1
2023-02-06 14:10:22,0.214382,0.45549,1
2023-02-06 14:10:24,0.214986,0.479271,1
2023-02-06 14:10:26,0.21534,0.465529,1
2023-02-06 14:10:28,0.215259,0.431473,1
2023-02-06 14:10:30,0.214773,0.428423,1
2023-02-06 14:10:32,0.214003,0.446002,1
2023-02-06 14:10:34,0.213119,0.434541,1
2023-02-06 14:10:36,0.212324,0.450424,1
2023-02-06 14:10:38,0.211813,0.467636,1
2023-02-06 14:10:40,0.211693,0.447019,1
2023-02-06 14:10:42,0.211938,0.468638,1
2023-02-06 14:10:44,0.212367,0.484452,1
2023-02-06 14:10:46,0.21268,0.450504,1
2023-02-06 14:10:48,0.212571,0.452869,1
2023-02-06 14:10:50,0.211937,0.488128,1
2023-02-06 14:10:52,0.211062,0.477266,1
2023-02-06 14:10:54,0.210492,0.467502,1
2023-02-06 14:10:56,0.210586,0.509094,1
2023-02-06 14:10:58,0.211089,0.498151,1
2023-02-06 14:11:00,0.211307,0.453988,1
2023-02-06 14:11:02,0.210744,0.475718,1
2023-02-06 14:11:04,0.209625,0.487475,1
2023-02-06 14:11:06,0.208722,0.470136,1
2023-02-06 14:11:08,0.208632,0.477629,1
2023-02-06 14:11:10,0.209207,0.494179,1
2023-02-06 14:11:12,0.20983,0.496679,1
2023-02-06 14:11:14,0.210092,0.489992,1
2023-02-06 14:11:16,0.210122,0.517601,1
2023-02-06 14:11:18,0.210245,0.54669,1
2023-02-06 14:11:20,0.21049,0.522181,1
2023-02-06 14:11:22,0.210575,0.510051,1
2023-02-06 14:11:24,0.210322,0.520851,1
2023-02-06 14:11:26,0.209891,0.489073,1
2023-02-06 14:11:28,0.209481,0.438197,1
2023-02-06 14:11:30,0.208983,0.458463,1
2023-02-06 14:11:32,0.208143,0.508325,1
2023-02-06 14:11:34,0.207028,0.476521,1
2023-02-06 14:11:36,0.206009,0.468924,1
2023-02-06 14:11:38,0.205149,0.516718,1
2023-02-06 14:11:40,0.20393,0.47448,1
2023-02-06 14:11:42,0.20199,0.478732,1
2023-02-06 14:11:44,0.200026,0.521713,1
2023-02-06 14:11:46,0.199436,0.437794,1
2023-02-06 14:11:48,0.2005,0.419577,1
2023-02-06 14:11:50,0.201164,0.481541,1
2023-02-06 14:11:52,0.198394,0.479569,1
2023-02-06 14:11:54,0.191131,0.481996,1
2023-02-06 14:11:56,0.181916,0.452788,1
2023-02-06 14:11:58,0.17501,0.434486,1
2023-02-06 14:12:00,0.172705,0.468258,1
2023-02-06 14:12:02,0.173518,0.45767,1
2023-02-06 14:12:04,0.174108,0.475237,1
2023-02-06 14:12:06,0.17271,0.476249,1
2023-02-06 14:12:08,0.170443,0.409741,1
2023-02-06 14:12:10,0.169384,0.411375,1
2023-02-06 14:12:12,0.169945,0.439411,1
2023-02-06 14:12:14,0.170491,0.42453,1
2023-02-06 14:12:16,0.169421,0.415615,1
2023-02-06 14:12:18,0.167179,0.443437,1
2023-02-06 14:12:20,0.165686,0.432644,1
2023-02-06 14:12:22,0.165923,0.372003,1
2023-02-06 14:12:24,0.166593,0.401903,1
2023-02-06 14:12:26,0.165607,0.429562,1
2023-02-06 14:12:28,0.162755,0.409078,1
2023-02-06 14:12:30,0.160264,0.428397,1
2023-02-06 14:12:32,0.160173,0.398451,1
2023-02-06 14:12:34,0.161279,0.412194,1
2023-02-06 14:12:36,0.159568,0.486667,1
2023-02-06 14:12:38,0.152457,0.471388,1
2023-02-06 14:12:40,0.142355,0.469099,1
2023-02-06 14:12:42,0.135068,0.463924,1
2023-02-06 14:12:44,0.134015,0.448813,1
2023-02-06 14:12:46,0.13662,0.503284,1
2023-02-06 14:12:48,0.137359,0.483935,1
2023-02-06 14:12:50,0.134342,0.44695,1
2023-02-06 14:12:52,0.131856,0.453573,1
2023-02-06 14:12:54,0.135401,0.403551,1
2023-02-06 14:12:56,0.144702,0.420378,1
2023-02-06 14:12:58,0.152866,0.472091,1
2023-02-06 14:13:00,0.153027,0.45301,1
2023-02-06 14:13:02,0.145225,0.454154,1
2023-02-06 14:13:04,0.135936,0.469012,1
2023-02-06 14:13:06,0.131365,0.444151,1
2023-02-06 14:13:08,0.132005,0.414501,1
2023-02-06 14:13:10,0.133857,0.421852,1
2023-02-06 14:13:12,0.133634,0.419757,1
2023-02-06 14:13:14,0.131652,0.385551,1
2023-02-06 14:13:16,0.130027,0.394726,1
2023-02-06 14:13:18,0.129543,0.393679,1
2023-02-06 14:13:20,0.129179,0.361965,1
2023-02-06 14:13:22,0.128026,0.407191,1
2023-02-06 14:13:24,0.126589,0.411104,1
2023-02-06 14:13:26,0.126027,0.356253,1
2023-02-06 14:13:28,0.126666,0.397809,1
2023-02-06 14:13:30,0.127641,0.389444,1
2023-02-06 14:13:32,0.127756,0.35577,1
2023-02-06 14:13:34,0.126363,0.451274,1
2023-02-06 14:13:36,0.123844,0.445723,1
2023-02-06 14:13:38,0.121538,0.390603,1
2023-02-06 14:13:40,0.120887,0.452051,1
2023-02-06 14:13:42,0.12196,0.419021,1
2023-02-06 14:13:44,0.122619,0.373566,1
2023-02-06 14:13:46,0.119802,0.421911,1
2023-02-06 14:13:48,0.112341,0.395418,1
2023-02-06 14:13:50,0.10254,0.386273,1
2023-02-06 14:13:52,0.094623,0.422372,1
2023-02-06 14:13:54,0.091282,0.422451,1
2023-02-06 14:13:56,0.091654,0.425353,1
2023-02-06 14:13:58,0.092873,0.418448,1
2023-02-06 14:14:00,0.092909,0.400856,1
2023-02-06 14:14:02,0.091784,0.372605,1
2023-02-06 14:14:04,0.090496,0.379529,1
2023-02-06 14:14:06,0.089526,0.4211,1
2023-02-06 14:14:08,0.088729,0.422284,1
2023-02-06 14:14:10,0.088105,0.447824,1
2023-02-06 14:14:12,0.087853,0.432611,1
2023-02-06 14:14:14,0.087733,0.364364,1
2023-02-06 14:14:16,0.087074,0.386514,1
2023-02-06 14:14:18,0.08559,0.381915,1
2023-02-06 14:14:20,0.084024,0.344605,1
2023-02-06 14:14:22,0.083369,0.361546,1
2023-02-06 14:14:24,0.083567,0.379093,1
2023-02-06 14:14:26,0.083579,0.434956,1
2023-02-06 14:14:28,0.082838,0.477065,1
2023-02-06 14:14:30,0.082056,0.459748,1
2023-02-06 14:14:32,0.08215,0.424475,1
2023-02-06 14:14:34,0.08266,0.377481,1
2023-02-06 14:14:36,0.081914,0.408931,1
2023-02-06 14:14:38,0.078942,0.463527,1
2023-02-06 14:14:40,0.07489,0.426108,1
2023-02-06 14:14:42,0.072245,0.373348,1
2023-02-06 14:14:44,0.072675,0.382146,1
2023-02-06 14:14:46,0.07576,0.403743,1
2023-02-06 14:14:48,0.079432,0.387288,1
2023-02-06 14:14:50,0.081408,0.410097,1
2023-02-06 14:14:52,0.080349,0.454196,1
2023-02-06 14:14:54,0.076496,0.422208,1
2023-02-06 14:14:56,0.071527,0.444976,1
2023-02-06 14:14:58,0.067562,0.473619,1
2023-02-06 14:15:00,0.06564,0.390414,1
2023-02-06 14:15:02,0.064934,0.386302,1
2023-02-06 14:15:04,0.063661,0.416548,1
2023-02-06 14:15:06,0.060903,0.378633,1
2023-02-06 14:15:08,0.057458,0.405918,1
2023-02-06 14:15:10,0.054821,0.415065,1
2023-02-06 14:15:12,0.053551,0.348748,1
2023-02-06 14:15:14,0.052893,0.351966,1
2023-02-06 14:15:16,0.051892,0.389454,1
2023-02-06 14:15:18,0.050502,0.36177,1
2023-02-06 14:15:20,0.049521,0.343954,1
2023-02-06 14:15:22,0.049495,0.369705,1
2023-02-06 14:15:24,0.049974,0.35367,1
2023-02-06 14:15:26,0.049875,0.330197,1
2023-02-06 14:15:28,0.048704,0.358056,1
2023-02-06 14:15:30,0.047182,0.370036,1
2023-02-06 14:15:32,0.046724,0.377818,1
2023-02-06 14:15:34,0.048074,0.405144,1
2023-02-06 14:15:36,0.05026,0.385768,1
2023-02-06 14:15:38,0.051328,0.357431,1
2023-02-06 14:15:40,0.050121,0.372535,1
2023-02-06 14:15:42,0.047467,0.332218,1
2023-02-06 14:15:44,0.045359,0.269123,1
2023-02-06 14:15:46,0.044895,0.31632,1
2023-02-06 14:15:48,0.045253,0.345262,1
2023-02-06 14:15:50,0.044872,0.324997,1
2023-02-06 14:15:52,0.043425,0.347934,1
2023-02-06 14:15:54,0.042273,0.358462,1
2023-02-06 14:15:56,0.042732,0.398327,1
2023-02-06 14:15:58,0.043837,0.428087,1
2023-02-06 14:16:00,0.042561,0.399496,1
2023-02-06 14:16:02,0.036687,0.430052,1
2023-02-06 14:16:04,0.027673,0.398886,1
2023-02-06 14:16:06,0.020385,0.335505,1
2023-02-06 14:16:08,0.019111,0.366365,1
2023-02-06 14:16:10,0.023592,0.333427,1
2023-02-06 14:16:12,0.029017,0.348275,1
2023-02-06 14:16:14,0.030364,0.382531,1
2023-02-06 14:16:16,0.026786,0.27399,1
2023-02-06 14:16:18,0.021751,0.294914,1
2023-02-06 14:16:20,0.019167,0.407967,1
2023-02-06 14:16:22,0.019825,0.436775,1
2023-02-06 14:16:24,0.021652,0.444142,1
2023-02-06 14:16:26,0.02248,0.353581,1
2023-02-06 14:16:28,0.021894,0.303195,1
2023-02-06 14:16:30,0.020683,0.350203,1
2023-02-06 14:16:32,0.019567,0.350916,1
2023-02-06 14:16:34,0.018957,0.403052,1
2023-02-06 14:16:36,0.019143,0.412148,1
2023-02-06 14:16:38,0.019921,0.349923,1
2023-02-06 14:16:40,0.020298,0.335103,1
2023-02-06 14:16:42,0.019521,0.335301,1
2023-02-06 14:16:44,0.018526,0.352965,1
2023-02-06 14:16:46,0.01944,0.341708,1
2023-02-06 14:16:48,0.022962,0.324597,1
2023-02-06 14:16:50,0.026795,0.358675,1
2023-02-06 14:16:52,0.027766,0.350994,1
2023-02-06 14:16:54,0.025626,0.352397,1
2023-02-06 14:16:56,0.023953,0.364482,1
2023-02-06 14:16:58,0.026494,0.324597,1
2023-02-06 14:17:00,0.03318,0.334107,1
2023-02-06 14:17:02,0.040295,0.368633,1
2023-02-06 14:17:04,0.044383,0.365386,1
2023-02-06 14:17:06,0.045248,0.375907,1
2023-02-06 14:17:08,0.045096,0.36896,1
2023-02-06 14:17:10,0.045513,0.351575,1
2023-02-06 14:17:12,0.046286,0.372116,1
2023-02-06 14:17:14,0.046768,0.345001,1
2023-02-06 14:17:16,0.047274,0.316186,1
2023-02-06 14:17:18,0.048518,0.369951,1
2023-02-06 14:17:20,0.050248,0.366979,1
2023-02-06 14:17:22,0.051312,0.37089,1
2023-02-06 14:17:24,0.051284,0.431622,1
2023-02-06 14:17:26,0.051219,0.398121,1
2023-02-06 14:17:28,0.052402,0.38233,1
2023-02-06 14:17:30,0.054556,0.400655,1
2023-02-06 14:17:32,0.056069,0.336332,1
2023-02-06 14:17:34,0.056158,0.357765,1
2023-02-06 14:17:36,0.056299,0.427836,1
2023-02-06 14:17:38,0.058995,0.426538,1
2023-02-06 14:17:40,0.065067,0.405121,1
2023-02-06 14:17:42,0.072597,0.38768,1
2023-02-06 14:17:44,0.078627,0.387464,1
2023-02-06 14:17:46,0.081749,0.385309,1
2023-02-06 14:17:48,0.082697,0.4007,1
2023-02-06 14:17:50,0.083056,0.389492,1
2023-02-06 14:17:52,0.08383,0.380683,1
2023-02-06 14:17:54,0.08529,0.47221,1
2023-02-06 14:17:56,0.087293,0.464073,1
2023-02-06 14:17:58,0.089265,0.375097,1
2023-02-06 14:18:00,0.090373,0.396252,1
2023-02-06 14:18:02,0.09046,0.399053,1
2023-02-06 14:18:04,0.091009,0.380039,1
2023-02-06 14:18:06,0.094402,0.408323,1
2023-02-06 14:18:08,0.101561,0.471567,1
2023-02-06 14:18:10,0.110442,0.475682,1
2023-02-06 14:18:12,0.117441,0.37615,1
2023-02-06 14:18:14,0.120495,0.392944,1
2023-02-06 14:18:16,0.120634,0.442391,1
2023-02-06 14:18:18,0.120547,0.410041,1
2023-02-06 14:18:20,0.121952,0.45786,1
2023-02-06 14:18:22,0.124447,0.481643,1
2023-02-06 14:18:24,0.126566,0.441814,1
2023-02-06 14:18:26,0.127493,0.459602,1
2023-02-06 14:18:28,0.127759,0.490465,1
2023-02-06 14:18:30,0.128536,0.466416,1
2023-02-06 14:18:32,0.130326,0.429183,1
2023-02-06 14:18:34,0.132291,0.459725,1
2023-02-06 14:18:36,0.133062,0.449211,1
2023-02-06 14:18:38,0.132418,0.420523,1
2023-02-06 14:18:40,0.132214,0.437364,1
2023-02-06 14:18:42,0.135107,0.414612,1
2023-02-06 14:18:44,0.14192,0.445174,1
2023-02-06 14:18:46,0.1504,0.440615,1
2023-02-06 14:18:48,0.156936,0.396531,1
2023-02-06 14:18:50,0.159654,0.470382,1
2023-02-06 14:18:52,0.159658,0.444869,1
2023-02-06 14:18:54,0.15938,0.421707,1
2023-02-06 14:18:56,0.160154,0.46152,1
2023-02-06 14:18:58,0.161569,0.38798,1
2023-02-06 14:19:00,0.162625,0.425862,1
2023-02-06 14:19:02,0.162851,0.478285,1
2023-02-06 14:19:04,0.162377,0.422672,1
2023-02-06 14:19:06,0.161478,0.418792,1
2023-02-06 14:19:08,0.160579,0.449606,1
2023-02-06 14:19:10,0.160313,0.496131,1
2023-02-06 14:19:12,0.161076,0.497826,1
2023-02-06 14:19:14,0.162533,0.469928,1
2023-02-06 14:19:16,0.163664,0.466128,1
2023-02-06 14:19:18,0.163813,0.441434,1
2023-02-06 14:19:20,0.1634,0.487695,1
2023-02-06 14:19:22,0.163418,0.493922,1
2023-02-06 14:19:24,0.164298,0.453739,1
2023-02-06 14:19:26,0.165433,0.483421,1
2023-02-06 14:19:28,0.165892,0.418542,1
2023-02-06 14:19:30,0.16553,0.363855,1
2023-02-06 14:19:32,0.165187,0.430531,1
2023-02-06 14:19:34,0.165746,0.445688,1
2023-02-06 14:19:36,0.1671,0.415304,1
2023-02-06 14:19:38,0.16828,0.42565,1
2023-02-06 14:19:40,0.168771,0.522592,1
2023-02-06 14:19:42,0.169266,0.511338,1
2023-02-06 14:19:44,0.17073,0.406713,1
2023-02-06 14:19:46,0.172783,0.47929,1
2023-02-06 14:19:48,0.173627,0.512138,1
2023-02-06 14:19:50,0.172206,0.462106,1
2023-02-06 14:19:52,0.170179,0.479841,1
2023-02-06 14:19:54,0.170765,0.44646,1
2023-02-06 14:19:56,0.175125,0.41297,1
2023-02-06 14:19:58,0.180384,0.434724,1
2023-02-06 14:20:00,0.182071,0.446715,1
2023-02-06 14:20:02,0.17868,0.442145,1
2023-02-06 14:20:04,0.173279,0.416554,1
2023-02-06 14:20:06,0.170319,0.428379,1
2023-02-06 14:20:08,0.171252,0.452297,1
2023-02-06 14:20:10,0.173694,0.444479,1
2023-02-06 14:20:12,0.174544,0.448851,1
2023-02-06 14:20:14,0.173173,0.482451,1
2023-02-06 14:20:16,0.171332,0.490871,1
2023-02-06 14:20:18,0.17062,0.421539,1
2023-02-06 14:20:20,0.170884,0.395988,1
2023-02-06 14:20:22,0.170966,0.450433,1
2023-02-06 14:20:24,0.170321,0.472824,1
2023-02-06 14:20:26,0.16946,0.488844,1
2023-02-06 14:20:28,0.169061,0.471741,1
2023-02-06 14:20:30,0.169173,0.447909,1
2023-02-06 14:20:32,0.169398,0.477624,1
2023-02-06 14:20:34,0.169505,0.470034,1
2023-02-06 14:20:36,0.169639,0.453352,1
2023-02-06 14:20:38,0.169968,0.432333,1
2023-02-06 14:20:40,0.170389,0.365839,1
2023-02-06 14:20:42,0.170656,0.390649,1
2023-02-06 14:20:44,0.170695,0.48564,1
2023-02-06 14:20:46,0.170635,0.472949,1
2023-02-06 14:20:48,0.170548,0.39813,1
2023-02-06 14:20:50,0.170253,0.452,1
2023-02-06 14:20:52,0.169569,0.529271,1
2023-02-06 14:20:54,0.168817,0.49841,1
2023-02-06 14:20:56,0.168646,0.479397,1
2023-02-06 14:20:58,0.169402,0.497462,1
2023-02-06 14:21:00,0.170621,0.477143,1
2023-02-06 14:21:02,0.171343,0.447369,1
2023-02-06 14:21:04,0.171082,0.430813,1
2023-02-06 14:21:06,0.170314,0.414094,1
2023-02-06 14:21:08,0.169879,0.372821,1
2023-02-06 14:21:10,0.17,0.366427,1
2023-02-06 14:21:12,0.170071,0.423864,1
2023-02-06 14:21:14,0.169505,0.427659,1
2023-02-06 14:21:16,0.168498,0.399523,1
2023-02-06 14:21:18,0.167768,0.430899,1
2023-02-06 14:21:20,0.167744,0.441653,1
2023-02-06 14:21:22,0.168082,0.420556,1
2023-02-06 14:21:24,0.168002,0.435111,1
2023-02-06 14:21:26,0.167205,0.427743,1
2023-02-06 14:21:28,0.166232,0.411799,1
2023-02-06 14:21:30,0.165867,0.43912,1
2023-02-06 14:21:32,0.166206,0.447488,1
2023-02-06 14:21:34,0.166454,0.468676,1
2023-02-06 14:21:36,0.165859,0.476126,1
2023-02-06 14:21:38,0.164867,0.42982,1
2023-02-06 14:21:40,0.164806,0.455759,1
2023-02-06 14:21:42,0.166018,0.456072,1
2023-02-06 14:21:44,0.16669,0.370811,1
2023-02-06 14:21:46,0.16466,0.37201,1
2023-02-06 14:21:48,0.160683,0.404709,1
2023-02-06 14:21:50,0.158776,0.388902,1
2023-02-06 14:21:52,0.161595,0.359569,1
2023-02-06 14:21:54,0.166161,0.353735,1
2023-02-06 14:21:56,0.166231,0.407713,1
2023-02-06 14:21:58,0.160239,0.436719,1
2023-02-06 14:22:00,0.155475,0.433532,1
2023-02-06 14:22:02,0.161569,0.434553,1
2023-02-06 14:22:04,0.179077,0.414722,1
2023-02-06 14:22:06,0.19641,0.450586,1
2023-02-06 14:22:08,0.200058,0.495067,1
2023-02-06 14:22:10,0.187794,0.464443,1
2023-02-06 14:22:12,0.170382,0.444695,1
2023-02-06 14:22:14,0.160495,0.466947,1
2023-02-06 14:22:16,0.161462,0.475255,1
2023-02-06 14:22:18,0.167142,0.454898,1
2023-02-06 14:22:20,0.170544,0.461196,1
2023-02-06 14:22:22,0.170132,0.457883,1
2023-02-06 14:22:24,0.168403,0.383683,1
2023-02-06 14:22:26,0.167447,0.404047,1
2023-02-06 14:22:28,0.167783,0.462874,1
2023-02-06 14:22:30,0.169928,0.411106,1
2023-02-06 14:22:32,0.174326,0.443244,1
2023-02-06 14:22:34,0.179338,0.512348,1
2023-02-06 14:22:36,0.181391,0.443544,1
2023-02-06 14:22:38,0.178636,0.415393,1
2023-02-06 14:22:40,0.173655,0.471651,1
2023-02-06 14:22:42,0.171028,0.46673,1
2023-02-06 14:22:44,0.172217,0.462821,1
2023-02-06 14:22:46,0.174255,0.488135,1
2023-02-06 14:22:48,0.174034,0.475477,1
2023-02-06 14:22:50,0.172684,0.442706,1
2023-02-06 14:22:52,0.17441,0.44422,1
2023-02-06 14:22:54,0.181379,0.440597,1
2023-02-06 14:22:56,0.190805,0.439147,1
2023-02-06 14:22:58,0.197681,0.507881,1
2023-02-06 14:23:00,0.199765,0.518478,1
2023-02-06 14:23:02,0.199096,0.451203,1
2023-02-06 14:23:04,0.198911,0.481281,1
2023-02-06 14:23:06,0.20024,0.508538,1
2023-02-06 14:23:08,0.201729,0.466583,1
2023-02-06 14:23:10,0.202117,0.461537,1
2023-02-06 14:23:12,0.201989,0.454811,1
2023-02-06 14:23:14,0.202866,0.458546,1
2023-02-06 14:23:16,0.205097,0.491109,1
2023-02-06 14:23:18,0.20729,0.500405,1
2023-02-06 14:23:20,0.207948,0.463643,1
2023-02-06 14:23:22,0.207404,0.412113,1
2023-02-06 14:23:24,0.207609,0.444073,1
2023-02-06 14:23:26,0.209898,0.471571,1
2023-02-06 14:23:28,0.213202,0.451586,1
2023-02-06 14:23:30,0.215061,0.48508,1
2023-02-06 14:23:32,0.214411,0.491598,1
2023-02-06 14:23:34,0.213376,0.482225,1
2023-02-06 14:23:36,0.215668,0.503197,1
2023-02-06 14:23:38,0.222935,0.4819,1
2023-02-06 14:23:40,0.232804,0.500109,1
2023-02-06 14:23:42,0.240709,0.536543,1
2023-02-06 14:23:44,0.243872,0.507449,1
2023-02-06 14:23:46,0.24321,0.456527,1
2023-02-06 14:23:48,0.241904,0.452589,1
2023-02-06 14:23:50,0.242171,0.501265,1
2023-02-06 14:23:52,0.243803,0.488145,1
2023-02-06 14:23:54,0.245311,0.462756,1
2023-02-06 14:23:56,0.24596,0.474218,1
2023-02-06 14:23:58,0.246417,0.47024,1
2023-02-06 14:24:00,0.247729,0.503989,1
2023-02-06 14:24:02,0.250021,0.471639,1
2023-02-06 14:24:04,0.252248,0.471167,1
2023-02-06 14:24:06,0.253088,0.594887,1
2023-02-06 14:24:08,0.252162,0.560346,1
2023-02-06 14:24:10,0.250629,0.501544,1
2023-02-06 14:24:12,0.250521,0.549729,1
2023-02-06 14:24:14,0.252982,0.521697,1
2023-02-06 14:24:16,0.256821,0.517486,1
2023-02-06 14:24:18,0.259153,0.51467,1
2023-02-06 14:24:20,0.258144,0.504616,1
2023-02-06 14:24:22,0.255377,0.52379,1
2023-02-06 14:24:24,0.254853,0.481297,1
2023-02-06 14:24:26,0.259045,0.491869,1
2023-02-06 14:24:28,0.266042,0.538214,1
2023-02-06 14:24:30,0.271204,0.543935,1
2023-02-06 14:24:32,0.271914,0.544048,1
2023-02-06 14:24:34,0.270397,0.513123,1
2023-02-06 14:24:36,0.271179,0.533285,1
2023-02-06 14:24:38,0.276055,0.524462,1
2023-02-06 14:24:40,0.282146,0.480098,1
2023-02-06 14:24:42,0.285166,0.538012,1
2023-02-06 14:24:44,0.284058,0.512729,1
2023-02-06 14:24:46,0.281821,0.451712,1
2023-02-06 14:24:48,0.281896,0.517191,1
2023-02-06 14:24:50,0.284484,0.561922,1
2023-02-06 14:24:52,0.286817,0.563601,1
2023-02-06 14:24:54,0.286627,0.555701,1
2023-02-06 14:24:56,0.28462,0.563888,1
2023-02-06 14:24:58,0.2834,0.589281,1
2023-02-06 14:25:00,0.284461,0.540245,1
2023-02-06 14:25:02,0.286734,0.465413,1
2023-02-06 14:25:04,0.287982,0.464204,1
2023-02-06 14:25:06,0.287189,0.512776,1
2023-02-06 14:25:08,0.285369,0.516722,1
2023-02-06 14:25:10,0.284252,0.457424,1
2023-02-06 14:25:12,0.284528,0.473796,1
2023-02-06 14:25:14,0.285434,0.510934,1
2023-02-06 14:25:16,0.285869,0.477182,1
2023-02-06 14:25:18,0.285579,0.48554,1
2023-02-06 14:25:20,0.285231,0.5011,1
2023-02-06 14:25:22,0.285478,0.485168,1
2023-02-06 14:25:24,0.286346,0.526271,1
2023-02-06 14:25:26,0.287268,0.564428,1
2023-02-06 14:25:28,0.287856,0.543867,1
2023-02-06 14:25:30,0.288093,0.482225,1
2023-02-06 14:25:32,0.28821,0.459838,1
2023-02-06 14:25:34,0.288387,0.526459,1
2023-02-06 14:25:36,0.288767,0.514238,1
2023-02-06 14:25:38,0.289485,0.476121,1
2023-02-06 14:25:40,0.290488,0.532212,1
2023-02-06 14:25:42,0.291399,0.489147,1
2023-02-06 14:25:44,0.291848,0.456125,1
2023-02-06 14:25:46,0.291955,0.54887,1
2023-02-06 14:25:48,0.292247,0.532043,1
2023-02-06 14:25:50,0.29295,0.506332,1
2023-02-06 14:25:52,0.293495,0.51892,1
2023-02-06 14:25:54,0.293176,0.490916,1
2023-02-06 14:25:56,0.292188,0.565601,1
2023-02-06 14:25:58,0.291661,0.560398,1
2023-02-06 14:26:00,0.292399,0.494721,1
2023-02-06 14:26:02,0.293798,0.53026,1
2023-02-06 14:26:04,0.294406,0.460166,1
2023-02-06 14:26:06,0.293599,0.435622,1
2023-02-06 14:26:08,0.292306,0.508971,1
2023-02-06 14:26:10,0.291792,0.4573,1
2023-02-06 14:26:12,0.292098,0.456489,1
2023-02-06 14:26:14,0.292154,0.512539,1
2023-02-06 14:26:16,0.291329,0.503244,1
2023-02-06 14:26:18,0.290252,0.523879,1
2023-02-06 14:26:20,0.289746,0.521901,1
2023-02-06 14:26:22,0.289501,0.503736,1
2023-02-06 14:26:24,0.288519,0.548064,1
2023-02-06 14:26:26,0.28683,0.565123,1
2023-02-06 14:26:28,0.285827,0.530999,1
2023-02-06 14:26:30,0.286279,0.527615,1
2023-02-06 14:26:32,0.286492,0.534759,1
2023-02-06 14:26:34,0.283421,0.494894,1
2023-02-06 14:26:36,0.275971,0.508275,1
2023-02-06 14:26:38,0.266749,0.549056,1
2023-02-06 14:26:40,0.259902,0.510185,1
2023-02-06 14:26:42,0.257327,0.494125,1
2023-02-06 14:26:44,0.257655,0.497767,1
2023-02-06 14:26:46,0.258412,0.475475,1
2023-02-06 14:26:48,0.258508,0.492605,1
2023-02-06 14:26:50,0.258226,0.495612,1
2023-02-06 14:26:52,0.257678,0.497197,1
2023-02-06 14:26:54,0.256414,0.518099,1
2023-02-06 14:26:56,0.25467,0.484237,1
2023-02-06 14:26:58,0.253816,0.456075,1
2023-02-06 14:27:00,0.254796,0.470029,1
2023-02-06 14:27:02,0.256563,0.482685,1
2023-02-06 14:27:04,0.257104,0.505093,1
2023-02-06 14:27:06,0.256027,0.509136,1
2023-02-06 14:27:08,0.255188,0.476167,1
2023-02-06 14:27:10,0.256186,0.445446,1
2023-02-06 14:27:12,0.258015,0.47619,1
2023-02-06 14:27:14,0.258297,0.526826,1
2023-02-06 14:27:16,0.2568,0.502171,1
2023-02-06 14:27:18,0.256489,0.496136,1
2023-02-06 14:27:20,0.260293,0.550825,1
2023-02-06 14:27:22,0.267348,0.50409,1
2023-02-06 14:27:24,0.273542,0.437319,1
2023-02-06 14:27:26,0.275935,0.487974,1
2023-02-06 14:27:28,0.275861,0.483139,1
2023-02-06 14:27:30,0.277134,0.423993,1
2023-02-06 14:27:32,0.281416,0.452483,1
2023-02-06 14:27:34,0.286572,0.50012,1
2023-02-06 14:27:36,0.289215,0.501031,1
2023-02-06 14:27:38,0.288471,0.4532,1
2023-02-06 14:27:40,0.286579,0.443762,1
2023-02-06 14:27:42,0.286191,0.522113,1
2023-02-06 14:27:44,0.287718,0.550022,1
2023-02-06 14:27:46,0.289456,0.553983,1
2023-02-06 14:27:48,0.289731,0.553707,1
2023-02-06 14:27:50,0.28849,0.472991,1
2023-02-06 14:27:52,0.286973,0.486829,1
2023-02-06 14:27:54,0.286282,0.593009,1
2023-02-06 14:27:56,0.286444,0.589767,1
2023-02-06 14:27:58,0.286638,0.542661,1
2023-02-06 14:28:00,0.286171,0.528957,1
2023-02-06 14:28:02,0.285174,0.539165,1
2023-02-06 14:28:04,0.284457,0.531701,1
2023-02-06 14:28:06,0.284589,0.461961,1
2023-02-06 14:28:08,0.285162,0.473466,1
2023-02-06 14:28:10,0.285094,0.531787,1
2023-02-06 14:28:12,0.283657,0.489991,1
2023-02-06 14:28:14,0.281011,0.51004,1
2023-02-06 14:28:16,0.277639,0.56504,1
2023-02-06 14:28:18,0.273504,0.501437,1
2023-02-06 14:28:20,0.268258,0.484387,1
2023-02-06 14:28:22,0.26226,0.486489,1
2023-02-06 14:28:24,0.257156,0.426766,1
2023-02-06 14:28:26,0.25462,0.4852,1
2023-02-06 14:28:28,0.254617,0.509964,1
2023-02-06 14:28:30,0.255274,0.459538,1
2023-02-06 14:28:32,0.25476,0.504417,1
2023-02-06 14:28:34,0.252995,0.487958,1
2023-02-06 14:28:36,0.251205,0.460088,1
2023-02-06 14:28:38,0.250018,0.540061,1
2023-02-06 14:28:40,0.248718,0.539425,1
2023-02-06 14:28:42,0.24659,0.491546,1
2023-02-06 14:28:44,0.244284,0.476854,1
2023-02-06 14:28:46,0.243138,0.507718,1
2023-02-06 14:28:48,0.243334,0.540866,1
2023-02-06 14:28:50,0.243595,0.474986,1
2023-02-06 14:28:52,0.243024,0.472642,1
2023-02-06 14:28:54,0.242421,0.523262,1
2023-02-06 14:28:56,0.242852,0.482459,1
2023-02-06 14:28:58,0.243215,0.479728,1
2023-02-06 14:29:00,0.240445,0.506826,1
2023-02-06 14:29:02,0.232899,0.510867,1
2023-02-06 14:29:04,0.223004,0.46762,1
2023-02-06 14:29:06,0.215585,0.39082,1
2023-02-06 14:29:08,0.21336,0.450354,1
2023-02-06 14:29:10,0.214636,0.534277,1
2023-02-06 14:29:12,0.21559,0.564276,1
2023-02-06 14:29:14,0.214451,0.562218,1
2023-02-06 14:29:16,0.212625,0.491563,1
2023-02-06 14:29:18,0.212255,0.472428,1
2023-02-06 14:29:20,0.213484,0.482758,1
2023-02-06 14:29:22,0.214594,0.471676,1
2023-02-06 14:29:24,0.214281,0.509754,1
2023-02-06 14:29:26,0.213053,0.516239,1
2023-02-06 14:29:28,0.212342,0.475718,1
2023-02-06 14:29:30,0.212785,0.419027,1
2023-02-06 14:29:32,0.213735,0.445758,1
2023-02-06 14:29:34,0.2142,0.51981,1
2023-02-06 14:29:36,0.213894,0.49747,1
2023-02-06 14:29:38,0.213233,0.499925,1
2023-02-06 14:29:40,0.212673,0.477499,1
2023-02-06 14:29:42,0.212237,0.426116,1
2023-02-06 14:29:44,0.21175,0.5004,1
2023-02-06 14:29:46,0.211267,0.492664,1
2023-02-06 14:29:48,0.211143,0.486817,1
2023-02-06 14:29:50,0.211554,0.537032,1
2023-02-06 14:29:52,0.21205,0.47231,1
2023-02-06 14:29:54,0.211802,0.504489,1
2023-02-06 14:29:56,0.210425,0.530462,1
2023-02-06 14:29:58,0.208517,0.433228,1
2023-02-06 14:30:00,0.20723,0.459629,1
2023-02-06 14:30:02,0.207196,0.49389,1
2023-02-06 14:30:04,0.207939,0.476205,1
2023-02-06 14:30:06,0.208442,0.469116,1
2023-02-06 14:30:08,0.20818,0.414056,1
2023-02-06 14:30:10,0.207507,0.409,1
2023-02-06 14:30:12,0.207064,0.469811,1
2023-02-06 14:30:14,0.206971,0.479212,1
2023-02-06 14:30:16,0.206862,0.461372,1
2023-02-06 14:30:18,0.206456,0.491601,1
2023-02-06 14:30:20,0.205873,0.529085,1
2023-02-06 14:30:22,0.205311,0.535103,1
2023-02-06 14:30:24,0.204697,0.499713,1
2023-02-06 14:30:26,0.203913,0.410959,1
2023-02-06 14:30:28,0.203243,0.427856,1
2023-02-06 14:30:30,0.203185,0.496989,1
2023-02-06 14:30:32,0.203693,0.476662,1
2023-02-06 14:30:34,0.203866,0.464767,1
2023-02-06 14:30:36,0.202848,0.428291,1
2023-02-06 14:30:38,0.201053,0.409363,1
2023-02-06 14:30:40,0.199974,0.4538,1
2023-02-06 14:30:42,0.200603,0.412353,1
2023-02-06 14:30:44,0.202203,0.422676,1
2023-02-06 14:30:46,0.20312,0.470734,1
2023-02-06 14:30:48,0.202721,0.458376,1
2023-02-06 14:30:50,0.202039,0.495203,1
2023-02-06 14:30:52,0.202114,0.490018,1
2023-02-06 14:30:54,0.202016,0.49908,1
2023-02-06 14:30:56,0.199227,0.5219,1
2023-02-06 14:30:58,0.192235,0.468394,1
2023-02-06 14:31:00,0.1826,0.471945,1
2023-02-06 14:31:02,0.174126,0.453042,1
2023-02-06 14:31:04,0.169841,0.389555,1
2023-02-06 14:31:06,0.169694,0.397141,1
2023-02-06 14:31:08,0.170986,0.431749,1
2023-02-06 14:31:10,0.170752,0.459647,1
2023-02-06 14:31:12,0.168212,0.450574,1
2023-02-06 14:31:14,0.165064,0.505849,1
2023-02-06 14:31:16,0.163534,0.543631,1
2023-02-06 14:31:18,0.163882,0.451583,1
2023-02-06 14:31:20,0.163687,0.474177,1
2023-02-06 14:31:22,0.159861,0.518709,1
2023-02-06 14:31:24,0.151735,0.472071,1
2023-02-06 14:31:26,0.1421,0.458989,1
2023-02-06 14:31:28,0.134983,0.450005,1
2023-02-06 14:31:30,0.132276,0.466195,1
2023-02-06 14:31:32,0.132567,0.443454,1
2023-02-06 14:31:34,0.133106,0.393775,1
2023-02-06 14:31:36,0.132432,0.398936,1
2023-02-06 14:31:38,0.131106,0.392209,1
2023-02-06 14:31:40,0.130381,0.461416,1
2023-02-06 14:31:42,0.130681,0.485109,1
2023-02-06 14:31:44,0.131201,0.417212,1
2023-02-06 14:31:46,0.130484,0.446586,1
2023-02-06 14:31:48,0.12737,0.436039,1
2023-02-06 14:31:50,0.122028,0.420067,1
2023-02-06 14:31:52,0.116353,0.458444,1
2023-02-06 14:31:54,0.112796,0.421398,1
2023-02-06 14:31:56,0.112153,0.414624,1
2023-02-06 14:31:58,0.112389,0.433454,1
2023-02-06 14:32:00,0.110339,0.457671,1
2023-02-06 14:32:02,0.104959,0.482743,1
2023-02-06 14:32:04,0.098626,0.423156,1
2023-02-06 14:32:06,0.094789,0.387076,1
2023-02-06 14:32:08,0.09451,0.378646,1
2023-02-06 14:32:10,0.095779,0.403965,1
2023-02-06 14:32:12,0.096009,0.46184,1
2023-02-06 14:32:14,0.09466,0.415741,1
2023-02-06 14:32:16,0.093127,0.382431,1
2023-02-06 14:32:18,0.09257,0.392234,1
2023-02-06 14:32:20,0.092539,0.353588,1
2023-02-06 14:32:22,0.091835,0.391203,1
2023-02-06 14:32:24,0.090092,0.394582,1
2023-02-06 14:32:26,0.088167,0.351263,1
2023-02-06 14:32:28,0.08721,0.406264,1
2023-02-06 14:32:30,0.087663,0.417306,1
2023-02-06 14:32:32,0.089043,0.387349,1
2023-02-06 14:32:34,0.090383,0.402258,1
2023-02-06 14:32:36,0.090911,0.395757,1
2023-02-06 14:32:38,0.090611,0.38497,1
2023-02-06 14:32:40,0.090217,0.396899,1
2023-02-06 14:32:42,0.090472,0.38767,1
2023-02-06 14:32:44,0.091122,0.354654,1
2023-02-06 14:32:46,0.091126,0.333879,1
2023-02-06 14:32:48,0.090274,0.377399,1
2023-02-06 14:32:50,0.090302,0.441425,1
2023-02-06 14:32:52,0.093881,0.451772,1
2023-02-06 14:32:54,0.101757,0.432116,1
2023-02-06 14:32:56,0.111198,0.397666,1
2023-02-06 14:32:58,0.118029,0.371686,1
2023-02-06 14:33:00,0.120358,0.38829,1
2023-02-06 14:33:02,0.120028,0.379855,1
2023-02-06 14:33:04,0.120314,0.379279,1
2023-02-06 14:33:06,0.122331,0.409111,1
2023-02-06 14:33:08,0.124624,0.399766,1
2023-02-06 14:33:10,0.125754,0.424274,1
2023-02-06 14:33:12,0.126383,0.418132,1
2023-02-06 14:33:14,0.128137,0.334947,1
2023-02-06 14:33:16,0.130943,0.340477,1
2023-02-06 14:33:18,0.13271,0.373409,1
2023-02-06 14:33:20,0.132192,0.386832,1
2023-02-06 14:33:22,0.13135,0.451358,1
2023-02-06 14:33:24,0.133863,0.460559,1
2023-02-06 14:33:26,0.141163,0.429162,1
2023-02-06 14:33:28,0.150635,0.46452,1
2023-02-06 14:33:30,0.158128,0.485411,1
2023-02-06 14:33:32,0.16176,0.468268,1
2023-02-06 14:33:34,0.162873,0.466661,1
2023-02-06 14:33:36,0.163672,0.457044,1
2023-02-06 14:33:38,0.164932,0.469454,1
2023-02-06 14:33:40,0.166253,0.509227,1
2023-02-06 14:33:42,0.167716,0.467127,1
2023-02-06 14:33:44,0.170254,0.427041,1
2023-02-06 14:33:46,0.17433,0.506565,1
2023-02-06 14:33:48,0.17911,0.536221,1
2023-02-06 14:33:50,0.183462,0.516863,1
2023-02-06 14:33:52,0.187234,0.516412,1
2023-02-06 14:33:54,0.19107,0.472178,1
2023-02-06 14:33:56,0.195051,0.471826,1
2023-02-06 14:33:58,0.198179,0.489722,1
2023-02-06 14:34:00,0.199533,0.457953,1
2023-02-06 14:34:02,0.199493,0.483041,1
2023-02-06 14:34:04,0.199413,0.482781,1
2023-02-06 14:34:06,0.200175,0.417359,1
2023-02-06 14:34:08,0.201437,0.434533,1
2023-02-06 14:34:10,0.202354,0.464551,1
2023-02-06 14:34:12,0.202655,0.443307,1
2023-02-06 14:34:14,0.202754,0.470284,1
2023-02-06 14:34:16,0.203084,0.503866,1
2023-02-06 14:34:18,0.203617,0.479555,1
2023-02-06 14:34:20,0.204037,0.458673,1
2023-02-06 14:34:22,0.204217,0.451573,1
2023-02-06 14:34:24,0.204295,0.431185,1
2023-02-06 14:34:26,0.204503,0.442287,1
2023-02-06 14:34:28,0.20508,0.463694,1
2023-02-06 14:34:30,0.206074,0.442193,1
2023-02-06 14:34:32,0.207179,0.419106,1
2023-02-06 14:34:34,0.20782,0.44196,1
2023-02-06 14:34:36,0.207651,0.49954,1
2023-02-06 14:34:38,0.20703,0.52146,1
2023-02-06 14:34:40,0.206774,0.475686,1
2023-02-06 14:34:42,0.207327,0.453902,1
2023-02-06 14:34:44,0.208441,0.467067,1
2023-02-06 14:34:46,0.209579,0.453442,1
2023-02-06 14:34:48,0.210736,0.449938,1
2023-02-06 14:34:50,0.212163,0.442353,1
2023-02-06 14:34:52,0.213496,0.427239,1
2023-02-06 14:34:54,0.213756,0.450666,1
2023-02-06 14:34:56,0.21267,0.45234,1
2023-02-06 14:34:58,0.211561,0.430764,1
2023-02-06 14:35:00,0.212101,0.43377,1
2023-02-06 14:35:02,0.213974,0.442897,1
2023-02-06 14:35:04,0.214788,0.46649,1
2023-02-06 14:35:06,0.213051,0.482267,1
2023-02-06 14:35:08,0.210906,0.472058,1
2023-02-06 14:35:10,0.213021,0.46527,1
2023-02-06 14:35:12,0.221757,0.460728,1
2023-02-06 14:35:14,0.233966,0.484662,1
2023-02-06 14:35:16,0.243284,0.518214,1
2023-02-06 14:35:18,0.245843,0.497087,1
2023-02-06 14:35:20,0.243482,0.478464,1
2023-02-06 14:35:22,0.241343,0.498047,1
2023-02-06 14:35:24,0.242648,0.494417,1
2023-02-06 14:35:26,0.246142,0.465899,1
2023-02-06 14:35:28,0.248408,0.444494,1
2023-02-06 14:35:30,0.248049,0.475918,1
2023-02-06 14:35:32,0.247104,0.547113,1
2023-02-06 14:35:34,0.248403,0.55407,1
2023-02-06 14:35:36,0.252035,0.524153,1
2023-02-06 14:35:38,0.255147,0.530545,1
2023-02-06 14:35:40,0.255333,0.497853,1
2023-02-06 14:35:42,0.253751,0.494325,1
2023-02-06 14:35:44,0.254315,0.547019,1
2023-02-06 14:35:46,0.259492,0.479056,1
2023-02-06 14:35:48,0.267452,0.423667,1
2023-02-06 14:35:50,0.273799,0.526616,1
2023-02-06 14:35:52,0.276057,0.56995,1
2023-02-06 14:35:54,0.275982,0.515356,1
2023-02-06 14:35:56,0.277343,0.493156,1
2023-02-06 14:35:58,0.281813,0.531757,1
2023-02-06 14:36:00,0.28737,0.547329,1
2023-02-06 14:36:02,0.290552,0.561511,1
2023-02-06 14:36:04,0.289987,0.582084,1
2023-02-06 14:36:06,0.28777,0.51574,1
2023-02-06 14:36:08,0.287492,0.522098,1
2023-02-06 14:36:10,0.290655,0.584079,1
2023-02-06 14:36:12,0.295111,0.521412,1
2023-02-06 14:36:14,0.297376,0.533164,1
2023-02-06 14:36:16,0.296875,0.559628,1
2023-02-06 14:36:18,0.297394,0.504926,1
2023-02-06 14:36:20,0.303173,0.510959,1
2023-02-06 14:36:22,0.313183,0.449816,1
2023-02-06 14:36:24,0.320508,0.41238,1
2023-02-06 14:36:26,0.319019,0.518731,1
2023-02-06 14:36:28,0.310521,0.535837,1
2023-02-06 14:36:30,0.304014,0.51205,1
2023-02-06 14:36:32,0.307019,0.512739,1
2023-02-06 14:36:34,0.318278,0.539894,1
2023-02-06 14:36:36,0.329676,0.576832,1
2023-02-06 14:36:38,0.334658,0.532563,1
2023-02-06 14:36:40,0.333597,0.541148,1
2023-02-06 14:36:42,0.331314,0.534415,1
2023-02-06 14:36:44,0.331381,0.456788,1
2023-02-06 14:36:46,0.333787,0.516008,1
2023-02-06 14:36:48,0.336815,0.559081,1
2023-02-06 14:36:50,0.339413,0.510699,1
2023-02-06 14:36:52,0.341239,0.499695,1
2023-02-06 14:36:54,0.342059,0.519367,1
2023-02-06 14:36:56,0.342094,0.568611,1
2023-02-06 14:36:58,0.342249,0.558048,1
2023-02-06 14:37:00,0.343039,0.516851,1
2023-02-06 14:37:02,0.343646,0.566455,1
2023-02-06 14:37:04,0.343123,0.568228,1
2023-02-06 14:37:06,0.342653,0.531552,1
2023-02-06 14:37:08,0.345434,0.561934,1
2023-02-06 14:37:10,0.353353,0.562258,1
2023-02-06 14:37:12,0.364121,0.526357,1
2023-02-06 14:37:14,0.37263,0.559301,1
2023-02-06 14:37:16,0.375502,0.619169,1
2023-02-06 14:37:18,0.373971,0.639892,1
2023-02-06 14:37:20,0.372094,0.632751,1
2023-02-06 14:37:22,0.372519,0.5899,1
2023-02-06 14:37:24,0.374552,0.56837,1
2023-02-06 14:37:26,0.375885,0.585601,1
2023-02-06 14:37:28,0.375571,0.562978,1
2023-02-06 14:37:30,0.374781,0.572472,1
2023-02-06 14:37:32,0.375068,0.61273,1
2023-02-06 14:37:34,0.376539,0.592841,1
2023-02-06 14:37:36,0.377911,0.580006,1
2023-02-06 14:37:38,0.378114,0.583421,1
2023-02-06 14:37:40,0.37746,0.556347,1
2023-02-06 14:37:42,0.377156,0.520433,1
2023-02-06 14:37:44,0.377887,0.498825,1
2023-02-06 14:37:46,0.379116,0.520851,1
2023-02-06 14:37:48,0.379798,0.541241,1
2023-02-06 14:37:50,0.379555,0.538116,1
2023-02-06 14:37:52,0.379059,0.533489,1
2023-02-06 14:37:54,0.37923,0.524997,1
2023-02-06 14:37:56,0.380205,0.545959,1
2023-02-06 14:37:58,0.381209,0.556564,1
2023-02-06 14:38:00,0.381503,0.530832,1
2023-02-06 14:38:02,0.381152,0.569476,1
2023-02-06 14:38:04,0.380801,0.620556,1
2023-02-06 14:38:06,0.380971,0.573922,1
2023-02-06 14:38:08,0.381603,0.533973,1
2023-02-06 14:38:10,0.382371,0.584658,1
2023-02-06 14:38:12,0.38306,0.573601,1
2023-02-06 14:38:14,0.383516,0.506107,1
2023-02-06 14:38:16,0.383501,0.553963,1
2023-02-06 14:38:18,0.383023,0.578394,1
2023-02-06 14:38:20,0.38272,0.495776,1
2023-02-06 14:38:22,0.383451,0.531595,1
2023-02-06 14:38:24,0.3852,0.607169,1
2023-02-06 14:38:26,0.386834,0.569096,1
2023-02-06 14:38:28,0.387293,0.545243,1
2023-02-06 14:38:30,0.386934,0.545199,1
2023-02-06 14:38:32,0.387151,0.551629,1
2023-02-06 14:38:34,0.388469,0.579476,1
2023-02-06 14:38:36,0.389708,0.542464,1
2023-02-06 14:38:38,0.389682,0.51689,1
2023-02-06 14:38:40,0.389494,0.531765,1
2023-02-06 14:38:42,0.392288,0.525139,1
2023-02-06 14:38:44,0.400055,0.567605,1
2023-02-06 14:38:46,0.410902,0.551069,1
2023-02-06 14:38:48,0.420061,0.506889,1
2023-02-06 14:38:50,0.423979,0.581255,1
2023-02-06 14:38:52,0.423256,0.572464,1
2023-02-06 14:38:54,0.42172,0.554154,1
2023-02-06 14:38:56,0.422786,0.612807,1
2023-02-06 14:38:58,0.426628,0.554024,1
2023-02-06 14:39:00,0.430618,0.529039,1
2023-02-06 14:39:02,0.432211,0.596779,1
2023-02-06 14:39:04,0.431617,0.592883,1
2023-02-06 14:39:06,0.431991,0.598314,1
2023-02-06 14:39:08,0.43696,0.610413,1
2023-02-06 14:39:10,0.447375,0.605928,1
2023-02-06 14:39:12,0.46002,0.608561,1
2023-02-06 14:39:14,0.469713,0.59856,1
2023-02-06 14:39:16,0.473368,0.624264,1
2023-02-06 14:39:18,0.472469,0.624404,1
2023-02-06 14:39:20,0.471483,0.59874,1
2023-02-06 14:39:22,0.473539,0.640745,1
2023-02-06 14:39:24,0.477808,0.661969,1
2023-02-06 14:39:26,0.480917,0.643913,1
2023-02-06 14:39:28,0.481303,0.642309,1
2023-02-06 14:39:30,0.48153,0.632411,1
2023-02-06 14:39:32,0.4861,0.653844,1
2023-02-06 14:39:34,0.496688,0.663234,1
2023-02-06 14:39:36,0.509725,0.63958,1
2023-02-06 14:39:38,0.519288,0.686582,1
2023-02-06 14:39:40,0.522545,0.660793,1
2023-02-06 14:39:42,0.522046,0.585814,1
2023-02-06 14:39:44,0.522487,0.66829,1
2023-02-06 14:39:46,0.525542,0.640514,1
2023-02-06 14:39:48,0.528719,0.514742,1
2023-02-06 14:39:50,0.529383,0.597556,1
2023-02-06 14:39:52,0.528587,0.645033,1
2023-02-06 14:39:54,0.529522,0.638189,1
2023-02-06 14:39:56,0.532675,0.687559,1
2023-02-06 14:39:58,0.534677,0.623919,1
2023-02-06 14:40:00,0.533136,0.605496,1
2023-02-06 14:40:02,0.531068,0.693998,1
2023-02-06 14:40:04,0.533905,0.655199,1
2023-02-06 14:40:06,0.542004,0.62232,1
2023-02-06 14:40:08,0.548499,0.693133,1
2023-02-06 14:40:10,0.54688,0.719702,1
2023-02-06 14:40:12,0.539634,0.699231,1
2023-02-06 14:40:14,0.53661,0.672516,1
2023-02-06 14:40:16,0.543771,0.654669,1
2023-02-06 14:40:18,0.555471,0.689816,1
2023-02-06 14:40:20,0.559996,0.717864,1
2023-02-06 14:40:22,0.552337,0.683801,1
2023-02-06 14:40:24,0.539431,0.692064,1
2023-02-06 14:40:26,0.532198,0.698077,1
2023-02-06 14:40:28,0.534133,0.6424,1
2023-02-06 14:40:30,0.53933,0.647752,1
2023-02-06 14:40:32,0.540532,0.654483,1
2023-02-06 14:40:34,0.536806,0.637622,1
2023-02-06 14:40:36,0.532664,0.672312,1
2023-02-06 14:40:38,0.531604,0.697642,1
2023-02-06 14:40:40,0.532706,0.69147,1
2023-02-06 14:40:42,0.533174,0.637017,1
2023-02-06 14:40:44,0.532149,0.612697,1
2023-02-06 14:40:46,0.530774,0.669391,1
2023-02-06 14:40:48,0.529916,0.687394,1
2023-02-06 14:40:50,0.528995,0.668362,1
2023-02-06 14:40:52,0.527479,0.607061,1
2023-02-06 14:40:54,0.526158,0.585391,1
2023-02-06 14:40:56,0.526177,0.646077,1
2023-02-06 14:40:58,0.527207,0.624127,1
2023-02-06 14:41:00,0.527419,0.629102,1
2023-02-06 14:41:02,0.525436,0.697659,1
2023-02-06 14:41:04,0.522059,0.677354,1
2023-02-06 14:41:06,0.51939,0.650043,1
2023-02-06 14:41:08,0.518874,0.661213,1
2023-02-06 14:41:10,0.519855,0.67941,1
2023-02-06 14:41:12,0.520603,0.67502,1
2023-02-06 14:41:14,0.520182,0.657719,1
2023-02-06 14:41:16,0.519282,0.675115,1
2023-02-06 14:41:18,0.519129,0.661508,1
2023-02-06 14:41:20,0.519869,0.634062,1
2023-02-06 14:41:22,0.520362,0.619846,1
2023-02-06 14:41:24,0.519435,0.617757,1
2023-02-06 14:41:26,0.517152,0.654726,1
2023-02-06 14:41:28,0.51428,0.654261,1
2023-02-06 14:41:30,0.510851,0.639858,1
2023-02-06 14:41:32,0.506024,0.630686,1
2023-02-06 14:41:34,0.499625,0.605651,1
2023-02-06 14:41:36,0.493271,0.625292,1
2023-02-06 14:41:38,0.489241,0.632297,1
2023-02-06 14:41:40,0.488087,0.616451,1
2023-02-06 14:41:42,0.48817,0.60039,1
2023-02-06 14:41:44,0.487796,0.612598,1
2023-02-06 14:41:46,0.487219,0.653335,1
2023-02-06 14:41:48,0.487942,0.602315,1
2023-02-06 14:41:50,0.490659,0.586236,1
2023-02-06 14:41:52,0.494212,0.67832,1
2023-02-06 14:41:54,0.496743,0.697461,1
2023-02-06 14:41:56,0.497156,0.669279,1
2023-02-06 14:41:58,0.4955,0.656559,1
2023-02-06 14:42:00,0.493042,0.667793,1
2023-02-06 14:42:02,0.492376,0.651357,1
2023-02-06 14:42:04,0.496103,0.628856,1
2023-02-06 14:42:06,0.503902,0.672922,1
2023-02-06 14:42:08,0.511153,0.661928,1
2023-02-06 14:42:10,0.512255,0.654376,1
2023-02-06 14:42:12,0.506517,0.661905,1
2023-02-06 14:42:14,0.499816,0.630718,1
2023-02-06 14:42:16,0.49888,0.702347,1
2023-02-06 14:42:18,0.503702,0.707296,1
2023-02-06 14:42:20,0.50704,0.652256,1
2023-02-06 14:42:22,0.502344,0.711518,1
2023-02-06 14:42:24,0.491424,0.695996,1
2023-02-06 14:42:26,0.482862,0.659887,1
2023-02-06 14:42:28,0.483085,0.684334,1
2023-02-06 14:42:30,0.489792,0.671693,1
2023-02-06 14:42:32,0.495222,0.652743,1
2023-02-06 14:42:34,0.495011,0.620696,1
2023-02-06 14:42:36,0.492491,0.622407,1
2023-02-06 14:42:38,0.493969,0.653774,1
2023-02-06 14:42:40,0.500847,0.636419,1
2023-02-06 14:42:42,0.50752,0.607097,1
2023-02-06 14:42:44,0.507201,0.635544,1
2023-02-06 14:42:46,0.498969,0.678214,1
2023-02-06 14:42:48,0.488669,0.622049,1
2023-02-06 14:42:50,0.482742,0.591729,1
2023-02-06 14:42:52,0.482302,0.643235,1
2023-02-06 14:42:54,0.483283,0.647915,1
2023-02-06 14:42:56,0.481801,0.662434,1
2023-02-06 14:42:58,0.478015,0.651936,1
2023-02-06 14:43:00,0.474908,0.651621,1
2023-02-06 14:43:02,0.474367,0.661803,1
2023-02-06 14:43:04,0.475343,0.598895,1
2023-02-06 14:43:06,0.475751,0.629081,1
2023-02-06 14:43:08,0.474863,0.630964,1
2023-02-06 14:43:10,0.473536,0.576243,1
2023-02-06 14:43:12,0.47283,0.595213,1
2023-02-06 14:43:14,0.473046,0.551753,1
2023-02-06 14:43:16,0.473763,0.612461,1
2023-02-06 14:43:18,0.474357,0.66775,1
2023-02-06 14:43:20,0.474316,0.569491,1
2023-02-06 14:43:22,0.473385,0.597829,1
2023-02-06 14:43:24,0.471877,0.629329,1
2023-02-06 14:43:26,0.470635,0.613362,1
2023-02-06 14:43:28,0.470267,0.632259,1
2023-02-06 14:43:30,0.470629,0.61323,1
2023-02-06 14:43:32,0.470957,0.661734,1
2023-02-06 14:43:34,0.470612,0.637155,1
2023-02-06 14:43:36,0.46971,0.60236,1
2023-02-06 14:43:38,0.46905,0.666088,1
2023-02-06 14:43:40,0.46933,0.620088,1
2023-02-06 14:43:42,0.470424,0.639056,1
2023-02-06 14:43:44,0.471283,0.68068,1
2023-02-06 14:43:46,0.470861,0.600478,1
2023-02-06 14:43:48,0.469301,0.604596,1
2023-02-06 14:43:50,0.467936,0.611,1
2023-02-06 14:43:52,0.467868,0.583478,1
2023-02-06 14:43:54,0.468571,0.62172,1
2023-02-06 14:43:56,0.468143,0.633279,1
2023-02-06 14:43:58,0.464968,0.606359,1
2023-02-06 14:44:00,0.459056,0.605847,1
2023-02-06 14:44:02,0.452071,0.618346,1
2023-02-06 14:44:04,0.44648,0.558013,1
2023-02-06 14:44:06,0.444598,0.566702,1
2023-02-06 14:44:08,0.447363,0.662487,1
2023-02-06 14:44:10,0.453062,0.619076,1
2023-02-06 14:44:12,0.457437,0.59797,1
2023-02-06 14:44:14,0.456395,0.63957,1
2023-02-06 14:44:16,0.449566,0.610415,1
2023-02-06 14:44:18,0.441024,0.619724,1
2023-02-06 14:44:20,0.435829,0.613623,1
2023-02-06 14:44:22,0.435598,0.618861,1
2023-02-06 14:44:24,0.437743,0.665987,1
2023-02-06 14:44:26,0.438813,0.632425,1
2023-02-06 14:44:28,0.437892,0.589456,1
2023-02-06 14:44:30,0.436464,0.578219,1
2023-02-06 14:44:32,0.435829,0.574848,1
2023-02-06 14:44:34,0.435694,0.589561,1
2023-02-06 14:44:36,0.435285,0.601508,1
2023-02-06 14:44:38,0.434725,0.599436,1
2023-02-06 14:44:40,0.434637,0.556742,1
2023-02-06 14:44:42,0.434871,0.547321,1
2023-02-06 14:44:44,0.434524,0.593767,1
2023-02-06 14:44:46,0.433313,0.615982,1
2023-02-06 14:44:48,0.432161,0.631179,1
2023-02-06 14:44:50,0.431985,0.637112,1
2023-02-06 14:44:52,0.432325,0.631813,1
2023-02-06 14:44:54,0.431805,0.624519,1
2023-02-06 14:44:56,0.429859,0.640927,1
2023-02-06 14:44:58,0.427606,0.63943,1
2023-02-06 14:45:00,0.426755,0.568799,1
2023-02-06 14:45:02,0.427654,0.604128,1
2023-02-06 14:45:04,0.428955,0.66764,1
2023-02-06 14:45:06,0.429138,0.617037,1
2023-02-06 14:45:08,0.42799,0.622703,1
2023-02-06 14:45:10,0.426479,0.647307,1
2023-02-06 14:45:12,0.425625,0.62176,1
2023-02-06 14:45:14,0.425501,0.603875,1
2023-02-06 14:45:16,0.425515,0.573848,1
2023-02-06 14:45:18,0.425365,0.599048,1
2023-02-06 14:45:20,0.425184,0.590301,1
2023-02-06 14:45:22,0.425136,0.542096,1
2023-02-06 14:45:24,0.425095,0.577833,1
2023-02-06 14:45:26,0.424959,0.569139,1
2023-02-06 14:45:28,0.425007,0.556397,1
2023-02-06 14:45:30,0.425581,0.609045,1
2023-02-06 14:45:32,0.426445,0.614682,1
2023-02-06 14:45:34,0.426866,0.597524,1
2023-02-06 14:45:36,0.426559,0.587387,1
2023-02-06 14:45:38,0.426174,0.605358,1
2023-02-06 14:45:40,0.426356,0.603611,1
2023-02-06 14:45:42,0.426507,0.536609,1
2023-02-06 14:45:44,0.425255,0.539384,1
2023-02-06 14:45:46,0.422514,0.549271,1
2023-02-06 14:45:48,0.420321,0.509384,1
2023-02-06 14:45:50,0.420673,0.55999,1
2023-02-06 14:45:52,0.422539,0.58518,1
2023-02-06 14:45:54,0.422126,0.529831,1
2023-02-06 14:45:56,0.416881,0.560249,1
2023-02-06 14:45:58,0.408776,0.588314,1
2023-02-06 14:46:00,0.402602,0.534239,1
2023-02-06 14:46:02,0.400875,0.550922,1
2023-02-06 14:46:04,0.401268,0.580405,1
2023-02-06 14:46:06,0.399561,0.544861,1
2023-02-06 14:46:08,0.394656,0.590766,1
2023-02-06 14:46:10,0.389449,0.635594,1
2023-02-06 14:46:12,0.387149,0.559836,1
2023-02-06 14:46:14,0.387803,0.515065,1
2023-02-06 14:46:16,0.388863,0.542687,1
2023-02-06 14:46:18,0.388451,0.548472,1
2023-02-06 14:46:20,0.387024,0.546855,1
2023-02-06 14:46:22,0.386017,0.552266,1
2023-02-06 14:46:24,0.385959,0.586333,1
2023-02-06 14:46:26,0.38638,0.613366,1
2023-02-06 14:46:28,0.386795,0.586495,1
2023-02-06 14:46:30,0.386998,0.577646,1
2023-02-06 14:46:32,0.386741,0.607017,1
2023-02-06 14:46:34,0.385959,0.616446,1
2023-02-06 14:46:36,0.385323,0.590305,1
2023-02-06 14:46:38,0.385741,0.550604,1
2023-02-06 14:46:40,0.386988,0.56846,1
2023-02-06 14:46:42,0.387625,0.575079,1
2023-02-06 14:46:44,0.386947,0.481772,1
2023-02-06 14:46:46,0.386464,0.466981,1
2023-02-06 14:46:48,0.388452,0.543128,1
2023-02-06 14:46:50,0.392947,0.532327,1
2023-02-06 14:46:52,0.397397,0.548113,1
2023-02-06 14:46:54,0.399622,0.606686,1
2023-02-06 14:46:56,0.400688,0.589058,1
2023-02-06 14:46:58,0.403797,0.599986,1
2023-02-06 14:47:00,0.410208,0.617769,1
2023-02-06 14:47:02,0.417473,0.553519,1
2023-02-06 14:47:04,0.422045,0.510961,1
2023-02-06 14:47:06,0.422978,0.530182,1
2023-02-06 14:47:08,0.422398,0.562555,1
2023-02-06 14:47:10,0.422768,0.552157,1
2023-02-06 14:47:12,0.424546,0.528099,1
2023-02-06 14:47:14,0.42657,0.580965,1
2023-02-06 14:47:16,0.427864,0.604776,1
2023-02-06 14:47:18,0.428443,0.593895,1
2023-02-06 14:47:20,0.428943,0.651833,1
2023-02-06 14:47:22,0.429948,0.653867,1
2023-02-06 14:47:24,0.431639,0.613066,1
2023-02-06 14:47:26,0.433471,0.632891,1
2023-02-06 14:47:28,0.434335,0.591388,1
2023-02-06 14:47:30,0.433869,0.551071,1
2023-02-06 14:47:32,0.433918,0.612493,1
2023-02-06 14:47:34,0.437827,0.599284,1
2023-02-06 14:47:36,0.447209,0.565136,1
2023-02-06 14:47:38,0.459433,0.637969,1
2023-02-06 14:47:40,0.469128,0.666839,1
2023-02-06 14:47:42,0.47267,0.652805,1
2023-02-06 14:47:44,0.471198,0.659321,1
2023-02-06 14:47:46,0.469042,0.633155,1
2023-02-06 14:47:48,0.469814,0.63634,1
2023-02-06 14:47:50,0.473811,0.675467,1
2023-02-06 14:47:52,0.478762,0.666519,1
2023-02-06 14:47:54,0.482217,0.619474,1
2023-02-06 14:47:56,0.483213,0.58257,1
2023-02-06 14:47:58,0.482766,0.566196,1
2023-02-06 14:48:00,0.483461,0.558682,1
2023-02-06 14:48:02,0.488089,0.617358,1
2023-02-06 14:48:04,0.497485,0.678671,1
2023-02-06 14:48:06,0.509269,0.627491,1
2023-02-06 14:48:08,0.518962,0.578341,1
2023-02-06 14:48:10,0.523376,0.601613,1
2023-02-06 14:48:12,0.523252,0.622646,1
2023-02-06 14:48:14,0.522365,0.654568,1
2023-02-06 14:48:16,0.523784,0.672515,1
2023-02-06 14:48:18,0.527048,0.680935,1
2023-02-06 14:48:20,0.529282,0.675908,1
2023-02-06 14:48:22,0.529206,0.66941,1
2023-02-06 14:48:24,0.529532,0.724313,1
2023-02-06 14:48:26,0.534757,0.706274,1
2023-02-06 14:48:28,0.54622,0.646435,1
2023-02-06 14:48:30,0.559886,0.700955,1
2023-02-06 14:48:32,0.569626,0.701103,1
2023-02-06 14:48:34,0.57286,0.686149,1
2023-02-06 14:48:36,0.572607,0.766991,1
2023-02-06 14:48:38,0.573697,0.762757,1
2023-02-06 14:48:40,0.577478,0.728276,1
2023-02-06 14:48:42,0.581074,0.738101,1
2023-02-06 14:48:44,0.581915,0.73787,1
2023-02-06 14:48:46,0.581936,0.777412,1
2023-02-06 14:48:48,0.58619,0.753735,1
2023-02-06 14:48:50,0.597292,0.689625,1
2023-02-06 14:48:52,0.61174,0.716634,1
2023-02-06 14:48:54,0.622593,0.709,1
2023-02-06 14:48:56,0.625925,0.701661,1
2023-02-06 14:48:58,0.624295,0.73891,1
2023-02-06 14:49:00,0.623899,0.688259,1
2023-02-06 14:49:02,0.628138,0.668085,1
2023-02-06 14:49:04,0.634492,0.723591,1
2023-02-06 14:49:06,0.637871,0.727235,1
2023-02-06 14:49:08,0.63689,0.716281,1
2023-02-06 14:49:10,0.636088,0.69389,1
2023-02-06 14:49:12,0.641339,0.685242,1
2023-02-06 14:49:14,0.653506,0.690551,1
2023-02-06 14:49:16,0.667202,0.677975,1
2023-02-06 14:49:18,0.676275,0.730059,1
2023-02-06 14:49:20,0.679688,0.765871,1
2023-02-06 14:49:22,0.681175,0.760441,1
2023-02-06 14:49:24,0.683893,0.77272,1
2023-02-06 14:49:26,0.686872,0.764289,1
2023-02-06 14:49:28,0.687719,0.807907,1
2023-02-06 14:49:30,0.687596,0.789194,1
2023-02-06 14:49:32,0.691523,0.706052,1
2023-02-06 14:49:34,0.703005,0.776807,1
2023-02-06 14:49:36,0.719223,0.787073,1
2023-02-06 14:49:38,0.732926,0.735432,1
2023-02-06 14:49:40,0.739094,0.76959,1
2023-02-06 14:49:42,0.739248,0.76213,1
2023-02-06 14:49:44,0.738984,0.790784,1
2023-02-06 14:49:46,0.741944,0.794105,1
2023-02-06 14:49:48,0.746627,0.741672,1
2023-02-06 14:49:50,0.749061,0.814461,1
2023-02-06 14:49:52,0.747927,0.844047,1
2023-02-06 14:49:54,0.746687,0.776777,1
2023-02-06 14:49:56,0.750697,0.771694,1
2023-02-06 14:49:58,0.762169,0.816327,1
2023-02-06 14:50:00,0.77768,0.816317,1
2023-02-06 14:50:02,0.790646,0.786936,1
2023-02-06 14:50:04,0.796622,0.8339,1
2023-02-06 14:50:06,0.796732,0.827068,1
2023-02-06 14:50:08,0.79594,0.77874,1
2023-02-06 14:50:10,0.798056,0.840441,1
2023-02-06 14:50:12,0.802271,0.823601,1
2023-02-06 14:50:14,0.804874,0.809922,1
2023-02-06 14:50:16,0.804351,0.852027,1
2023-02-06 14:50:18,0.804008,0.79306,1
2023-02-06 14:50:20,0.809189,0.815564,1
2023-02-06 14:50:22,0.821806,0.864338,1
2023-02-06 14:50:24,0.837881,0.83958,1
2023-02-06 14:50:26,0.850676,0.857239,1
2023-02-06 14:50:28,0.856161,0.855051,1
2023-02-06 14:50:30,0.855661,0.89218,1
2023-02-06 14:50:32,0.853612,0.918151,1
2023-02-06 14:50:34,0.853496,0.857468,1
2023-02-06 14:50:36,0.85575,0.867676,1
2023-02-06 14:50:38,0.858556,0.865564,1
2023-02-06 14:50:40,0.859963,0.839115,1
2023-02-06 14:50:42,0.859402,0.867121,1
2023-02-06 14:50:44,0.858057,0.83361,1
2023-02-06 14:50:46,0.857926,0.785839,1
2023-02-06 14:50:48,0.86015,0.832056,1
2023-02-06 14:50:50,0.863531,0.885488,1
2023-02-06 14:50:52,0.865335,0.836125,1
2023-02-06 14:50:54,0.864614,0.767829,1
2023-02-06 14:50:56,0.864469,0.814139,1
2023-02-06 14:50:58,0.870092,0.849339,1
2023-02-06 14:51:00,0.883471,0.844593,1
2023-02-06 14:51:02,0.900288,0.892536,1
2023-02-06 14:51:04,0.913061,0.927056,1
2023-02-06 14:51:06,0.917762,0.895504,1
2023-02-06 14:51:08,0.91695,0.867213,1
2023-02-06 14:51:10,0.916207,0.87882,1
2023-02-06 14:51:12,0.918256,0.884668,1
2023-02-06 14:51:14,0.921411,0.915498,1
2023-02-06 14:51:16,0.923211,0.918481,1
2023-02-06 14:51:18,0.924048,0.838209,1
2023-02-06 14:51:20,0.925998,0.849005,1
2023-02-06 14:51:22,0.929107,0.906228,1
2023-02-06 14:51:24,0.930698,0.880922,1
2023-02-06 14:51:26,0.929272,0.850997,1
2023-02-06 14:51:28,0.927975,0.865404,1
2023-02-06 14:51:30,0.932586,0.88308,1
2023-02-06 14:51:32,0.945469,0.825197,1
2023-02-06 14:51:34,0.962226,0.834389,1
2023-02-06 14:51:36,0.975139,0.931079,1
2023-02-06 14:51:38,0.979904,0.930832,1
2023-02-06 14:51:40,0.978664,0.996089,1
2023-02-06 14:51:42,0.976774,1.0,1
2023-02-06 14:51:44,0.977505,0.847052,1
2023-02-06 14:51:46,0.980261,0.892215,1
2023-02-06 14:51:48,0.98298,0.923761,1
2023-02-06 14:51:50,0.984889,0.870048,1
2023-02-06 14:51:52,0.986525,0.913829,1
2023-02-06 14:51:54,0.988125,0.884059,1
2023-02-06 14:51:56,0.989345,0.865757,1
2023-02-06 14:51:58,0.990245,0.872312,1
2023-02-06 14:52:00,0.991717,0.849534,1
2023-02-06 14:52:02,0.99423,0.907396,1
2023-02-06 14:52:04,0.996677,0.893442,1
2023-02-06 14:52:06,0.997309,0.903694,1
2023-02-06 14:52:08,0.995881,0.969055,1
2023-02-06 14:52:10,0.994283,0.890303,1
2023-02-06 14:52:12,0.994508,0.876124,1
2023-02-06 14:52:14,0.996623,0.943106,1
2023-02-06 14:52:16,0.998944,0.909548,1
2023-02-06 14:52:18,1.0,0.882843,1
2023-02-06 14:52:20,0.999797,0.88507,1
2023-02-06 14:52:22,0.999141,0.889607,1
2023-02-06 14:52:24,0.998495,0.935736,1
2023-02-06 14:52:26,0.997835,0.971071,1
2023-02-06 14:52:28,0.997388,0.929904,1
2023-02-06 14:52:30,0.997534,0.851385,1
2023-02-06 14:52:32,0.997987,0.839448,1
2023-02-06 14:52:34,0.998025,0.876134,1
2023-02-06 14:52:36,0.997604,0.891894,1
2023-02-06 14:52:38,0.997609,0.872845,1
2023-02-06 14:52:40,0.998308,0.852725,1
2023-02-06 14:52:42,0.998153,0.896457,1
2023-02-06 14:52:44,0.995393,0.958584,1
2023-02-06 14:52:46,0.991003,0.932534,1
2023-02-06 14:52:48,0.988455,0.864645,1
2023-02-06 14:52:50,0.989248,0.885124,1
2023-02-06 14:52:52,0.989406,0.920089,1
2023-02-06 14:52:54,0.982435,0.915803,1
2023-02-06 14:52:56,0.966573,0.933881,1
2023-02-06 14:52:58,0.947787,0.885583,1
2023-02-06 14:53:00,0.934286,0.800424,1
2023-02-06 14:53:02,0.928562,0.834062,1
2023-02-06 14:53:04,0.926268,0.896993,1
2023-02-06 14:53:06,0.922774,0.892793,1
2023-02-06 14:53:08,0.91856,0.851656,1
2023-02-06 14:53:10,0.916673,0.863276,1
2023-02-06 14:53:12,0.916367,0.899478,1
2023-02-06 14:53:14,0.911955,0.853449,1
2023-02-06 14:53:16,0.899303,0.797665,1
2023-02-06 14:53:18,0.881736,0.797365,1
2023-02-06 14:53:20,0.867654,0.82886,1
2023-02-06 14:53:22,0.862409,0.839764,1
2023-02-06 14:53:24,0.863799,0.825468,1
2023-02-06 14:53:26,0.865742,0.848493,1
2023-02-06 14:53:28,0.864993,0.824384,1
2023-02-06 14:53:30,0.863103,0.828743,1
2023-02-06 14:53:32,0.862705,0.888175,1
2023-02-06 14:53:34,0.863867,0.817571,1
2023-02-06 14:53:36,0.864801,0.805095,1
2023-02-06 14:53:38,0.864774,0.857865,1
2023-02-06 14:53:40,0.86475,0.829197,1
2023-02-06 14:53:42,0.865171,0.883458,1
2023-02-06 14:53:44,0.864668,0.885898,1
2023-02-06 14:53:46,0.861983,0.835774,1
2023-02-06 14:53:48,0.858472,0.845633,1
2023-02-06 14:53:50,0.85718,0.784904,1
2023-02-06 14:53:52,0.858705,0.832878,1
2023-02-06 14:53:54,0.859165,0.910327,1
2023-02-06 14:53:56,0.853149,0.838764,1
2023-02-06 14:53:58,0.839582,0.813284,1
2023-02-06 14:54:00,0.823513,0.806561,1
2023-02-06 14:54:02,0.811961,0.79284,1
2023-02-06 14:54:04,0.807994,0.815531,1
2023-02-06 14:54:06,0.809042,0.814481,1
2023-02-06 14:54:08,0.810513,0.863622,1
2023-02-06 14:54:10,0.810142,0.859868,1
2023-02-06 14:54:12,0.808529,0.757848,1
2023-02-06 14:54:14,0.806927,0.76635,1
2023-02-06 14:54:16,0.805658,0.841913,1
2023-02-06 14:54:18,0.804625,0.85368,1
2023-02-06 14:54:20,0.804135,0.806538,1
2023-02-06 14:54:22,0.804329,0.761027,1
2023-02-06 14:54:24,0.804363,0.805019,1
2023-02-06 14:54:26,0.803094,0.831047,1
2023-02-06 14:54:28,0.800668,0.761807,1
2023-02-06 14:54:30,0.798626,0.783355,1
2023-02-06 14:54:32,0.798103,0.850231,1
2023-02-06 14:54:34,0.798183,0.799608,1
2023-02-06 14:54:36,0.796727,0.811333,1
2023-02-06 14:54:38,0.792424,0.843264,1
2023-02-06 14:54:40,0.785625,0.734009,1
2023-02-06 14:54:42,0.777355,0.741641,1
2023-02-06 14:54:44,0.768476,0.817415,1
2023-02-06 14:54:46,0.760086,0.75078,1
2023-02-06 14:54:48,0.753976,0.753617,1
2023-02-06 14:54:50,0.751475,0.820436,1
2023-02-06 14:54:52,0.751727,0.785078,1
2023-02-06 14:54:54,0.751784,0.76041,1
2023-02-06 14:54:56,0.74937,0.789028,1
2023-02-06 14:54:58,0.745233,0.76565,1
2023-02-06 14:55:00,0.741997,0.74838,1
2023-02-06 14:55:02,0.740992,0.776196,1
2023-02-06 14:55:04,0.7409,0.76683,1
2023-02-06 14:55:06,0.739959,0.784516,1
2023-02-06 14:55:08,0.738686,0.784717,1
2023-02-06 14:55:10,0.739112,0.757007,1
2023-02-06 14:55:12,0.741206,0.835658,1
2023-02-06 14:55:14,0.741237,0.787498,1
2023-02-06 14:55:16,0.734892,0.662702,1
2023-02-06 14:55:18,0.721972,0.761989,1
2023-02-06 14:55:20,0.707251,0.784266,1
2023-02-06 14:55:22,0.696359,0.693946,1
2023-02-06 14:55:24,0.691093,0.70792,1
2023-02-06 14:55:26,0.688888,0.720399,1
2023-02-06 14:55:28,0.686217,0.719884,1
2023-02-06 14:55:30,0.681969,0.731211,1
2023-02-06 14:55:32,0.677801,0.730334,1
2023-02-06 14:55:34,0.676043,0.729487,1
2023-02-06 14:55:36,0.677314,0.731005,1
2023-02-06 14:55:38,0.67992,0.771755,1
2023-02-06 14:55:40,0.680423,0.770208,1
2023-02-06 14:55:42,0.675661,0.719444,1
2023-02-06 14:55:44,0.665186,0.701705,1
2023-02-06 14:55:46,0.652321,0.701062,1
2023-02-06 14:55:48,0.642326,0.715638,1
2023-02-06 14:55:50,0.638527,0.706599,1
2023-02-06 14:55:52,0.63966,0.704026,1
2023-02-06 14:55:54,0.641228,0.743597,1
2023-02-06 14:55:56,0.639682,0.721671,1
2023-02-06 14:55:58,0.635319,0.695603,1
2023-02-06 14:56:00,0.631269,0.713081,1
2023-02-06 14:56:02,0.62999,0.695904,1
2023-02-06 14:56:04,0.631018,0.725961,1
2023-02-06 14:56:06,0.632019,0.795078,1
2023-02-06 14:56:08,0.631529,0.750924,1
2023-02-06 14:56:10,0.63031,0.685843,1
2023-02-06 14:56:12,0.630203,0.715398,1
2023-02-06 14:56:14,0.631818,0.667496,1
2023-02-06 14:56:16,0.63376,0.636592,1
2023-02-06 14:56:18,0.633995,0.728782,1
2023-02-06 14:56:20,0.631913,0.702993,1
2023-02-06 14:56:22,0.628909,0.647683,1
2023-02-06 14:56:24,0.626973,0.657075,1
2023-02-06 14:56:26,0.626813,0.645632,1
2023-02-06 14:56:28,0.627466,0.695509,1
2023-02-06 14:56:30,0.627621,0.696268,1
2023-02-06 14:56:32,0.627038,0.705197,1
2023-02-06 14:56:34,0.626562,0.741906,1
2023-02-06 14:56:36,0.626963,0.653398,1
2023-02-06 14:56:38,0.628109,0.674608,1
2023-02-06 14:56:40,0.629148,0.713293,1
2023-02-06 14:56:42,0.629452,0.637149,1
2023-02-06 14:56:44,0.62909,0.689315,1
2023-02-06 14:56:46,0.628571,0.716365,1
2023-02-06 14:56:48,0.628336,0.690695,1
2023-02-06 14:56:50,0.628493,0.743272,1
2023-02-06 14:56:52,0.628899,0.730726,1
2023-02-06 14:56:54,0.629325,0.698528,1
2023-02-06 14:56:56,0.629633,0.701247,1
2023-02-06 14:56:58,0.629806,0.702634,1
2023-02-06 14:57:00,0.629858,0.70997,1
2023-02-06 14:57:02,0.629878,0.714311,1
2023-02-06 14:57:04,0.62978,0.709894,1
2023-02-06 14:57:06,0.629342,0.672828,1
2023-02-06 14:57:08,0.628515,0.681065,1
2023-02-06 14:57:10,0.627437,0.712636,1
2023-02-06 14:57:12,0.626376,0.733681,1
2023-02-06 14:57:14,0.625619,0.773314,1
2023-02-06 14:57:16,0.625317,0.722689,1
2023-02-06 14:57:18,0.625375,0.690645,1
2023-02-06 14:57:20,0.625579,0.71366,1
2023-02-06 14:57:22,0.625832,0.643725,1
2023-02-06 14:57:24,0.626204,0.676834,1
2023-02-06 14:57:26,0.626884,0.776289,1
2023-02-06 14:57:28,0.627884,0.761137,1
2023-02-06 14:57:30,0.629074,0.72481,1
2023-02-06 14:57:32,0.630378,0.730789,1
2023-02-06 14:57:34,0.631822,0.73616,1
2023-02-06 14:57:36,0.633198,0.699327,1
2023-02-06 14:57:38,0.634006,0.718516,1
2023-02-06 14:57:40,0.634393,0.740461,1
2023-02-06 14:57:42,0.636098,0.671825,1
2023-02-06 14:57:44,0.641255,0.699599,1
2023-02-06 14:57:46,0.64935,0.745541,1
2023-02-06 14:57:48,0.656049,0.702964,1
2023-02-06 14:57:50,0.656853,0.702675,1
2023-02-06 14:57:52,0.65254,0.733376,1
2023-02-06 14:57:54,0.649473,0.75268,1
2023-02-06 14:57:56,0.652827,0.735609,1
2023-02-06 14:57:58,0.660086,0.744686,1
2023-02-06 14:58:00,0.663444,0.767499,1
2023-02-06 14:58:02,0.659332,0.717212,1
2023-02-06 14:58:04,0.653714,0.743107,1
2023-02-06 14:58:06,0.655463,0.745717,1
2023-02-06 14:58:08,0.665145,0.679068,1
2023-02-06 14:58:10,0.672936,0.714019,1
2023-02-06 14:58:12,0.669039,0.70007,1
2023-02-06 14:58:14,0.654638,0.701129,1
2023-02-06 14:58:16,0.640489,0.764082,1
2023-02-06 14:58:18,0.635316,0.710577,1
2023-02-06 14:58:20,0.637592,0.697096,1
2023-02-06 14:58:22,0.639557,0.770631,1
2023-02-06 14:58:24,0.637098,0.785386,1
2023-02-06 14:58:26,0.6334,0.736096,1
2023-02-06 14:58:28,0.633353,0.690202,1
2023-02-06 14:58:30,0.637142,0.715648,1
2023-02-06 14:58:32,0.640733,0.739772,1
2023-02-06 14:58:34,0.641276,0.779789,1
2023-02-06 14:58:36,0.640038,0.813872,1
2023-02-06 14:58:38,0.639571,0.739602,1
2023-02-06 14:58:40,0.63999,0.707384,1
2023-02-06 14:58:42,0.639709,0.745126,1
2023-02-06 14:58:44,0.639048,0.701957,1
2023-02-06 14:58:46,0.641665,0.636094,1
2023-02-06 14:58:48,0.651169,0.655978,1
2023-02-06 14:58:50,0.666148,0.684788,1
2023-02-06 14:58:52,0.679986,0.642676,1
2023-02-06 14:58:54,0.686605,0.661437,1
2023-02-06 14:58:56,0.68646,0.733496,1
2023-02-06 14:58:58,0.686359,0.721747,1
2023-02-06 14:59:00,0.693057,0.707157,1
2023-02-06 14:59:02,0.707091,0.712479,1
2023-02-06 14:59:04,0.722887,0.705161,1
2023-02-06 14:59:06,0.73454,0.761798,1
2023-02-06 14:59:08,0.740436,0.82744,1
2023-02-06 14:59:10,0.742666,0.793035,1
2023-02-06 14:59:12,0.743457,0.765922,1
2023-02-06 14:59:14,0.743823,0.826139,1
2023-02-06 14:59:16,0.745307,0.772048,1
2023-02-06 14:59:18,0.750864,0.723347,1
2023-02-06 14:59:20,0.762428,0.819716,1
2023-02-06 14:59:22,0.777615,0.772421,1
2023-02-06 14:59:24,0.79038,0.754595,1
2023-02-06 14:59:26,0.795923,0.874981,1
2023-02-06 14:59:28,0.79487,0.839594,1
2023-02-06 14:59:30,0.792284,0.79213,1
2023-02-06 14:59:32,0.792677,0.827951,1
2023-02-06 14:59:34,0.796227,0.829958,1
2023-02-06 14:59:36,0.799736,0.809627,1
2023-02-06 14:59:38,0.800573,0.774436,1
2023-02-06 14:59:40,0.79928,0.817202,1
2023-02-06 14:59:42,0.798438,0.849506,1
2023-02-06 14:59:44,0.799775,0.82703,1
2023-02-06 14:59:46,0.802653,0.834927,1
2023-02-06 14:59:48,0.805355,0.784876,1
2023-02-06 14:59:50,0.807136,0.754376,1
2023-02-06 14:59:52,0.808422,0.790288,1
2023-02-06 14:59:54,0.809307,0.796915,1
2023-02-06 14:59:56,0.808841,0.833959,1
2023-02-06 14:59:58,0.806863,0.846315,1
2023-02-06 15:00:00,0.806053,0.831674,1
2023-02-06 15:00:02,0.810805,0.853357,1
2023-02-06 15:00:04,0.822856,0.842471,1
2023-02-06 15:00:06,0.838253,0.819043,1
2023-02-06 15:00:08,0.849842,0.810611,1
2023-02-06 15:00:10,0.853481,0.822282,1
2023-02-06 15:00:12,0.851482,0.854604,1
2023-02-06 15:00:14,0.849501,0.861063,1
2023-02-06 15:00:16,0.850537,0.858944,1
2023-02-06 15:00:18,0.852738,0.859477,1
2023-02-06 15:00:20,0.852925,0.858405,1
2023-02-06 15:00:22,0.850966,0.877484,1
2023-02-06 15:00:24,0.849679,0.877585,1
2023-02-06 15:00:26,0.851031,0.814689,1
2023-02-06 15:00:28,0.853781,0.785379,1
2023-02-06 15:00:30,0.85533,0.838631,1
2023-02-06 15:00:32,0.854934,0.834849,1
2023-02-06 15:00:34,0.854119,0.825034,1
2023-02-06 15:00:36,0.854313,0.881846,1
2023-02-06 15:00:38,0.855285,0.884236,1
2023-02-06 15:00:40,0.856066,0.882604,1
2023-02-06 15:00:42,0.85658,0.873376,1
2023-02-06 15:00:44,0.857294,0.793068,1
2023-02-06 15:00:46,0.857765,0.81166,1
2023-02-06 15:00:48,0.856897,0.894499,1
2023-02-06 15:00:50,0.854928,0.879363,1
2023-02-06 15:00:52,0.854024,0.836544,1
2023-02-06 15:00:54,0.855524,0.860628,1
2023-02-06 15:00:56,0.856795,0.875159,1
2023-02-06 15:00:58,0.852294,0.844024,1
2023-02-06 15:01:00,0.839158,0.886789,1
2023-02-06 15:01:02,0.821369,0.924085,1
2023-02-06 15:01:04,0.807339,0.831958,1
2023-02-06 15:01:06,0.802567,0.781456,1
2023-02-06 15:01:08,0.804783,0.807635,1
2023-02-06 15:01:10,0.806728,0.760441,1
2023-02-06 15:01:12,0.803634,0.733483,1
2023-02-06 15:01:14,0.797589,0.773276,1
2023-02-06 15:01:16,0.794275,0.767962,1
2023-02-06 15:01:18,0.795938,0.765774,1
2023-02-06 15:01:20,0.798233,0.789074,1
2023-02-06 15:01:22,0.794291,0.80082,1
2023-02-06 15:01:24,0.781745,0.834606,1
2023-02-06 15:01:26,0.765398,0.798237,1
2023-02-06 15:01:28,0.752988,0.737553,1
2023-02-06 15:01:30,0.748492,0.776173,1
2023-02-06 15:01:32,0.749491,0.794322,1
2023-02-06 15:01:34,0.750589,0.815137,1
2023-02-06 15:01:36,0.748728,0.821318,1
2023-02-06 15:01:38,0.745066,0.742719,1
2023-02-06 15:01:40,0.742522,0.724935,1
2023-02-06 15:01:42,0.742377,0.75352,1
2023-02-06 15:01:44,0.74344,0.756802,1
2023-02-06 15:01:46,0.743809,0.763875,1
2023-02-06 15:01:48,0.742734,0.766861,1
2023-02-06 15:01:50,0.740864,0.782462,1
2023-02-06 15:01:52,0.739328,0.767302,1
2023-02-06 15:01:54,0.738859,0.752841,1
2023-02-06 15:01:56,0.739371,0.770357,1
2023-02-06 15:01:58,0.740113,0.78329,1
2023-02-06 15:02:00,0.740189,0.755525,1
2023-02-06 15:02:02,0.739234,0.666484,1
2023-02-06 15:02:04,0.737693,0.736777,1
2023-02-06 15:02:06,0.736376,0.814743,1
2023-02-06 15:02:08,0.735615,0.734114,1
2023-02-06 15:02:10,0.735061,0.790943,1
2023-02-06 15:02:12,0.734219,0.786321,1
2023-02-06 15:02:14,0.733057,0.715187,1
2023-02-06 15:02:16,0.731977,0.807861,1
2023-02-06 15:02:18,0.731463,0.743183,1
2023-02-06 15:02:20,0.731727,0.730117,1
2023-02-06 15:02:22,0.732803,0.848493,1
2023-02-06 15:02:24,0.734499,0.779825,1
2023-02-06 15:02:26,0.736223,0.758954,1
2023-02-06 15:02:28,0.737249,0.778105,1
2023-02-06 15:02:30,0.737471,0.727936,1
2023-02-06 15:02:32,0.737773,0.738962,1
2023-02-06 15:02:34,0.739359,0.755968,1
2023-02-06 15:02:36,0.742323,0.788405,1
2023-02-06 15:02:38,0.745178,0.747579,1
2023-02-06 15:02:40,0.746161,0.738349,1
2023-02-06 15:02:42,0.745048,0.825555,1
2023-02-06 15:02:44,0.743406,0.776855,1
2023-02-06 15:02:46,0.742881,0.746636,1
2023-02-06 15:02:48,0.743485,0.74207,1
2023-02-06 15:02:50,0.743908,0.72169,1
2023-02-06 15:02:52,0.743437,0.802798,1
2023-02-06 15:02:54,0.742977,0.752082,1
2023-02-06 15:02:56,0.743695,0.731811,1
2023-02-06 15:02:58,0.745199,0.828743,1
2023-02-06 15:03:00,0.745834,0.774714,1
2023-02-06 15:03:02,0.744982,0.782135,1
2023-02-06 15:03:04,0.744261,0.791582,1
2023-02-06 15:03:06,0.745569,0.724343,1
2023-02-06 15:03:08,0.74828,0.769694,1
2023-02-06 15:03:10,0.7496,0.759219,1
2023-02-06 15:03:12,0.748318,0.788644,1
2023-02-06 15:03:14,0.747507,0.844303,1
2023-02-06 15:03:16,0.752213,0.775705,1
2023-02-06 15:03:18,0.764064,0.827451,1
2023-02-06 15:03:20,0.77882,0.849893,1
2023-02-06 15:03:22,0.789718,0.779897,1
2023-02-06 15:03:24,0.793338,0.853934,1
2023-02-06 15:03:26,0.791835,0.850957,1
2023-02-06 15:03:28,0.789823,0.828934,1
2023-02-06 15:03:30,0.789877,0.884814,1
2023-02-06 15:03:32,0.791228,0.801439,1
2023-02-06 15:03:34,0.792085,0.739033,1
2023-02-06 15:03:36,0.792165,0.774875,1
2023-02-06 15:03:38,0.792625,0.798144,1
2023-02-06 15:03:40,0.794195,0.827761,1
2023-02-06 15:03:42,0.79614,0.797091,1
2023-02-06 15:03:44,0.79724,0.783021,1
2023-02-06 15:03:46,0.797334,0.785486,1
2023-02-06 15:03:48,0.797336,0.76752,1
2023-02-06 15:03:50,0.797751,0.801457,1
2023-02-06 15:03:52,0.797738,0.769449,1
2023-02-06 15:03:54,0.796252,0.761876,1
2023-02-06 15:03:56,0.793899,0.822878,1
2023-02-06 15:03:58,0.792794,0.823701,1
2023-02-06 15:04:00,0.79382,0.859643,1
2023-02-06 15:04:02,0.794372,0.806036,1
2023-02-06 15:04:04,0.789877,0.729292,1
2023-02-06 15:04:06,0.778386,0.790269,1
2023-02-06 15:04:08,0.763426,0.749462,1
2023-02-06 15:04:10,0.751544,0.724977,1
2023-02-06 15:04:12,0.746635,0.744666,1
2023-02-06 15:04:14,0.747049,0.701688,1
2023-02-06 15:04:16,0.748094,0.771734,1
2023-02-06 15:04:18,0.746939,0.788458,1
2023-02-06 15:04:20,0.74459,0.751561,1
2023-02-06 15:04:22,0.743434,0.788552,1
2023-02-06 15:04:24,0.744157,0.770373,1
2023-02-06 15:04:26,0.745449,0.779753,1
2023-02-06 15:04:28,0.746089,0.787742,1
2023-02-06 15:04:30,0.746252,0.757388,1
2023-02-06 15:04:32,0.746701,0.749751,1
2023-02-06 15:04:34,0.747442,0.731984,1
2023-02-06 15:04:36,0.747865,0.783647,1
2023-02-06 15:04:38,0.74789,0.786379,1
2023-02-06 15:04:40,0.748189,0.761899,1
2023-02-06 15:04:42,0.749168,0.820589,1
2023-02-06 15:04:44,0.750231,0.738567,1
2023-02-06 15:04:46,0.75044,0.707811,1
2023-02-06 15:04:48,0.749502,0.801974,1
2023-02-06 15:04:50,0.747687,0.736749,1
2023-02-06 15:04:52,0.745168,0.729015,1
2023-02-06 15:04:54,0.741979,0.811881,1
2023-02-06 15:04:56,0.738875,0.775938,1
2023-02-06 15:04:58,0.737287,0.713658,1
2023-02-06 15:05:00,0.737546,0.70271,1
2023-02-06 15:05:02,0.737186,0.764037,1
2023-02-06 15:05:04,0.732317,0.800405,1
2023-02-06 15:05:06,0.721346,0.742343,1
2023-02-06 15:05:08,0.707473,0.734404,1
2023-02-06 15:05:10,0.696684,0.727658,1
2023-02-06 15:05:12,0.692711,0.666084,1
2023-02-06 15:05:14,0.693867,0.70572,1
2023-02-06 15:05:16,0.694989,0.773413,1
2023-02-06 15:05:18,0.692571,0.76254,1
2023-02-06 15:05:20,0.687963,0.737798,1
2023-02-06 15:05:22,0.685485,0.753266,1
2023-02-06 15:05:24,0.687441,0.786946,1
2023-02-06 15:05:26,0.691396,0.742268,1
2023-02-06 15:05:28,0.692865,0.715265,1
2023-02-06 15:05:30,0.69072,0.781148,1
2023-02-06 15:05:32,0.689252,0.726055,1
2023-02-06 15:05:34,0.69413,0.648777,1
2023-02-06 15:05:36,0.706337,0.71076,1
2023-02-06 15:05:38,0.720778,0.739311,1
2023-02-06 15:05:40,0.73121,0.764252,1
2023-02-06 15:05:42,0.735787,0.792757,1
2023-02-06 15:05:44,0.736966,0.785426,1
2023-02-06 15:05:46,0.736543,0.789887,1
2023-02-06 15:05:48,0.73266,0.762617,1
2023-02-06 15:05:50,0.722673,0.758628,1
2023-02-06 15:05:52,0.708086,0.762095,1
2023-02-06 15:05:54,0.694835,0.756152,1
2023-02-06 15:05:56,0.688033,0.779217,1
2023-02-06 15:05:58,0.687278,0.719726,1
2023-02-06 15:06:00,0.687851,0.709834,1
2023-02-06 15:06:02,0.68604,0.782264,1
2023-02-06 15:06:04,0.682359,0.757668,1
2023-02-06 15:06:06,0.679682,0.753854,1
2023-02-06 15:06:08,0.679428,0.756975,1
2023-02-06 15:06:10,0.680308,0.724593,1
2023-02-06 15:06:12,0.680373,0.761086,1
2023-02-06 15:06:14,0.679225,0.790408,1
2023-02-06 15:06:16,0.678048,0.744408,1
2023-02-06 15:06:18,0.678091,0.704582,1
2023-02-06 15:06:20,0.679578,0.765275,1
2023-02-06 15:06:22,0.681857,0.783921,1
2023-02-06 15:06:24,0.684009,0.731543,1
2023-02-06 15:06:26,0.685345,0.766732,1
2023-02-06 15:06:28,0.685799,0.765081,1
2023-02-06 15:06:30,0.686168,0.713675,1
2023-02-06 15:06:32,0.687772,0.71404,1
2023-02-06 15:06:34,0.691068,0.713441,1
2023-02-06 15:06:36,0.694558,0.702711,1
2023-02-06 15:06:38,0.695877,0.679621,1
2023-02-06 15:06:40,0.694524,0.723553,1
2023-02-06 15:06:42,0.693655,0.733019,1
2023-02-06 15:06:44,0.697827,0.65115,1
2023-02-06 15:06:46,0.708518,0.704972,1
2023-02-06 15:06:48,0.722043,0.747532,1
2023-02-06 15:06:50,0.732606,0.725936,1
2023-02-06 15:06:52,0.737215,0.74929,1
2023-02-06 15:06:54,0.73742,0.756792,1
2023-02-06 15:06:56,0.736633,0.796666,1
2023-02-06 15:06:58,0.736929,0.77206,1
2023-02-06 15:07:00,0.738701,0.776081,1
2023-02-06 15:07:02,0.74184,0.84512,1
2023-02-06 15:07:04,0.745541,0.778221,1
2023-02-06 15:07:06,0.747501,0.828372,1
2023-02-06 15:07:08,0.745582,0.867861,1
2023-02-06 15:07:10,0.741079,0.757123,1
2023-02-06 15:07:12,0.738423,0.771381,1
2023-02-06 15:07:14,0.73971,0.73182,1
2023-02-06 15:07:16,0.740589,0.694531,1
2023-02-06 15:07:18,0.734101,0.754763,1
2023-02-06 15:07:20,0.719535,0.750045,1
2023-02-06 15:07:22,0.705126,0.787342,1
2023-02-06 15:07:24,0.69984,0.763368,1
2023-02-06 15:07:26,0.703431,0.752572,1
2023-02-06 15:07:28,0.70729,0.824278,1
2023-02-06 15:07:30,0.705418,0.781827,1
2023-02-06 15:07:32,0.701972,0.779811,1
2023-02-06 15:07:34,0.705883,0.768244,1
2023-02-06 15:07:36,0.719157,0.690489,1
2023-02-06 15:07:38,0.733357,0.730603,1
2023-02-06 15:07:40,0.738537,0.72839,1
2023-02-06 15:07:42,0.734047,0.704953,1
2023-02-06 15:07:44,0.72862,0.773739,1
2023-02-06 15:07:46,0.730545,0.817624,1
2023-02-06 15:07:48,0.739181,0.779101,1
2023-02-06 15:07:50,0.746939,0.716919,1
2023-02-06 15:07:52,0.748114,0.754642,1
2023-02-06 15:07:54,0.744613,0.793659,1
2023-02-06 15:07:56,0.743593,0.807456,1
2023-02-06 15:07:58,0.750411,0.837005,1
2023-02-06 15:08:00,0.764203,0.797805,1
2023-02-06 15:08:02,0.779321,0.801773,1
2023-02-06 15:08:04,0.790115,0.820706,1
2023-02-06 15:08:06,0.794596,0.789589,1
2023-02-06 15:08:08,0.794726,0.810414,1
2023-02-06 15:08:10,0.79408,0.801093,1
2023-02-06 15:08:12,0.795074,0.804236,1
2023-02-06 15:08:14,0.797572,0.823685,1
2023-02-06 15:08:16,0.799531,0.779861,1
2023-02-06 15:08:18,0.799326,0.819446,1
2023-02-06 15:08:20,0.797472,0.872848,1
2023-02-06 15:08:22,0.796168,0.822786,1
2023-02-06 15:08:24,0.796488,0.801877,1
2023-02-06 15:08:26,0.79677,0.834885,1
2023-02-06 15:08:28,0.794218,0.815005,1
2023-02-06 15:08:30,0.788529,0.730922,1
2023-02-06 15:08:32,0.782595,0.699345,1
2023-02-06 15:08:34,0.779363,0.744458,1
2023-02-06 15:08:36,0.777841,0.762875,1
2023-02-06 15:08:38,0.773923,0.770572,1
2023-02-06 15:08:40,0.765437,0.803037,1
2023-02-06 15:08:42,0.755402,0.797222,1
2023-02-06 15:08:44,0.749202,0.773164,1
2023-02-06 15:08:46,0.748775,0.787774,1
2023-02-06 15:08:48,0.750761,0.748945,1
2023-02-06 15:08:50,0.75069,0.703754,1
2023-02-06 15:08:52,0.747935,0.75304,1
2023-02-06 15:08:54,0.745521,0.772074,1
2023-02-06 15:08:56,0.745729,0.781677,1
2023-02-06 15:08:58,0.747087,0.792369,1
2023-02-06 15:09:00,0.746353,0.752524,1
2023-02-06 15:09:02,0.742623,0.76122,1
2023-02-06 15:09:04,0.738407,0.744759,1
2023-02-06 15:09:06,0.73667,0.72268,1
2023-02-06 15:09:08,0.73757,0.793405,1
2023-02-06 15:09:10,0.738445,0.797343,1
2023-02-06 15:09:12,0.73655,0.77809,1
2023-02-06 15:09:14,0.731367,0.75281,1
2023-02-06 15:09:16,0.724297,0.702593,1
2023-02-06 15:09:18,0.716846,0.751099,1
2023-02-06 15:09:20,0.709653,0.751569,1
2023-02-06 15:09:22,0.703089,0.732964,1
2023-02-06 15:09:24,0.698043,0.789136,1
2023-02-06 15:09:26,0.695458,0.744078,1
2023-02-06 15:09:28,0.694873,0.702006,1
2023-02-06 15:09:30,0.694395,0.724953,1
2023-02-06 15:09:32,0.692336,0.729322,1
2023-02-06 15:09:34,0.688907,0.784752,1
2023-02-06 15:09:36,0.686076,0.794277,1
2023-02-06 15:09:38,0.685422,0.779446,1
2023-02-06 15:09:40,0.686443,0.814105,1
2023-02-06 15:09:42,0.687167,0.773216,1
2023-02-06 15:09:44,0.686245,0.762275,1
2023-02-06 15:09:46,0.684107,0.813529,1
2023-02-06 15:09:48,0.682186,0.767006,1
2023-02-06 15:09:50,0.6814,0.716078,1
2023-02-06 15:09:52,0.681603,0.72427,1
2023-02-06 15:09:54,0.682209,0.703419,1
2023-02-06 15:09:56,0.682862,0.686625,1
2023-02-06 15:09:58,0.683406,0.727721,1
2023-02-06 15:10:00,0.683748,0.764472,1
2023-02-06 15:10:02,0.683956,0.774577,1
2023-02-06 15:10:04,0.684326,0.770578,1
2023-02-06 15:10:06,0.685066,0.718216,1
2023-02-06 15:10:08,0.685837,0.724629,1
2023-02-06 15:10:10,0.685983,0.764886,1
2023-02-06 15:10:12,0.685183,0.688387,1
2023-02-06 15:10:14,0.683966,0.677203,1
2023-02-06 15:10:16,0.683024,0.741225,1
2023-02-06 15:10:18,0.682436,0.716438,1
2023-02-06 15:10:20,0.681899,0.733096,1
2023-02-06 15:10:22,0.681602,0.767773,1
2023-02-06 15:10:24,0.682182,0.741781,1
2023-02-06 15:10:26,0.683429,0.748054,1
2023-02-06 15:10:28,0.683629,0.769451,1
2023-02-06 15:10:30,0.681233,0.769258,1
2023-02-06 15:10:32,0.677397,0.729222,1
2023-02-06 15:10:34,0.675702,0.714677,1
2023-02-06 15:10:36,0.678133,0.735512,1
2023-02-06 15:10:38,0.681435,0.744192,1
2023-02-06 15:10:40,0.678861,0.804477,1
2023-02-06 15:10:42,0.666865,0.799808,1
2023-02-06 15:10:44,0.649822,0.756691,1
2023-02-06 15:10:46,0.637068,0.747,1
2023-02-06 15:10:48,0.634452,0.672649,1
2023-02-06 15:10:50,0.639127,0.749364,1
2023-02-06 15:10:52,0.643155,0.762991,1
2023-02-06 15:10:54,0.642087,0.645872,1
2023-02-06 15:10:56,0.639332,0.714922,1
2023-02-06 15:10:58,0.641903,0.721605,1
2023-02-06 15:11:00,0.65256,0.715391,1
2023-02-06 15:11:02,0.666764,0.835511,1
2023-02-06 15:11:04,0.677176,0.828979,1
2023-02-06 15:11:06,0.68034,0.894081,1
2023-02-06 15:11:08,0.67877,0.885529,1
2023-02-06 15:11:10,0.67717,0.803032,1
2023-02-06 15:11:12,0.677836,0.591505,1
2023-02-06 15:11:14,0.679641,0.0,1
