segment_idx,segment_start,segment_end,i3_photoresistor_psd_peak_baseband,i3_photoresistor_psd_peak_am_demodulated,i3_photoresistor_psd_mean_energy_baseband,i3_photoresistor_psd_mean_energy_am_demodulated,i3_photoresistor_psd_peak_freq_baseband,i3_photoresistor_psd_peak_freq_am_demodulated,i3_photoresistor_rms_baseband,i3_photoresistor_rms_am_demodulated,i3_photoresistor_mean_baseband,i3_photoresistor_mean_am_demodulated,i3_photoresistor_variance_baseband,i3_photoresistor_variance_am_demodulated,i3_photoresistor_fft_peak_baseband,i3_photoresistor_fft_peak_am_demodulated,current_task_duration_psd_peak_baseband,current_task_duration_psd_peak_am_demodulated,current_task_duration_psd_mean_energy_baseband,current_task_duration_psd_mean_energy_am_demodulated,current_task_duration_psd_peak_freq_baseband,current_task_duration_psd_peak_freq_am_demodulated,current_task_duration_rms_baseband,current_task_duration_rms_am_demodulated,current_task_duration_mean_baseband,current_task_duration_mean_am_demodulated,current_task_duration_variance_baseband,current_task_duration_variance_am_demodulated,current_task_duration_fft_peak_baseband,current_task_duration_fft_peak_am_demodulated,current_state_binary
0,2023-02-06T14:08:10.000000000,2023-02-06T14:09:08.000000000,0.002205,0.91273,0.002438,0.913464,0.666667,1.0,0.068013,0.502411,0.025048,0.469696,0.60931,1.0,0.025048,0.469696,0.0,1.0,0.0,1.0,0.0,1.0,0.0,1.0,0.0,1.0,0.0,1.0,0.0,1.0,1
1,2023-02-06T14:08:40.000000000,2023-02-06T14:09:38.000000000,1.0,1.0,1.0,1.0,0.0,0.546231,0.150632,0.237468,0.124655,0.214314,1.0,0.907816,0.124655,0.214314,0.0,0.681906,0.0,0.681906,0.0,0.681906,0.0,0.681906,0.0,0.681906,0.0,0.681906,0.0,0.681906,1
2,2023-02-06T14:09:10.000000000,2023-02-06T14:10:08.000000000,1.7e-05,0.621724,7.6e-05,0.622511,1.0,0.381865,0.189316,0.0,0.19214,0.0,0.000434,0.504211,0.19214,0.0,0.0,0.354736,0.0,0.354736,0.0,0.354736,0.0,0.354736,0.0,0.354736,0.0,0.354736,0.0,0.354736,1
3,2023-02-06T14:09:40.000000000,2023-02-06T14:10:38.000000000,0.000144,0.541177,0.000202,0.541967,0.0,0.760069,0.191011,0.427386,0.193838,0.427295,0.0,0.527863,0.193838,0.427295,0.0,0.890971,0.0,0.890971,0.0,0.890971,0.0,0.890971,0.0,0.890971,0.0,0.890971,0.0,0.890971,1
4,2023-02-06T14:10:10.000000000,2023-02-06T14:11:08.000000000,6.1e-05,0.555664,9.4e-05,0.556587,0.0,0.478229,0.190238,0.325706,0.193064,0.332566,0.000204,0.454285,0.193064,0.332566,0.0,0.780921,0.0,0.780921,0.0,0.780921,0.0,0.780921,0.0,0.780921,0.0,0.780921,0.0,0.780921,1
5,2023-02-06T14:10:40.000000000,2023-02-06T14:11:38.000000000,0.0,0.448326,0.0,0.449582,0.0,0.474255,0.187722,0.312158,0.190557,0.321684,0.000176,0.376547,0.190557,0.321684,0.0,0.745299,0.0,0.745299,0.0,0.745299,0.0,0.745299,0.0,0.745299,0.0,0.745299,0.0,0.745299,1
6,2023-02-06T14:11:10.000000000,2023-02-06T14:12:08.000000000,0.001492,0.356777,0.001166,0.358434,0.0,0.456953,0.17623,0.267104,0.178542,0.27873,0.02483,0.316076,0.178542,0.27873,0.0,0.680485,0.0,0.680485,0.0,0.680485,0.0,0.680485,0.0,0.680485,0.0,0.680485,0.0,0.680485,1
7,2023-02-06T14:11:40.000000000,2023-02-06T14:12:38.000000000,0.0204,0.357641,0.01812,0.358655,0.0,0.339691,0.153279,0.168331,0.15548,0.182348,0.029081,0.284034,0.15548,0.182348,0.0,0.590528,0.0,0.590528,0.0,0.590528,0.0,0.590528,0.0,0.590528,0.0,0.590528,0.0,0.590528,1
8,2023-02-06T14:12:10.000000000,2023-02-06T14:13:08.000000000,0.018376,0.354422,0.017785,0.35729,0.0,0.53633,0.127865,0.221689,0.130143,0.234049,0.02492,0.306708,0.130143,0.234049,0.0,0.670582,0.0,0.670582,0.0,0.670582,0.0,0.670582,0.0,0.670582,0.0,0.670582,0.0,0.670582,1
9,2023-02-06T14:12:40.000000000,2023-02-06T14:13:38.000000000,0.007711,0.343478,0.013581,0.348041,0.333333,0.519015,0.108514,0.119821,0.111373,0.132762,0.00703,0.286953,0.111373,0.132762,0.0,0.568524,0.0,0.568524,0.0,0.568524,0.0,0.568524,0.0,0.568524,0.0,0.568524,0.0,0.568524,1
10,2023-02-06T14:13:10.000000000,2023-02-06T14:14:08.000000000,0.008524,0.433489,0.007645,0.433875,0.0,0.453124,0.090374,0.202263,0.09213,0.212069,0.033532,0.3795,0.09213,0.212069,0.0,0.713408,0.0,0.713408,0.0,0.713408,0.0,0.713408,0.0,0.713408,0.0,0.713408,0.0,0.713408,1
11,2023-02-06T14:13:40.000000000,2023-02-06T14:14:38.000000000,0.011562,0.452256,0.011384,0.453065,0.0,0.461433,0.067228,0.19951,0.069342,0.207883,0.020766,0.400923,0.069342,0.207883,0.0,0.735669,0.0,0.735669,0.0,0.735669,0.0,0.735669,0.0,0.735669,0.0,0.735669,0.0,0.735669,1
12,2023-02-06T14:14:10.000000000,2023-02-06T14:15:08.000000000,0.001803,0.396379,0.002634,0.399571,0.333333,0.467691,0.050813,0.075736,0.053513,0.085415,0.008756,0.340843,0.053513,0.085415,0.0,0.593355,0.0,0.593355,0.0,0.593355,0.0,0.593355,0.0,0.593355,0.0,0.593355,0.0,0.593355,1
13,2023-02-06T14:14:40.000000000,2023-02-06T14:15:38.000000000,0.010674,0.37853,0.009208,0.380086,0.0,0.48796,0.034273,0.096454,0.036044,0.105387,0.016686,0.348756,0.036044,0.105387,0.0,0.628456,0.0,0.628456,0.0,0.628456,0.0,0.628456,0.0,0.628456,0.0,0.628456,0.0,0.628456,1
14,2023-02-06T14:15:10.000000000,2023-02-06T14:16:08.000000000,0.001049,0.420152,0.001273,0.42375,0.0,0.454505,0.017837,0.09561,0.019897,0.105009,0.00899,0.358571,0.019897,0.105009,0.0,0.665354,0.0,0.665354,0.0,0.665354,0.0,0.665354,0.0,0.665354,0.0,0.665354,0.0,0.665354,1
15,2023-02-06T14:15:40.000000000,2023-02-06T14:16:38.000000000,0.005434,0.429131,0.008437,0.433054,0.0,0.452484,0.006255,0.120029,0.005416,0.128113,0.015543,0.367269,0.005416,0.128113,0.0,0.70677,0.0,0.70677,0.0,0.70677,0.0,0.70677,0.0,0.70677,0.0,0.70677,0.0,0.70677,1
16,2023-02-06T14:16:10.000000000,2023-02-06T14:17:08.000000000,0.000894,0.344845,0.001309,0.34657,0.0,0.37851,0.0,0.052645,0.0,0.062436,0.007776,0.305431,0.0,0.062436,0.0,0.598111,0.0,0.598111,0.0,0.598111,0.0,0.598111,0.0,0.598111,0.0,0.598111,0.0,0.598111,1
17,2023-02-06T14:16:40.000000000,2023-02-06T14:17:38.000000000,0.007465,0.388685,0.007421,0.389365,0.0,0.386468,0.015451,0.084609,0.015106,0.09554,0.022005,0.324389,0.015106,0.09554,0.0,0.639261,0.0,0.639261,0.0,0.639261,0.0,0.639261,0.0,0.639261,0.0,0.639261,0.0,0.639261,1
18,2023-02-06T14:17:10.000000000,2023-02-06T14:18:08.000000000,0.018877,0.422406,0.015395,0.421308,0.0,0.42367,0.043913,0.171863,0.043989,0.18099,0.040909,0.371173,0.043989,0.18099,0.0,0.716208,0.0,0.716208,0.0,0.716208,0.0,0.716208,0.0,0.716208,0.0,0.716208,0.0,0.716208,1
19,2023-02-06T14:17:40.000000000,2023-02-06T14:18:38.000000000,0.022889,0.359175,0.018958,0.357867,0.0,0.370934,0.081404,0.10226,0.081969,0.112923,0.056523,0.319648,0.081969,0.112923,0.0,0.574368,0.0,0.574368,0.0,0.574368,0.0,0.574368,0.0,0.574368,0.0,0.574368,0.0,0.574368,1
20,2023-02-06T14:18:10.000000000,2023-02-06T14:19:08.000000000,0.017568,0.382711,0.014803,0.381655,0.0,0.406401,0.116319,0.160975,0.11816,0.171154,0.03699,0.339069,0.11816,0.171154,0.0,0.614369,0.0,0.614369,0.0,0.614369,0.0,0.614369,0.0,0.614369,0.0,0.614369,0.0,0.614369,1
21,2023-02-06T14:18:40.000000000,2023-02-06T14:19:38.000000000,0.003832,0.349289,0.004524,0.350043,0.0,0.399852,0.13579,0.155237,0.138547,0.165373,0.008982,0.316654,0.138547,0.165373,0.0,0.572249,0.0,0.572249,0.0,0.572249,0.0,0.572249,0.0,0.572249,0.0,0.572249,0.0,0.572249,1
22,2023-02-06T14:19:10.000000000,2023-02-06T14:20:08.000000000,0.000914,0.385279,0.000763,0.387663,0.0,0.469819,0.145055,0.181592,0.147944,0.19207,0.003528,0.33121,0.147944,0.19207,0.0,0.609569,0.0,0.609569,0.0,0.609569,0.0,0.609569,0.0,0.609569,0.0,0.609569,0.0,0.609569,1
23,2023-02-06T14:19:40.000000000,2023-02-06T14:20:38.000000000,0.002063,0.454964,0.003708,0.455702,0.333333,0.515447,0.148312,0.285725,0.151256,0.294614,0.001138,0.392579,0.151256,0.294614,0.0,0.75106,0.0,0.75106,0.0,0.75106,0.0,0.75106,0.0,0.75106,0.0,0.75106,0.0,0.75106,1
24,2023-02-06T14:20:10.000000000,2023-02-06T14:21:08.000000000,0.000122,0.392397,0.000109,0.394403,0.0,0.410827,0.14667,0.203558,0.149649,0.214158,8e-06,0.333468,0.149649,0.214158,0.0,0.638818,0.0,0.638818,0.0,0.638818,0.0,0.638818,0.0,0.638818,0.0,0.638818,0.0,0.638818,1
25,2023-02-06T14:20:40.000000000,2023-02-06T14:21:38.000000000,0.000106,0.396485,0.000124,0.39786,0.0,0.428689,0.144967,0.218127,0.147947,0.228775,0.000199,0.336658,0.147947,0.228775,0.0,0.66166,0.0,0.66166,0.0,0.66166,0.0,0.66166,0.0,0.66166,0.0,0.66166,0.0,0.66166,1
26,2023-02-06T14:21:10.000000000,2023-02-06T14:22:08.000000000,0.000313,0.374146,0.000564,0.373305,0.0,0.388882,0.144396,0.207166,0.147105,0.217921,0.010124,0.326053,0.147105,0.217921,0.0,0.642879,0.0,0.642879,0.0,0.642879,0.0,0.642879,0.0,0.642879,0.0,0.642879,0.0,0.642879,1
27,2023-02-06T14:21:40.000000000,2023-02-06T14:22:38.000000000,0.025802,0.360849,0.046212,0.36427,0.333333,0.404168,0.146657,0.174486,0.149272,0.186004,0.013471,0.307474,0.149272,0.186004,0.0,0.596609,0.0,0.596609,0.0,0.596609,0.0,0.596609,0.0,0.596609,0.0,0.596609,0.0,0.596609,1
28,2023-02-06T14:22:10.000000000,2023-02-06T14:23:08.000000000,0.002384,0.404408,0.003742,0.408141,0.0,0.463082,0.15554,0.242732,0.158011,0.252905,0.018666,0.346446,0.158011,0.252905,0.0,0.675145,0.0,0.675145,0.0,0.675145,0.0,0.675145,0.0,0.675145,0.0,0.675145,0.0,0.675145,1
29,2023-02-06T14:22:40.000000000,2023-02-06T14:23:38.000000000,0.0195,0.42463,0.017314,0.424075,0.0,0.427455,0.175531,0.258408,0.177722,0.26835,0.030128,0.360471,0.177722,0.26835,0.0,0.678687,0.0,0.678687,0.0,0.678687,0.0,0.678687,0.0,0.678687,0.0,0.678687,0.0,0.678687,1
30,2023-02-06T14:23:10.000000000,2023-02-06T14:24:08.000000000,0.022339,0.514199,0.020334,0.513525,0.0,0.505479,0.206815,0.377789,0.208737,0.38591,0.043375,0.435648,0.208737,0.38591,0.0,0.819343,0.0,0.819343,0.0,0.819343,0.0,0.819343,0.0,0.819343,0.0,0.819343,0.0,0.819343,1
31,2023-02-06T14:23:40.000000000,2023-02-06T14:24:38.000000000,0.002035,0.448388,0.002103,0.448788,0.0,0.472002,0.233106,0.343669,0.235543,0.351908,0.014047,0.389712,0.235543,0.351908,0.0,0.730635,0.0,0.730635,0.0,0.730635,0.0,0.730635,0.0,0.730635,0.0,0.730635,0.0,0.730635,1
32,2023-02-06T14:24:10.000000000,2023-02-06T14:25:08.000000000,0.010275,0.373378,0.010904,0.37413,0.0,0.477319,0.253666,0.272861,0.255933,0.282237,0.021343,0.324861,0.255933,0.282237,0.0,0.601382,0.0,0.601382,0.0,0.601382,0.0,0.601382,0.0,0.601382,0.0,0.601382,0.0,0.601382,1
33,2023-02-06T14:24:40.000000000,2023-02-06T14:25:38.000000000,0.000341,0.421215,0.000372,0.422161,0.666667,0.511569,0.266351,0.348239,0.268914,0.35637,0.000287,0.36643,0.268914,0.35637,0.0,0.689925,0.0,0.689925,0.0,0.689925,0.0,0.689925,0.0,0.689925,0.0,0.689925,0.0,0.689925,1
34,2023-02-06T14:25:10.000000000,2023-02-06T14:26:08.000000000,0.000483,0.308269,0.000321,0.309506,0.0,0.306371,0.270347,0.230967,0.272884,0.240945,0.001072,0.273747,0.272884,0.240945,0.0,0.50924,0.0,0.50924,0.0,0.50924,0.0,0.50924,0.0,0.50924,0.0,0.50924,0.0,0.50924,1
35,2023-02-06T14:25:40.000000000,2023-02-06T14:26:38.000000000,0.000136,0.318593,0.000152,0.320092,0.0,0.368035,0.270256,0.250151,0.272752,0.259996,0.003782,0.283125,0.272752,0.259996,0.0,0.535184,0.0,0.535184,0.0,0.535184,0.0,0.535184,0.0,0.535184,0.0,0.535184,0.0,0.535184,1
36,2023-02-06T14:26:10.000000000,2023-02-06T14:27:08.000000000,0.016536,0.369624,0.015487,0.370465,0.0,0.423569,0.252159,0.291806,0.254284,0.30117,0.030335,0.323697,0.254284,0.30117,0.0,0.611267,0.0,0.611267,0.0,0.611267,0.0,0.611267,0.0,0.611267,0.0,0.611267,0.0,0.611267,1
37,2023-02-06T14:26:40.000000000,2023-02-06T14:27:38.000000000,0.001377,0.344083,0.001626,0.344581,0.0,0.369131,0.243776,0.247271,0.246168,0.257533,0.015151,0.299432,0.246168,0.257533,0.0,0.56225,0.0,0.56225,0.0,0.56225,0.0,0.56225,0.0,0.56225,0.0,0.56225,0.0,0.56225,1
38,2023-02-06T14:27:10.000000000,2023-02-06T14:28:08.000000000,0.012211,0.427266,0.009814,0.428056,0.0,0.475559,0.259283,0.356561,0.261607,0.365403,0.01696,0.367395,0.261607,0.365403,0.0,0.717541,0.0,0.717541,0.0,0.717541,0.0,0.717541,0.0,0.717541,0.0,0.717541,0.0,0.717541,1
39,2023-02-06T14:27:40.000000000,2023-02-06T14:28:38.000000000,0.007455,0.421906,0.006024,0.422078,0.0,0.436021,0.255979,0.329302,0.258176,0.338424,0.025444,0.364695,0.258176,0.338424,0.0,0.690291,0.0,0.690291,0.0,0.690291,0.0,0.690291,0.0,0.690291,0.0,0.690291,0.0,0.690291,1
40,2023-02-06T14:28:10.000000000,2023-02-06T14:29:08.000000000,0.012037,0.428406,0.010559,0.428425,0.0,0.445871,0.230874,0.319608,0.232882,0.32838,0.038629,0.376688,0.232882,0.32838,0.0,0.696455,0.0,0.696455,0.0,0.696455,0.0,0.696455,0.0,0.696455,0.0,0.696455,0.0,0.696455,1
41,2023-02-06T14:28:40.000000000,2023-02-06T14:29:38.000000000,0.014578,0.453751,0.014704,0.454553,0.0,0.470281,0.204508,0.329881,0.206784,0.338314,0.025501,0.393976,0.206784,0.338314,0.0,0.734186,0.0,0.734186,0.0,0.734186,0.0,0.734186,0.0,0.734186,0.0,0.734186,0.0,0.734186,1
42,2023-02-06T14:29:10.000000000,2023-02-06T14:30:08.000000000,2.2e-05,0.37964,6.4e-05,0.38055,0.0,0.390901,0.189685,0.228073,0.192507,0.237847,0.000462,0.332593,0.192507,0.237847,0.0,0.605872,0.0,0.605872,0.0,0.605872,0.0,0.605872,0.0,0.605872,0.0,0.605872,0.0,0.605872,1
43,2023-02-06T14:29:40.000000000,2023-02-06T14:30:38.000000000,0.000435,0.375319,0.000429,0.376475,0.0,0.419118,0.185111,0.234729,0.187934,0.244214,0.001124,0.33566,0.187934,0.244214,0.0,0.62284,0.0,0.62284,0.0,0.62284,0.0,0.62284,0.0,0.62284,0.0,0.62284,0.0,0.62284,1
44,2023-02-06T14:30:10.000000000,2023-02-06T14:31:08.000000000,0.00016,0.378587,0.000268,0.379094,0.0,0.399711,0.17582,0.209819,0.178318,0.219533,0.016719,0.342216,0.178318,0.219533,0.0,0.61252,0.0,0.61252,0.0,0.61252,0.0,0.61252,0.0,0.61252,0.0,0.61252,0.0,0.61252,1
45,2023-02-06T14:30:40.000000000,2023-02-06T14:31:38.000000000,0.024019,0.386212,0.020589,0.384589,0.0,0.404139,0.148987,0.18908,0.149794,0.198045,0.080758,0.36529,0.149794,0.198045,0.0,0.611392,0.0,0.611392,0.0,0.611392,0.0,0.611392,0.0,0.611392,0.0,0.611392,0.0,0.611392,1
46,2023-02-06T14:31:10.000000000,2023-02-06T14:32:08.000000000,0.027695,0.365644,0.024008,0.363583,0.0,0.392814,0.109432,0.144464,0.110334,0.153786,0.061846,0.345112,0.110334,0.153786,0.0,0.579776,0.0,0.579776,0.0,0.579776,0.0,0.579776,0.0,0.579776,0.0,0.579776,0.0,0.579776,1
47,2023-02-06T14:31:40.000000000,2023-02-06T14:32:38.000000000,0.010643,0.350135,0.008281,0.348666,0.0,0.369139,0.078321,0.1048,0.080175,0.115415,0.028339,0.31852,0.080175,0.115415,0.0,0.556742,0.0,0.556742,0.0,0.556742,0.0,0.556742,0.0,0.556742,0.0,0.556742,0.0,0.556742,1
48,2023-02-06T14:32:10.000000000,2023-02-06T14:33:08.000000000,0.001053,0.406988,0.001282,0.405302,0.0,0.433041,0.072616,0.175523,0.074899,0.184833,0.018575,0.371486,0.074899,0.184833,0.0,0.661319,0.0,0.661319,0.0,0.661319,0.0,0.661319,0.0,0.661319,0.0,0.661319,0.0,0.661319,1
49,2023-02-06T14:32:40.000000000,2023-02-06T14:33:38.000000000,0.025576,0.366056,0.021524,0.362779,0.0,0.378984,0.101183,0.126693,0.101583,0.136039,0.071279,0.343779,0.101583,0.136039,0.0,0.568959,0.0,0.568959,0.0,0.568959,0.0,0.568959,0.0,0.568959,0.0,0.568959,0.0,0.568959,1
50,2023-02-06T14:33:10.000000000,2023-02-06T14:34:08.000000000,0.030923,0.420067,0.025042,0.416249,0.0,0.426133,0.143619,0.213966,0.144223,0.222518,0.08598,0.388736,0.144223,0.222518,0.0,0.656535,0.0,0.656535,0.0,0.656535,0.0,0.656535,0.0,0.656535,0.0,0.656535,0.0,0.656535,1
51,2023-02-06T14:33:40.000000000,2023-02-06T14:34:38.000000000,0.011778,0.487859,0.009783,0.486486,0.0,0.493349,0.173775,0.323259,0.176215,0.331481,0.019331,0.424521,0.176215,0.331481,0.0,0.784536,0.0,0.784536,0.0,0.784536,0.0,0.784536,0.0,0.784536,0.0,0.784536,0.0,0.784536,1
52,2023-02-06T14:34:10.000000000,2023-02-06T14:35:08.000000000,0.000624,0.394418,0.00047,0.394485,0.0,0.411369,0.185772,0.236426,0.18858,0.246162,0.001716,0.338868,0.18858,0.246162,0.0,0.629557,0.0,0.629557,0.0,0.629557,0.0,0.629557,0.0,0.629557,0.0,0.629557,0.0,0.629557,1
53,2023-02-06T14:34:40.000000000,2023-02-06T14:35:38.000000000,0.026594,0.402893,0.02571,0.404295,0.0,0.435002,0.205782,0.283271,0.207829,0.291978,0.036999,0.364573,0.207829,0.291978,0.0,0.660192,0.0,0.660192,0.0,0.660192,0.0,0.660192,0.0,0.660192,0.0,0.660192,0.0,0.660192,1
54,2023-02-06T14:35:10.000000000,2023-02-06T14:36:08.000000000,0.008797,0.40272,0.008334,0.403084,0.0,0.425338,0.2387,0.302874,0.240488,0.311641,0.051123,0.363829,0.240488,0.311641,0.0,0.654427,0.0,0.654427,0.0,0.654427,0.0,0.654427,0.0,0.654427,0.0,0.654427,0.0,0.654427,1
55,2023-02-06T14:35:40.000000000,2023-02-06T14:36:38.000000000,0.016327,0.426525,0.013402,0.425335,0.0,0.441191,0.273536,0.353205,0.275203,0.361331,0.058272,0.385112,0.275203,0.361331,0.0,0.687301,0.0,0.687301,0.0,0.687301,0.0,0.687301,0.0,0.687301,0.0,0.687301,0.0,0.687301,1
56,2023-02-06T14:36:10.000000000,2023-02-06T14:37:08.000000000,0.007808,0.452049,0.014886,0.455894,0.0,0.463969,0.306875,0.413204,0.308764,0.420759,0.040137,0.406845,0.308764,0.420759,0.0,0.739241,0.0,0.739241,0.0,0.739241,0.0,0.739241,0.0,0.739241,0.0,0.739241,0.0,0.739241,1
57,2023-02-06T14:36:40.000000000,2023-02-06T14:37:38.000000000,0.026645,0.321357,0.024275,0.325329,0.0,0.353389,0.339852,0.291414,0.341697,0.300577,0.038479,0.298593,0.341697,0.300577,0.0,0.520729,0.0,0.520729,0.0,0.520729,0.0,0.520729,0.0,0.520729,0.0,0.520729,0.0,0.520729,1
58,2023-02-06T14:37:10.000000000,2023-02-06T14:38:08.000000000,0.000381,0.369741,0.000635,0.368982,0.0,0.390306,0.360354,0.367946,0.362552,0.375926,0.003772,0.339779,0.362552,0.375926,0.0,0.600654,0.0,0.600654,0.0,0.600654,0.0,0.600654,0.0,0.600654,0.0,0.600654,0.0,0.600654,1
59,2023-02-06T14:37:40.000000000,2023-02-06T14:38:38.000000000,0.000119,0.411542,0.000104,0.412236,0.0,0.428846,0.36691,0.423223,0.369114,0.431051,0.00135,0.35697,0.369114,0.431051,0.0,0.669571,0.0,0.669571,0.0,0.669571,0.0,0.669571,0.0,0.669571,0.0,0.669571,0.0,0.669571,1
60,2023-02-06T14:38:10.000000000,2023-02-06T14:39:08.000000000,0.025006,0.307249,0.021336,0.305665,0.0,0.343419,0.388113,0.325217,0.389728,0.3336,0.049659,0.287488,0.389728,0.3336,0.0,0.484068,0.0,0.484068,0.0,0.484068,0.0,0.484068,0.0,0.484068,0.0,0.484068,0.0,0.484068,1
61,2023-02-06T14:38:40.000000000,2023-02-06T14:39:38.000000000,0.04895,0.356775,0.043033,0.353776,0.0,0.375627,0.438056,0.403489,0.438635,0.410414,0.146494,0.349958,0.438635,0.410414,0.0,0.545661,0.0,0.545661,0.0,0.545661,0.0,0.545661,0.0,0.545661,0.0,0.545661,0.0,0.545661,1
62,2023-02-06T14:39:10.000000000,2023-02-06T14:40:08.000000000,0.033662,0.3824,0.028713,0.382086,0.0,0.475371,0.495319,0.474224,0.496224,0.48089,0.103199,0.353601,0.496224,0.48089,0.0,0.599769,0.0,0.599769,0.0,0.599769,0.0,0.599769,0.0,0.599769,0.0,0.599769,0.0,0.599769,1
63,2023-02-06T14:39:40.000000000,2023-02-06T14:40:38.000000000,0.006115,0.354848,0.008724,0.356052,0.666667,0.443752,0.526365,0.490139,0.527947,0.496597,0.010712,0.317293,0.527947,0.496597,0.0,0.576702,0.0,0.576702,0.0,0.576702,0.0,0.576702,0.0,0.576702,0.0,0.576702,0.0,0.576702,1
64,2023-02-06T14:40:10.000000000,2023-02-06T14:41:08.000000000,0.006542,0.354994,0.011652,0.359085,0.0,0.334463,0.524406,0.499988,0.525986,0.506706,0.011764,0.311444,0.525986,0.506706,0.0,0.583278,0.0,0.583278,0.0,0.583278,0.0,0.583278,0.0,0.583278,0.0,0.583278,0.0,0.583278,1
65,2023-02-06T14:40:40.000000000,2023-02-06T14:41:38.000000000,0.000795,0.335334,0.000857,0.336685,0.0,0.380286,0.509474,0.487513,0.511083,0.494275,0.014234,0.300575,0.511083,0.494275,0.0,0.561926,0.0,0.561926,0.0,0.561926,0.0,0.561926,0.0,0.561926,0.0,0.561926,0.0,0.561926,1
66,2023-02-06T14:41:10.000000000,2023-02-06T14:42:08.000000000,0.018653,0.371175,0.017367,0.371414,0.0,0.42297,0.4923,0.511449,0.493917,0.517843,0.019875,0.324467,0.493917,0.517843,0.0,0.605225,0.0,0.605225,0.0,0.605225,0.0,0.605225,0.0,0.605225,0.0,0.605225,0.0,0.605225,1
67,2023-02-06T14:41:40.000000000,2023-02-06T14:42:38.000000000,0.00486,0.409447,0.009423,0.413918,0.0,0.422466,0.484069,0.537727,0.485823,0.544144,0.006944,0.34793,0.485823,0.544144,0.0,0.659736,0.0,0.659736,0.0,0.659736,0.0,0.659736,0.0,0.659736,0.0,0.659736,0.0,0.659736,1
68,2023-02-06T14:42:10.000000000,2023-02-06T14:43:08.000000000,0.017847,0.388873,0.028768,0.391833,0.0,0.444458,0.47988,0.522383,0.481565,0.528613,0.016466,0.342493,0.481565,0.528613,0.0,0.641997,0.0,0.641997,0.0,0.641997,0.0,0.641997,0.0,0.641997,0.0,0.641997,0.0,0.641997,1
69,2023-02-06T14:42:40.000000000,2023-02-06T14:43:38.000000000,0.006801,0.324048,0.006435,0.324805,0.0,0.364279,0.466876,0.43352,0.46862,0.440976,0.014453,0.290193,0.46862,0.440976,0.0,0.535163,0.0,0.535163,0.0,0.535163,0.0,0.535163,0.0,0.535163,0.0,0.535163,0.0,0.535163,1
70,2023-02-06T14:43:10.000000000,2023-02-06T14:44:08.000000000,0.000216,0.307838,0.000294,0.309413,0.0,0.35887,0.454772,0.409432,0.45661,0.417173,0.008441,0.277054,0.45661,0.417173,0.0,0.518746,0.0,0.518746,0.0,0.518746,0.0,0.518746,0.0,0.518746,0.0,0.518746,0.0,0.518746,1
71,2023-02-06T14:43:40.000000000,2023-02-06T14:44:38.000000000,0.010119,0.33232,0.013123,0.335494,0.0,0.379905,0.439085,0.417156,0.440832,0.424779,0.023499,0.294832,0.440832,0.424779,0.0,0.555267,0.0,0.555267,0.0,0.555267,0.0,0.555267,0.0,0.555267,0.0,0.555267,0.0,0.555267,1
72,2023-02-06T14:44:10.000000000,2023-02-06T14:45:08.000000000,0.002029,0.304934,0.002672,0.308419,0.0,0.333341,0.422514,0.362042,0.424465,0.370639,0.007706,0.264746,0.424465,0.370639,0.0,0.504268,0.0,0.504268,0.0,0.504268,0.0,0.504268,0.0,0.504268,0.0,0.504268,0.0,0.504268,1
73,2023-02-06T14:44:40.000000000,2023-02-06T14:45:38.000000000,0.000837,0.329336,0.000866,0.331078,0.0,0.385346,0.414288,0.39555,0.416332,0.403605,0.001119,0.286327,0.416332,0.403605,0.0,0.563456,0.0,0.563456,0.0,0.563456,0.0,0.563456,0.0,0.563456,0.0,0.563456,0.0,0.563456,1
74,2023-02-06T14:45:10.000000000,2023-02-06T14:46:08.000000000,0.000706,0.362796,0.000709,0.364777,0.0,0.388522,0.405654,0.40694,0.40762,0.415028,0.011663,0.311626,0.40762,0.415028,0.0,0.600391,0.0,0.600391,0.0,0.600391,0.0,0.600391,0.0,0.600391,0.0,0.600391,0.0,0.600391,1
75,2023-02-06T14:45:40.000000000,2023-02-06T14:46:38.000000000,0.017073,0.354323,0.015829,0.354677,0.0,0.383986,0.385767,0.379572,0.387593,0.387589,0.03051,0.314476,0.387593,0.387589,0.0,0.569904,0.0,0.569904,0.0,0.569904,0.0,0.569904,0.0,0.569904,0.0,0.569904,0.0,0.569904,1
76,2023-02-06T14:46:10.000000000,2023-02-06T14:47:08.000000000,0.001296,0.394619,0.001275,0.394625,0.0,0.429581,0.379242,0.431682,0.381219,0.438938,0.018276,0.357065,0.381219,0.438938,0.0,0.643826,0.0,0.643826,0.0,0.643826,0.0,0.643826,0.0,0.643826,0.0,0.643826,0.0,0.643826,1
77,2023-02-06T14:46:40.000000000,2023-02-06T14:47:38.000000000,0.017421,0.42319,0.013094,0.422716,0.0,0.43144,0.403622,0.470515,0.405221,0.477318,0.047913,0.391131,0.405221,0.477318,0.0,0.676151,0.0,0.676151,0.0,0.676151,0.0,0.676151,0.0,0.676151,0.0,0.676151,0.0,0.676151,1
78,2023-02-06T14:47:10.000000000,2023-02-06T14:48:08.000000000,0.026306,0.395644,0.024206,0.391832,0.0,0.420118,0.446375,0.472213,0.447419,0.47811,0.096323,0.398024,0.447419,0.47811,0.0,0.612732,0.0,0.612732,0.0,0.612732,0.0,0.612732,0.0,0.612732,0.0,0.612732,0.0,0.612732,1
79,2023-02-06T14:47:40.000000000,2023-02-06T14:48:38.000000000,0.030579,0.387033,0.026617,0.383376,0.0,0.392306,0.503341,0.502889,0.503853,0.508446,0.148685,0.411336,0.503853,0.508446,0.0,0.592089,0.0,0.592089,0.0,0.592089,0.0,0.592089,0.0,0.592089,0.0,0.592089,0.0,0.592089,1
80,2023-02-06T14:48:10.000000000,2023-02-06T14:49:08.000000000,0.055133,0.450376,0.044499,0.442313,0.0,0.433049,0.569385,0.614243,0.569428,0.618343,0.200363,0.468429,0.569428,0.618343,0.0,0.670947,0.0,0.670947,0.0,0.670947,0.0,0.670947,0.0,0.670947,0.0,0.670947,0.0,0.670947,1
81,2023-02-06T14:48:40.000000000,2023-02-06T14:49:38.000000000,0.079527,0.442858,0.067204,0.433293,0.0,0.418984,0.641762,0.658304,0.641509,0.661776,0.23217,0.458608,0.641509,0.661776,0.0,0.636827,0.0,0.636827,0.0,0.636827,0.0,0.636827,0.0,0.636827,0.0,0.636827,0.0,0.636827,1
82,2023-02-06T14:49:10.000000000,2023-02-06T14:50:08.000000000,0.051937,0.399919,0.044637,0.394795,0.0,0.375754,0.720299,0.689771,0.719721,0.693239,0.269296,0.430013,0.719721,0.693239,0.0,0.584136,0.0,0.584136,0.0,0.584136,0.0,0.584136,0.0,0.584136,0.0,0.584136,0.0,0.584136,1
83,2023-02-06T14:49:40.000000000,2023-02-06T14:50:38.000000000,0.055479,0.475504,0.047096,0.46948,0.0,0.4563,0.797334,0.848233,0.796897,0.849745,0.220509,0.474734,0.796897,0.849745,0.0,0.711393,0.0,0.711393,0.0,0.711393,0.0,0.711393,0.0,0.711393,0.0,0.711393,0.0,0.711393,1
84,2023-02-06T14:50:10.000000000,2023-02-06T14:51:08.000000000,0.061687,0.453514,0.055759,0.450861,0.0,0.427076,0.856854,0.877844,0.85672,0.879445,0.133354,0.423908,0.85672,0.879445,0.0,0.675745,0.0,0.675745,0.0,0.675745,0.0,0.675745,0.0,0.675745,0.0,0.675745,0.0,0.675745,1
85,2023-02-06T14:50:40.000000000,2023-02-06T14:51:38.000000000,0.056492,0.400351,0.051,0.396914,0.0,0.392726,0.911461,0.874471,0.911031,0.875594,0.164695,0.40802,0.911031,0.875594,0.0,0.588116,0.0,0.588116,0.0,0.588116,0.0,0.588116,0.0,0.588116,0.0,0.588116,0.0,0.588116,1
86,2023-02-06T14:51:10.000000000,2023-02-06T14:52:08.000000000,0.039344,0.451761,0.038548,0.448364,0.0,0.440281,0.968474,0.971661,0.968132,0.971457,0.109521,0.44428,0.968132,0.971457,0.0,0.666595,0.0,0.666595,0.0,0.666595,0.0,0.666595,0.0,0.666595,0.0,0.666595,0.0,0.666595,1
87,2023-02-06T14:51:40.000000000,2023-02-06T14:52:38.000000000,0.003115,0.44162,0.002609,0.443826,0.0,0.437042,1.0,1.0,1.0,1.0,0.006207,0.40423,1.0,1.0,0.0,0.685821,0.0,0.685821,0.0,0.685821,0.0,0.685821,0.0,0.685821,0.0,0.685821,0.0,0.685821,1
88,2023-02-06T14:52:10.000000000,2023-02-06T14:53:08.000000000,0.003073,0.47884,0.002998,0.466751,0.0,0.449088,0.988812,0.985552,0.988487,0.984774,0.091292,0.474711,0.988487,0.984774,0.0,0.672292,0.0,0.672292,0.0,0.672292,0.0,0.672292,0.0,0.672292,0.0,0.672292,0.0,0.672292,1
89,2023-02-06T14:52:40.000000000,2023-02-06T14:53:38.000000000,0.146947,0.493838,0.119567,0.480259,0.0,0.424696,0.927761,0.926556,0.926565,0.926773,0.32348,0.494641,0.926565,0.926773,0.0,0.657546,0.0,0.657546,0.0,0.657546,0.0,0.657546,0.0,0.657546,0.0,0.657546,0.0,0.657546,1
90,2023-02-06T14:53:10.000000000,2023-02-06T14:54:08.000000000,0.022882,0.434901,0.02595,0.438445,0.0,0.441953,0.863395,0.89648,0.86342,0.897801,0.09717,0.414435,0.86342,0.897801,0.0,0.689434,0.0,0.689434,0.0,0.689434,0.0,0.689434,0.0,0.689434,0.0,0.689434,0.0,0.689434,1
91,2023-02-06T14:53:40.000000000,2023-02-06T14:54:38.000000000,0.057982,0.446182,0.052198,0.44513,0.0,0.44332,0.824141,0.852884,0.824342,0.854846,0.084971,0.405326,0.824342,0.854846,0.0,0.688115,0.0,0.688115,0.0,0.688115,0.0,0.688115,0.0,0.688115,0.0,0.688115,0.0,0.688115,1
92,2023-02-06T14:54:10.000000000,2023-02-06T14:55:08.000000000,0.044739,0.431732,0.034319,0.426113,0.0,0.3983,0.777542,0.764917,0.777856,0.768344,0.089167,0.390609,0.777856,0.768344,0.0,0.633156,0.0,0.633156,0.0,0.633156,0.0,0.633156,0.0,0.633156,0.0,0.633156,0.0,0.633156,1
93,2023-02-06T14:54:40.000000000,2023-02-06T14:55:38.000000000,0.029378,0.474317,0.027899,0.469591,0.0,0.466747,0.72608,0.788918,0.7263,0.791721,0.130311,0.43944,0.7263,0.791721,0.0,0.734605,0.0,0.734605,0.0,0.734605,0.0,0.734605,0.0,0.734605,0.0,0.734605,0.0,0.734605,1
94,2023-02-06T14:55:10.000000000,2023-02-06T14:56:08.000000000,0.076536,0.530316,0.066939,0.524699,0.0,0.480677,0.669891,0.775188,0.670047,0.778514,0.161589,0.465286,0.670047,0.778514,0.0,0.789591,0.0,0.789591,0.0,0.789591,0.0,0.789591,0.0,0.789591,0.0,0.789591,0.0,0.789591,1
95,2023-02-06T14:55:40.000000000,2023-02-06T14:56:38.000000000,0.007824,0.464544,0.009333,0.466914,0.0,0.475442,0.630872,0.7277,0.632022,0.731691,0.023434,0.397583,0.632022,0.731691,0.0,0.758184,0.0,0.758184,0.0,0.758184,0.0,0.758184,0.0,0.758184,0.0,0.758184,0.0,0.758184,1
96,2023-02-06T14:56:10.000000000,2023-02-06T14:57:08.000000000,0.000679,0.45569,0.000723,0.458664,0.0,0.486566,0.622828,0.723139,0.62416,0.726814,0.000198,0.393063,0.62416,0.726814,0.0,0.758725,0.0,0.758725,0.0,0.758725,0.0,0.758725,0.0,0.758725,0.0,0.758725,0.0,0.758725,1
97,2023-02-06T14:56:40.000000000,2023-02-06T14:57:38.000000000,0.000388,0.488739,0.000295,0.489102,0.0,0.477734,0.622224,0.724224,0.623557,0.727938,0.000356,0.418013,0.623557,0.727938,0.0,0.767692,0.0,0.767692,0.0,0.767692,0.0,0.767692,0.0,0.767692,0.0,0.767692,0.0,0.767692,1
98,2023-02-06T14:57:10.000000000,2023-02-06T14:58:08.000000000,0.011732,0.447909,0.010239,0.452853,0.0,0.4809,0.634417,0.716661,0.635552,0.719846,0.023792,0.403874,0.635552,0.719846,0.0,0.731291,0.0,0.731291,0.0,0.731291,0.0,0.731291,0.0,0.731291,0.0,0.731291,0.0,0.731291,1
99,2023-02-06T14:57:40.000000000,2023-02-06T14:58:38.000000000,0.020695,0.362515,0.031842,0.370539,0.0,0.377414,0.642363,0.606073,0.643524,0.610854,0.015956,0.333641,0.643524,0.610854,0.0,0.559357,0.0,0.559357,0.0,0.559357,0.0,0.559357,0.0,0.559357,0.0,0.559357,0.0,0.559357,1
100,2023-02-06T14:58:10.000000000,2023-02-06T14:59:08.000000000,0.022569,0.384808,0.023874,0.385836,0.0,0.405664,0.657897,0.654344,0.65832,0.658239,0.123482,0.408448,0.65832,0.658239,0.0,0.609167,0.0,0.609167,0.0,0.609167,0.0,0.609167,0.0,0.609167,0.0,0.609167,0.0,0.609167,1
101,2023-02-06T14:58:40.000000000,2023-02-06T14:59:38.000000000,0.078017,0.473866,0.057829,0.46352,0.0,0.457865,0.727723,0.774228,0.726475,0.776269,0.383113,0.549439,0.726475,0.776269,0.0,0.719563,0.0,0.719563,0.0,0.719563,0.0,0.719563,0.0,0.719563,0.0,0.719563,0.0,0.719563,1
102,2023-02-06T14:59:10.000000000,2023-02-06T15:00:08.000000000,0.045241,0.408717,0.042293,0.40145,0.0,0.370779,0.793734,0.726059,0.794011,0.729462,0.0874,0.456026,0.794011,0.729462,0.0,0.585809,0.0,0.585809,0.0,0.585809,0.0,0.585809,0.0,0.585809,0.0,0.585809,0.0,0.585809,1
103,2023-02-06T14:59:40.000000000,2023-02-06T15:00:38.000000000,0.033204,0.373423,0.034907,0.374148,0.0,0.4097,0.833781,0.789259,0.834052,0.792296,0.065514,0.351694,0.834052,0.792296,0.0,0.619154,0.0,0.619154,0.0,0.619154,0.0,0.619154,0.0,0.619154,0.0,0.619154,0.0,0.619154,1
104,2023-02-06T15:00:10.000000000,2023-02-06T15:01:08.000000000,0.000438,0.449614,0.000745,0.448215,0.0,0.438462,0.8495,0.86491,0.849895,0.867138,0.03071,0.434635,0.849895,0.867138,0.0,0.709419,0.0,0.709419,0.0,0.709419,0.0,0.709419,0.0,0.709419,0.0,0.709419,0.0,0.709419,1
105,2023-02-06T15:00:40.000000000,2023-02-06T15:01:38.000000000,0.052057,0.434085,0.049255,0.432977,0.0,0.422562,0.810368,0.823372,0.810005,0.825035,0.201094,0.45878,0.810005,0.825035,0.0,0.64945,0.0,0.64945,0.0,0.64945,0.0,0.64945,0.0,0.64945,0.0,0.64945,0.0,0.64945,1
106,2023-02-06T15:01:10.000000000,2023-02-06T15:02:08.000000000,0.062495,0.473331,0.056217,0.471027,0.0,0.465271,0.756763,0.846463,0.757221,0.847675,0.073853,0.431741,0.757221,0.847675,0.0,0.706708,0.0,0.706708,0.0,0.706708,0.0,0.706708,0.0,0.706708,0.0,0.706708,0.0,0.706708,1
107,2023-02-06T15:01:40.000000000,2023-02-06T15:02:38.000000000,0.00097,0.520322,0.000879,0.518647,0.0,0.486624,0.735849,0.884425,0.736782,0.885871,0.001621,0.427277,0.736782,0.885871,0.0,0.783892,0.0,0.783892,0.0,0.783892,0.0,0.783892,0.0,0.783892,0.0,0.783892,0.0,0.783892,1
108,2023-02-06T15:02:10.000000000,2023-02-06T15:03:08.000000000,0.001999,0.400038,0.001981,0.401449,0.0,0.447668,0.738162,0.803303,0.739078,0.804682,0.003159,0.371421,0.739078,0.804682,0.0,0.646832,0.0,0.646832,0.0,0.646832,0.0,0.646832,0.0,0.646832,0.0,0.646832,0.0,0.646832,1
109,2023-02-06T15:02:40.000000000,2023-02-06T15:03:38.000000000,0.020903,0.35065,0.018914,0.350571,0.0,0.362365,0.760002,0.719293,0.760553,0.722381,0.055381,0.317513,0.760553,0.722381,0.0,0.527012,0.0,0.527012,0.0,0.527012,0.0,0.527012,0.0,0.527012,0.0,0.527012,0.0,0.527012,1
110,2023-02-06T15:03:10.000000000,2023-02-06T15:04:08.000000000,0.023141,0.427165,0.024226,0.429509,0.0,0.440216,0.784486,0.817335,0.785083,0.819808,0.032836,0.366498,0.785083,0.819808,0.0,0.67809,0.0,0.67809,0.0,0.67809,0.0,0.67809,0.0,0.67809,0.0,0.67809,0.0,0.67809,1
111,2023-02-06T15:03:40.000000000,2023-02-06T15:04:38.000000000,0.046971,0.415146,0.043524,0.415452,0.0,0.427696,0.76867,0.781266,0.769116,0.784598,0.069707,0.362536,0.769116,0.784598,0.0,0.658946,0.0,0.658946,0.0,0.658946,0.0,0.658946,0.0,0.658946,0.0,0.658946,0.0,0.658946,1
112,2023-02-06T15:04:10.000000000,2023-02-06T15:05:08.000000000,0.000909,0.377656,0.001148,0.374849,0.0,0.349967,0.741143,0.678636,0.742009,0.684394,0.01007,0.318549,0.742009,0.684394,0.0,0.569338,0.0,0.569338,0.0,0.569338,0.0,0.569338,0.0,0.569338,0.0,0.569338,0.0,0.569338,1
113,2023-02-06T15:04:40.000000000,2023-02-06T15:05:38.000000000,0.042829,0.363222,0.037844,0.366456,0.0,0.400998,0.71445,0.694363,0.715014,0.699186,0.076797,0.315085,0.715014,0.699186,0.0,0.604204,0.0,0.604204,0.0,0.604204,0.0,0.604204,0.0,0.604204,0.0,0.604204,0.0,0.604204,1
114,2023-02-06T15:05:10.000000000,2023-02-06T15:06:08.000000000,0.066751,0.357293,0.071915,0.359987,0.0,0.335518,0.696776,0.609969,0.697603,0.615993,0.041462,0.284868,0.697603,0.615993,0.0,0.5109,0.0,0.5109,0.0,0.5109,0.0,0.5109,0.0,0.5109,0.0,0.5109,0.0,0.5109,1
115,2023-02-06T15:05:40.000000000,2023-02-06T15:06:38.000000000,0.048594,0.453515,0.0419,0.449283,0.0,0.436818,0.691666,0.731592,0.692461,0.735198,0.049203,0.376527,0.692461,0.735198,0.0,0.678676,0.0,0.678676,0.0,0.678676,0.0,0.678676,0.0,0.678676,0.0,0.678676,0.0,0.678676,1
116,2023-02-06T15:06:10.000000000,2023-02-06T15:07:08.000000000,0.029411,0.496724,0.024924,0.493079,0.0,0.51506,0.703179,0.819447,0.70374,0.820262,0.082542,0.449742,0.70374,0.820262,0.0,0.77072,0.0,0.77072,0.0,0.77072,0.0,0.77072,0.0,0.77072,0.0,0.77072,0.0,0.77072,1
117,2023-02-06T15:06:40.000000000,2023-02-06T15:07:38.000000000,0.031065,0.525937,0.030544,0.525614,0.0,0.463822,0.721144,0.80134,0.721905,0.802775,0.039754,0.451965,0.721905,0.802775,0.0,0.733033,0.0,0.733033,0.0,0.733033,0.0,0.733033,0.0,0.733033,0.0,0.733033,0.0,0.733033,1
118,2023-02-06T15:07:10.000000000,2023-02-06T15:08:08.000000000,0.04727,0.597979,0.053777,0.59709,0.0,0.614531,0.735635,0.979253,0.736077,0.976872,0.087362,0.531366,0.736077,0.976872,0.0,0.925903,0.0,0.925903,0.0,0.925903,0.0,0.925903,0.0,0.925903,0.0,0.925903,0.0,0.925903,1
119,2023-02-06T15:07:40.000000000,2023-02-06T15:08:38.000000000,0.050071,0.415714,0.046961,0.412785,0.0,0.383643,0.772716,0.737124,0.77311,0.73935,0.077182,0.368308,0.77311,0.73935,0.0,0.567754,0.0,0.567754,0.0,0.567754,0.0,0.567754,0.0,0.567754,0.0,0.567754,0.0,0.567754,1
120,2023-02-06T15:08:10.000000000,2023-02-06T15:09:08.000000000,0.034754,0.378607,0.030667,0.376425,0.0,0.416363,0.768538,0.737729,0.768993,0.74018,0.06815,0.35826,0.768993,0.74018,0.0,0.589194,0.0,0.589194,0.0,0.589194,0.0,0.589194,0.0,0.589194,0.0,0.589194,0.0,0.589194,1
121,2023-02-06T15:08:40.000000000,2023-02-06T15:09:38.000000000,0.018894,0.307889,0.015206,0.306641,0.0,0.376863,0.724551,0.684773,0.725093,0.689974,0.075483,0.303585,0.725093,0.689974,0.0,0.557822,0.0,0.557822,0.0,0.557822,0.0,0.557822,0.0,0.557822,0.0,0.557822,0.0,0.557822,1
122,2023-02-06T15:09:10.000000000,2023-02-06T15:10:08.000000000,0.017881,0.0,0.015595,0.0,0.0,0.0,0.691543,0.202935,0.69242,0.219048,0.035909,0.0,0.69242,0.219048,0.0,0.0,0.0,0.0,0.0,0.0,0.0,0.0,0.0,0.0,0.0,0.0,0.0,0.0,1
123,2023-02-06T15:09:40.000000000,2023-02-06T15:10:38.000000000,0.000525,0.074135,0.000564,0.075762,0.0,0.26556,0.678577,0.459772,0.679714,0.470069,0.000605,0.10762,0.679714,0.470069,0.0,0.333628,0.0,0.333628,0.0,0.333628,0.0,0.333628,0.0,0.333628,0.0,0.333628,0.0,0.333628,1
124,2023-02-06T15:10:10.000000000,2023-02-06T15:11:08.000000000,0.046335,0.345496,0.046768,0.34775,0.0,0.607302,0.663874,0.438692,0.664809,0.434585,0.040481,0.452679,0.664809,0.434585,0.0,0.540979,0.0,0.540979,0.0,0.540979,0.0,0.540979,0.0,0.540979,0.0,0.540979,0.0,0.540979,1
