segment_idx,segment_start,segment_end,i3_photoresistor_psd_peak_baseband,i3_photoresistor_psd_peak_fm_demodulated,i3_photoresistor_psd_mean_energy_baseband,i3_photoresistor_psd_mean_energy_fm_demodulated,i3_photoresistor_psd_peak_freq_baseband,i3_photoresistor_psd_peak_freq_fm_demodulated,i3_photoresistor_rms_baseband,i3_photoresistor_rms_fm_demodulated,i3_photoresistor_mean_baseband,i3_photoresistor_mean_fm_demodulated,i3_photoresistor_variance_baseband,i3_photoresistor_variance_fm_demodulated,i3_photoresistor_fft_peak_baseband,i3_photoresistor_fft_peak_fm_demodulated,current_task_duration_psd_peak_baseband,current_task_duration_psd_peak_fm_demodulated,current_task_duration_psd_mean_energy_baseband,current_task_duration_psd_mean_energy_fm_demodulated,current_task_duration_psd_peak_freq_baseband,current_task_duration_psd_peak_freq_fm_demodulated,current_task_duration_rms_baseband,current_task_duration_rms_fm_demodulated,current_task_duration_mean_baseband,current_task_duration_mean_fm_demodulated,current_task_duration_variance_baseband,current_task_duration_variance_fm_demodulated,current_task_duration_fft_peak_baseband,current_task_duration_fft_peak_fm_demodulated,current_state_binary
0,2023-02-06T14:08:10.000000000,2023-02-06T14:09:08.000000000,0.002205,1.0,0.002438,1.0,0.666667,1.0,0.068013,0.083086,0.025048,0.061394,0.60931,1.0,0.025048,0.061394,0.0,0.620633,0.0,0.620633,0.0,0.620633,0.0,0.620633,0.0,0.620633,0.0,0.620633,0.0,0.620633,1
1,2023-02-06T14:08:40.000000000,2023-02-06T14:09:38.000000000,1.0,0.568132,1.0,0.517472,0.0,0.936346,0.150632,0.117895,0.124655,0.101805,1.0,0.69222,0.124655,0.101805,0.0,0.028296,0.0,0.028296,0.0,0.028296,0.0,0.028296,0.0,0.028296,0.0,0.028296,0.0,0.028296,1
2,2023-02-06T14:09:10.000000000,2023-02-06T14:10:08.000000000,1.7e-05,0.174366,7.6e-05,0.097936,1.0,0.657145,0.189316,0.154794,0.19214,0.146236,0.000434,0.0,0.19214,0.146236,0.0,0.190362,0.0,0.190362,0.0,0.190362,0.0,0.190362,0.0,0.190362,0.0,0.190362,0.0,0.190362,1
3,2023-02-06T14:09:40.000000000,2023-02-06T14:10:38.000000000,0.000144,0.634818,0.000202,0.574946,0.0,0.299111,0.191011,0.222288,0.193838,0.22678,0.0,0.290396,0.193838,0.22678,0.0,0.258017,0.0,0.258017,0.0,0.258017,0.0,0.258017,0.0,0.258017,0.0,0.258017,0.0,0.258017,1
4,2023-02-06T14:10:10.000000000,2023-02-06T14:11:08.000000000,6.1e-05,0.534147,9.4e-05,0.483854,0.0,0.405443,0.190238,0.288453,0.193064,0.290287,0.000204,0.302139,0.193064,0.290287,0.0,0.143219,0.0,0.143219,0.0,0.143219,0.0,0.143219,0.0,0.143219,0.0,0.143219,0.0,0.143219,1
5,2023-02-06T14:10:40.000000000,2023-02-06T14:11:38.000000000,0.0,0.570191,0.0,0.514181,0.0,0.426938,0.187722,0.253269,0.190557,0.255487,0.000176,0.297948,0.190557,0.255487,0.0,0.205133,0.0,0.205133,0.0,0.205133,0.0,0.205133,0.0,0.205133,0.0,0.205133,0.0,0.205133,1
6,2023-02-06T14:11:10.000000000,2023-02-06T14:12:08.000000000,0.001492,0.52962,0.001166,0.464392,0.0,0.148799,0.17623,0.174735,0.178542,0.177795,0.02483,0.33028,0.178542,0.177795,0.0,0.127596,0.0,0.127596,0.0,0.127596,0.0,0.127596,0.0,0.127596,0.0,0.127596,0.0,0.127596,1
7,2023-02-06T14:11:40.000000000,2023-02-06T14:12:38.000000000,0.0204,0.480988,0.01812,0.431145,0.0,0.338954,0.153279,0.183432,0.15548,0.180812,0.029081,0.2199,0.15548,0.180812,0.0,0.184676,0.0,0.184676,0.0,0.184676,0.0,0.184676,0.0,0.184676,0.0,0.184676,0.0,0.184676,1
8,2023-02-06T14:12:10.000000000,2023-02-06T14:13:08.000000000,0.018376,0.536936,0.017785,0.484043,0.0,0.537242,0.127865,0.157395,0.130143,0.152818,0.02492,0.309755,0.130143,0.152818,0.0,0.163306,0.0,0.163306,0.0,0.163306,0.0,0.163306,0.0,0.163306,0.0,0.163306,0.0,0.163306,1
9,2023-02-06T14:12:40.000000000,2023-02-06T14:13:38.000000000,0.007711,0.384802,0.013581,0.32087,0.333333,0.280989,0.108514,0.084034,0.111373,0.078479,0.00703,0.225098,0.111373,0.078479,0.0,0.140548,0.0,0.140548,0.0,0.140548,0.0,0.140548,0.0,0.140548,0.0,0.140548,0.0,0.140548,1
10,2023-02-06T14:13:10.000000000,2023-02-06T14:14:08.000000000,0.008524,0.509231,0.007645,0.458996,0.0,0.314996,0.090374,0.093046,0.09213,0.090365,0.033532,0.199853,0.09213,0.090365,0.0,0.232746,0.0,0.232746,0.0,0.232746,0.0,0.232746,0.0,0.232746,0.0,0.232746,0.0,0.232746,1
11,2023-02-06T14:13:40.000000000,2023-02-06T14:14:38.000000000,0.011562,0.563646,0.011384,0.517226,0.0,0.556103,0.067228,0.113678,0.069342,0.114974,0.020766,0.324338,0.069342,0.114974,0.0,0.157453,0.0,0.157453,0.0,0.157453,0.0,0.157453,0.0,0.157453,0.0,0.157453,0.0,0.157453,1
12,2023-02-06T14:14:10.000000000,2023-02-06T14:15:08.000000000,0.001803,0.465168,0.002634,0.409727,0.333333,0.369557,0.050813,0.115424,0.053513,0.113475,0.008756,0.284973,0.053513,0.113475,0.0,0.143005,0.0,0.143005,0.0,0.143005,0.0,0.143005,0.0,0.143005,0.0,0.143005,0.0,0.143005,1
13,2023-02-06T14:14:40.000000000,2023-02-06T14:15:38.000000000,0.010674,0.446677,0.009208,0.378524,0.0,0.287985,0.034273,0.042331,0.036044,0.040201,0.016686,0.219763,0.036044,0.040201,0.0,0.171006,0.0,0.171006,0.0,0.171006,0.0,0.171006,0.0,0.171006,0.0,0.171006,0.0,0.171006,1
14,2023-02-06T14:15:10.000000000,2023-02-06T14:16:08.000000000,0.001049,0.481217,0.001273,0.42346,0.0,0.219269,0.017837,0.0,0.019897,0.0,0.00899,0.185332,0.019897,0.0,0.0,0.200017,0.0,0.200017,0.0,0.200017,0.0,0.200017,0.0,0.200017,0.0,0.200017,0.0,0.200017,1
15,2023-02-06T14:15:40.000000000,2023-02-06T14:16:38.000000000,0.005434,0.576677,0.008437,0.52538,0.0,0.171145,0.006255,0.092505,0.005416,0.089834,0.015543,0.30668,0.005416,0.089834,0.0,0.192411,0.0,0.192411,0.0,0.192411,0.0,0.192411,0.0,0.192411,0.0,0.192411,0.0,0.192411,1
16,2023-02-06T14:16:10.000000000,2023-02-06T14:17:08.000000000,0.000894,0.447298,0.001309,0.377594,0.0,0.259049,0.0,0.043444,0.0,0.038794,0.007776,0.268518,0.0,0.038794,0.0,0.138348,0.0,0.138348,0.0,0.138348,0.0,0.138348,0.0,0.138348,0.0,0.138348,0.0,0.138348,1
17,2023-02-06T14:16:40.000000000,2023-02-06T14:17:38.000000000,0.007465,0.485324,0.007421,0.426121,0.0,0.084003,0.015451,0.032757,0.015106,0.028548,0.022005,0.194289,0.015106,0.028548,0.0,0.224435,0.0,0.224435,0.0,0.224435,0.0,0.224435,0.0,0.224435,0.0,0.224435,0.0,0.224435,1
18,2023-02-06T14:17:10.000000000,2023-02-06T14:18:08.000000000,0.018877,0.599272,0.015395,0.547614,0.0,0.197936,0.043913,0.141857,0.043989,0.138577,0.040909,0.350605,0.043989,0.138577,0.0,0.182436,0.0,0.182436,0.0,0.182436,0.0,0.182436,0.0,0.182436,0.0,0.182436,0.0,0.182436,1
19,2023-02-06T14:17:40.000000000,2023-02-06T14:18:38.000000000,0.022889,0.473652,0.018958,0.412655,0.0,0.284515,0.081404,0.143318,0.081969,0.140127,0.056523,0.286612,0.081969,0.140127,0.0,0.145526,0.0,0.145526,0.0,0.145526,0.0,0.145526,0.0,0.145526,0.0,0.145526,0.0,0.145526,1
20,2023-02-06T14:18:10.000000000,2023-02-06T14:19:08.000000000,0.017568,0.522531,0.014803,0.471022,0.0,0.19442,0.116319,0.188391,0.11816,0.186966,0.03699,0.268648,0.11816,0.186966,0.0,0.183116,0.0,0.183116,0.0,0.183116,0.0,0.183116,0.0,0.183116,0.0,0.183116,0.0,0.183116,1
21,2023-02-06T14:18:40.000000000,2023-02-06T14:19:38.000000000,0.003832,0.440377,0.004524,0.375062,0.0,0.442356,0.13579,0.222985,0.138547,0.223319,0.008982,0.287185,0.138547,0.223319,0.0,0.120626,0.0,0.120626,0.0,0.120626,0.0,0.120626,0.0,0.120626,0.0,0.120626,0.0,0.120626,1
22,2023-02-06T14:19:10.000000000,2023-02-06T14:20:08.000000000,0.000914,0.393613,0.000763,0.326272,0.0,0.550983,0.145055,0.148889,0.147944,0.148823,0.003528,0.119921,0.147944,0.148823,0.0,0.210566,0.0,0.210566,0.0,0.210566,0.0,0.210566,0.0,0.210566,0.0,0.210566,0.0,0.210566,1
23,2023-02-06T14:19:40.000000000,2023-02-06T14:20:38.000000000,0.002063,0.559159,0.003708,0.5099,0.333333,0.382986,0.148312,0.165088,0.151256,0.166629,0.001138,0.233915,0.151256,0.166629,0.0,0.202191,0.0,0.202191,0.0,0.202191,0.0,0.202191,0.0,0.202191,0.0,0.202191,0.0,0.202191,1
24,2023-02-06T14:20:10.000000000,2023-02-06T14:21:08.000000000,0.000122,0.463825,0.000109,0.403087,0.0,0.177496,0.14667,0.184187,0.149649,0.185123,8e-06,0.237069,0.149649,0.185123,0.0,0.156508,0.0,0.156508,0.0,0.156508,0.0,0.156508,0.0,0.156508,0.0,0.156508,0.0,0.156508,1
25,2023-02-06T14:20:40.000000000,2023-02-06T14:21:38.000000000,0.000106,0.505223,0.000124,0.448929,0.0,0.329503,0.144967,0.15365,0.147947,0.151632,0.000199,0.214248,0.147947,0.151632,0.0,0.205584,0.0,0.205584,0.0,0.205584,0.0,0.205584,0.0,0.205584,0.0,0.205584,0.0,0.205584,1
26,2023-02-06T14:21:10.000000000,2023-02-06T14:22:08.000000000,0.000313,0.522478,0.000564,0.482062,0.0,0.484488,0.144396,0.193005,0.147105,0.191574,0.010124,0.292666,0.147105,0.191574,0.0,0.14843,0.0,0.14843,0.0,0.14843,0.0,0.14843,0.0,0.14843,0.0,0.14843,0.0,0.14843,1
27,2023-02-06T14:21:40.000000000,2023-02-06T14:22:38.000000000,0.025802,0.462297,0.046212,0.417575,0.333333,0.261223,0.146657,0.202243,0.149272,0.201285,0.013471,0.230909,0.149272,0.201285,0.0,0.173939,0.0,0.173939,0.0,0.173939,0.0,0.173939,0.0,0.173939,0.0,0.173939,0.0,0.173939,1
28,2023-02-06T14:22:10.000000000,2023-02-06T14:23:08.000000000,0.002384,0.494712,0.003742,0.43534,0.0,0.159262,0.15554,0.238491,0.158011,0.237406,0.018666,0.281248,0.158011,0.237406,0.0,0.164831,0.0,0.164831,0.0,0.164831,0.0,0.164831,0.0,0.164831,0.0,0.164831,0.0,0.164831,1
29,2023-02-06T14:22:40.000000000,2023-02-06T14:23:38.000000000,0.0195,0.418342,0.017314,0.354961,0.0,0.348617,0.175531,0.293079,0.177722,0.294002,0.030128,0.199257,0.177722,0.294002,0.0,0.182024,0.0,0.182024,0.0,0.182024,0.0,0.182024,0.0,0.182024,0.0,0.182024,0.0,0.182024,1
30,2023-02-06T14:23:10.000000000,2023-02-06T14:24:08.000000000,0.022339,0.566796,0.020334,0.521154,0.0,0.089017,0.206815,0.232224,0.208737,0.23285,0.043375,0.222941,0.208737,0.23285,0.0,0.231025,0.0,0.231025,0.0,0.231025,0.0,0.231025,0.0,0.231025,0.0,0.231025,0.0,0.231025,1
31,2023-02-06T14:23:40.000000000,2023-02-06T14:24:38.000000000,0.002035,0.557472,0.002103,0.509005,0.0,0.397716,0.233106,0.24156,0.235543,0.241261,0.014047,0.366992,0.235543,0.241261,0.0,0.123396,0.0,0.123396,0.0,0.123396,0.0,0.123396,0.0,0.123396,0.0,0.123396,0.0,0.123396,1
32,2023-02-06T14:24:10.000000000,2023-02-06T14:25:08.000000000,0.010275,0.439583,0.010904,0.378353,0.0,0.716167,0.253666,0.323113,0.255933,0.323398,0.021343,0.203345,0.255933,0.323398,0.0,0.179838,0.0,0.179838,0.0,0.179838,0.0,0.179838,0.0,0.179838,0.0,0.179838,0.0,0.179838,1
33,2023-02-06T14:24:40.000000000,2023-02-06T14:25:38.000000000,0.000341,0.592338,0.000372,0.542849,0.666667,0.526404,0.266351,0.269436,0.268914,0.268437,0.000287,0.286405,0.268914,0.268437,0.0,0.184411,0.0,0.184411,0.0,0.184411,0.0,0.184411,0.0,0.184411,0.0,0.184411,0.0,0.184411,1
34,2023-02-06T14:25:10.000000000,2023-02-06T14:26:08.000000000,0.000483,0.473549,0.000321,0.415059,0.0,0.35632,0.270347,0.243298,0.272884,0.241945,0.001072,0.345538,0.272884,0.241945,0.0,0.098909,0.0,0.098909,0.0,0.098909,0.0,0.098909,0.0,0.098909,0.0,0.098909,0.0,0.098909,1
35,2023-02-06T14:25:40.000000000,2023-02-06T14:26:38.000000000,0.000136,0.441237,0.000152,0.374298,0.0,0.335058,0.270256,0.311413,0.272752,0.312519,0.003782,0.195562,0.272752,0.312519,0.0,0.201895,0.0,0.201895,0.0,0.201895,0.0,0.201895,0.0,0.201895,0.0,0.201895,0.0,0.201895,1
36,2023-02-06T14:26:10.000000000,2023-02-06T14:27:08.000000000,0.016536,0.525003,0.015487,0.467081,0.0,0.252422,0.252159,0.275679,0.254284,0.27642,0.030335,0.295686,0.254284,0.27642,0.0,0.151854,0.0,0.151854,0.0,0.151854,0.0,0.151854,0.0,0.151854,0.0,0.151854,0.0,0.151854,1
37,2023-02-06T14:26:40.000000000,2023-02-06T14:27:38.000000000,0.001377,0.383044,0.001626,0.31387,0.0,0.280754,0.243776,0.259514,0.246168,0.259115,0.015151,0.220163,0.246168,0.259115,0.0,0.176246,0.0,0.176246,0.0,0.176246,0.0,0.176246,0.0,0.176246,0.0,0.176246,0.0,0.176246,1
38,2023-02-06T14:27:10.000000000,2023-02-06T14:28:08.000000000,0.012211,0.510343,0.009814,0.448787,0.0,0.220908,0.259283,0.308662,0.261607,0.308939,0.01696,0.186368,0.261607,0.308939,0.0,0.215686,0.0,0.215686,0.0,0.215686,0.0,0.215686,0.0,0.215686,0.0,0.215686,0.0,0.215686,1
39,2023-02-06T14:27:40.000000000,2023-02-06T14:28:38.000000000,0.007455,0.499594,0.006024,0.443038,0.0,0.20639,0.255979,0.264375,0.258176,0.263283,0.025444,0.295592,0.258176,0.263283,0.0,0.155425,0.0,0.155425,0.0,0.155425,0.0,0.155425,0.0,0.155425,0.0,0.155425,0.0,0.155425,1
40,2023-02-06T14:28:10.000000000,2023-02-06T14:29:08.000000000,0.012037,0.47629,0.010559,0.417358,0.0,0.234266,0.230874,0.235607,0.232882,0.233917,0.038629,0.192525,0.232882,0.233917,0.0,0.207686,0.0,0.207686,0.0,0.207686,0.0,0.207686,0.0,0.207686,0.0,0.207686,0.0,0.207686,1
41,2023-02-06T14:28:40.000000000,2023-02-06T14:29:38.000000000,0.014578,0.573376,0.014704,0.523579,0.0,0.166479,0.204508,0.268096,0.206784,0.268186,0.025501,0.270746,0.206784,0.268186,0.0,0.173023,0.0,0.173023,0.0,0.173023,0.0,0.173023,0.0,0.173023,0.0,0.173023,0.0,0.173023,1
42,2023-02-06T14:29:10.000000000,2023-02-06T14:30:08.000000000,2.2e-05,0.478446,6.4e-05,0.422813,0.0,0.229378,0.189685,0.228698,0.192507,0.228712,0.000462,0.296562,0.192507,0.228712,0.0,0.147092,0.0,0.147092,0.0,0.147092,0.0,0.147092,0.0,0.147092,0.0,0.147092,0.0,0.147092,1
43,2023-02-06T14:29:40.000000000,2023-02-06T14:30:38.000000000,0.000435,0.485541,0.000429,0.423458,0.0,0.253479,0.185111,0.186313,0.187934,0.186195,0.001124,0.250694,0.187934,0.186195,0.0,0.183681,0.0,0.183681,0.0,0.183681,0.0,0.183681,0.0,0.183681,0.0,0.183681,0.0,0.183681,1
44,2023-02-06T14:30:10.000000000,2023-02-06T14:31:08.000000000,0.00016,0.506488,0.000268,0.446573,0.0,0.226543,0.17582,0.162485,0.178318,0.161333,0.016719,0.302775,0.178318,0.161333,0.0,0.172473,0.0,0.172473,0.0,0.172473,0.0,0.172473,0.0,0.172473,0.0,0.172473,0.0,0.172473,1
45,2023-02-06T14:30:40.000000000,2023-02-06T14:31:38.000000000,0.024019,0.529509,0.020589,0.47259,0.0,0.201633,0.148987,0.137057,0.149794,0.13373,0.080758,0.296307,0.149794,0.13373,0.0,0.194951,0.0,0.194951,0.0,0.194951,0.0,0.194951,0.0,0.194951,0.0,0.194951,0.0,0.194951,1
46,2023-02-06T14:31:10.000000000,2023-02-06T14:32:08.000000000,0.027695,0.516138,0.024008,0.455433,0.0,0.237578,0.109432,0.140047,0.110334,0.139409,0.061846,0.317698,0.110334,0.139409,0.0,0.150297,0.0,0.150297,0.0,0.150297,0.0,0.150297,0.0,0.150297,0.0,0.150297,0.0,0.150297,1
47,2023-02-06T14:31:40.000000000,2023-02-06T14:32:38.000000000,0.010643,0.428921,0.008281,0.362675,0.0,0.270388,0.078321,0.090142,0.080175,0.08903,0.028339,0.2355,0.080175,0.08903,0.0,0.194374,0.0,0.194374,0.0,0.194374,0.0,0.194374,0.0,0.194374,0.0,0.194374,0.0,0.194374,1
48,2023-02-06T14:32:10.000000000,2023-02-06T14:33:08.000000000,0.001053,0.572414,0.001282,0.516837,0.0,0.187154,0.072616,0.137521,0.074899,0.133374,0.018575,0.293939,0.074899,0.133374,0.0,0.192432,0.0,0.192432,0.0,0.192432,0.0,0.192432,0.0,0.192432,0.0,0.192432,0.0,0.192432,1
49,2023-02-06T14:32:40.000000000,2023-02-06T14:33:38.000000000,0.025576,0.48488,0.021524,0.417302,0.0,0.304148,0.101183,0.223447,0.101583,0.223624,0.071279,0.410346,0.101583,0.223624,0.0,0.121961,0.0,0.121961,0.0,0.121961,0.0,0.121961,0.0,0.121961,0.0,0.121961,0.0,0.121961,1
50,2023-02-06T14:33:10.000000000,2023-02-06T14:34:08.000000000,0.030923,0.40259,0.025042,0.332289,0.0,0.322475,0.143619,0.161993,0.144223,0.163035,0.08598,0.188634,0.144223,0.163035,0.0,0.226266,0.0,0.226266,0.0,0.226266,0.0,0.226266,0.0,0.226266,0.0,0.226266,0.0,0.226266,1
51,2023-02-06T14:33:40.000000000,2023-02-06T14:34:38.000000000,0.011778,0.596033,0.009783,0.547401,0.0,0.155727,0.173775,0.192407,0.176215,0.189781,0.019331,0.224631,0.176215,0.189781,0.0,0.184732,0.0,0.184732,0.0,0.184732,0.0,0.184732,0.0,0.184732,0.0,0.184732,0.0,0.184732,1
52,2023-02-06T14:34:10.000000000,2023-02-06T14:35:08.000000000,0.000624,0.500731,0.00047,0.444926,0.0,0.246007,0.185772,0.28936,0.18858,0.288396,0.001716,0.371706,0.18858,0.288396,0.0,0.132277,0.0,0.132277,0.0,0.132277,0.0,0.132277,0.0,0.132277,0.0,0.132277,0.0,0.132277,1
53,2023-02-06T14:34:40.000000000,2023-02-06T14:35:38.000000000,0.026594,0.489607,0.02571,0.429177,0.0,0.243546,0.205782,0.278261,0.207829,0.277131,0.036999,0.299066,0.207829,0.277131,0.0,0.180562,0.0,0.180562,0.0,0.180562,0.0,0.180562,0.0,0.180562,0.0,0.180562,0.0,0.180562,1
54,2023-02-06T14:35:10.000000000,2023-02-06T14:36:08.000000000,0.008797,0.491448,0.008334,0.429523,0.0,0.227249,0.2387,0.321132,0.240488,0.319921,0.051123,0.349572,0.240488,0.319921,0.0,0.146382,0.0,0.146382,0.0,0.146382,0.0,0.146382,0.0,0.146382,0.0,0.146382,0.0,0.146382,1
55,2023-02-06T14:35:40.000000000,2023-02-06T14:36:38.000000000,0.016327,0.435295,0.013402,0.380069,0.0,0.219319,0.273536,0.363718,0.275203,0.366023,0.058272,0.22929,0.275203,0.366023,0.0,0.223665,0.0,0.223665,0.0,0.223665,0.0,0.223665,0.0,0.223665,0.0,0.223665,0.0,0.223665,1
56,2023-02-06T14:36:10.000000000,2023-02-06T14:37:08.000000000,0.007808,0.628084,0.014886,0.590471,0.0,0.074765,0.306875,0.307879,0.308764,0.30953,0.040137,0.235509,0.308764,0.30953,0.0,0.17769,0.0,0.17769,0.0,0.17769,0.0,0.17769,0.0,0.17769,0.0,0.17769,0.0,0.17769,1
57,2023-02-06T14:36:40.000000000,2023-02-06T14:37:38.000000000,0.026645,0.496486,0.024275,0.436973,0.0,0.252127,0.339852,0.357979,0.341697,0.354604,0.038479,0.400229,0.341697,0.354604,0.0,0.107945,0.0,0.107945,0.0,0.107945,0.0,0.107945,0.0,0.107945,0.0,0.107945,0.0,0.107945,1
58,2023-02-06T14:37:10.000000000,2023-02-06T14:38:08.000000000,0.000381,0.402133,0.000635,0.333459,0.0,0.303306,0.360354,0.465117,0.362552,0.464084,0.003772,0.196239,0.362552,0.464084,0.0,0.234172,0.0,0.234172,0.0,0.234172,0.0,0.234172,0.0,0.234172,0.0,0.234172,0.0,0.234172,1
59,2023-02-06T14:37:40.000000000,2023-02-06T14:38:38.000000000,0.000119,0.638404,0.000104,0.594628,0.0,0.133277,0.36691,0.445592,0.369114,0.448259,0.00135,0.261208,0.369114,0.448259,0.0,0.168572,0.0,0.168572,0.0,0.168572,0.0,0.168572,0.0,0.168572,0.0,0.168572,0.0,0.168572,1
60,2023-02-06T14:38:10.000000000,2023-02-06T14:39:08.000000000,0.025006,0.551574,0.021336,0.491721,0.0,0.414235,0.388113,0.411192,0.389728,0.412327,0.049659,0.463951,0.389728,0.412327,0.0,0.118633,0.0,0.118633,0.0,0.118633,0.0,0.118633,0.0,0.118633,0.0,0.118633,0.0,0.118633,1
61,2023-02-06T14:38:40.000000000,2023-02-06T14:39:38.000000000,0.04895,0.466474,0.043033,0.399635,0.0,0.6567,0.438056,0.502063,0.438635,0.500114,0.146494,0.343297,0.438635,0.500114,0.0,0.19105,0.0,0.19105,0.0,0.19105,0.0,0.19105,0.0,0.19105,0.0,0.19105,0.0,0.19105,1
62,2023-02-06T14:39:10.000000000,2023-02-06T14:40:08.000000000,0.033662,0.535005,0.028713,0.485057,0.0,0.583768,0.495319,0.570314,0.496224,0.569356,0.103199,0.252156,0.496224,0.569356,0.0,0.169455,0.0,0.169455,0.0,0.169455,0.0,0.169455,0.0,0.169455,0.0,0.169455,0.0,0.169455,1
63,2023-02-06T14:39:40.000000000,2023-02-06T14:40:38.000000000,0.006115,0.494446,0.008724,0.441838,0.666667,0.374986,0.526365,0.543857,0.527947,0.543845,0.010712,0.259092,0.527947,0.543845,0.0,0.172443,0.0,0.172443,0.0,0.172443,0.0,0.172443,0.0,0.172443,0.0,0.172443,0.0,0.172443,1
64,2023-02-06T14:40:10.000000000,2023-02-06T14:41:08.000000000,0.006542,0.509302,0.011652,0.456277,0.0,0.281056,0.524406,0.509023,0.525986,0.508392,0.011764,0.245512,0.525986,0.508392,0.0,0.1656,0.0,0.1656,0.0,0.1656,0.0,0.1656,0.0,0.1656,0.0,0.1656,0.0,0.1656,1
65,2023-02-06T14:40:40.000000000,2023-02-06T14:41:38.000000000,0.000795,0.490944,0.000857,0.434866,0.0,0.26855,0.509474,0.512272,0.511083,0.512077,0.014234,0.288439,0.511083,0.512077,0.0,0.163878,0.0,0.163878,0.0,0.163878,0.0,0.163878,0.0,0.163878,0.0,0.163878,0.0,0.163878,1
66,2023-02-06T14:41:10.000000000,2023-02-06T14:42:08.000000000,0.018653,0.437781,0.017367,0.382463,0.0,0.253592,0.4923,0.515102,0.493917,0.517758,0.019875,0.253165,0.493917,0.517758,0.0,0.195559,0.0,0.195559,0.0,0.195559,0.0,0.195559,0.0,0.195559,0.0,0.195559,0.0,0.195559,1
67,2023-02-06T14:41:40.000000000,2023-02-06T14:42:38.000000000,0.00486,0.475376,0.009423,0.427646,0.0,0.235517,0.484069,0.510303,0.485823,0.514935,0.006944,0.182719,0.485823,0.514935,0.0,0.213843,0.0,0.213843,0.0,0.213843,0.0,0.213843,0.0,0.213843,0.0,0.213843,0.0,0.213843,1
68,2023-02-06T14:42:10.000000000,2023-02-06T14:43:08.000000000,0.017847,0.540175,0.028768,0.489381,0.0,0.149695,0.47988,0.50307,0.481565,0.505464,0.016466,0.183646,0.481565,0.505464,0.0,0.187868,0.0,0.187868,0.0,0.187868,0.0,0.187868,0.0,0.187868,0.0,0.187868,0.0,0.187868,1
69,2023-02-06T14:42:40.000000000,2023-02-06T14:43:38.000000000,0.006801,0.516921,0.006435,0.462908,0.0,0.161071,0.466876,0.482095,0.46862,0.480792,0.014453,0.259721,0.46862,0.480792,0.0,0.1468,0.0,0.1468,0.0,0.1468,0.0,0.1468,0.0,0.1468,0.0,0.1468,0.0,0.1468,1
70,2023-02-06T14:43:10.000000000,2023-02-06T14:44:08.000000000,0.000216,0.464617,0.000294,0.408165,0.0,0.246962,0.454772,0.465488,0.45661,0.463569,0.008441,0.273517,0.45661,0.463569,0.0,0.183946,0.0,0.183946,0.0,0.183946,0.0,0.183946,0.0,0.183946,0.0,0.183946,0.0,0.183946,1
71,2023-02-06T14:43:40.000000000,2023-02-06T14:44:38.000000000,0.010119,0.518282,0.013123,0.463671,0.0,0.205697,0.439085,0.45563,0.440832,0.45531,0.023499,0.228865,0.440832,0.45531,0.0,0.166598,0.0,0.166598,0.0,0.166598,0.0,0.166598,0.0,0.166598,0.0,0.166598,0.0,0.166598,1
72,2023-02-06T14:44:10.000000000,2023-02-06T14:45:08.000000000,0.002029,0.478774,0.002672,0.42143,0.0,0.258484,0.422514,0.422854,0.424465,0.423374,0.007706,0.28151,0.424465,0.423374,0.0,0.147353,0.0,0.147353,0.0,0.147353,0.0,0.147353,0.0,0.147353,0.0,0.147353,0.0,0.147353,1
73,2023-02-06T14:44:40.000000000,2023-02-06T14:45:38.000000000,0.000837,0.438917,0.000866,0.374568,0.0,0.304829,0.414288,0.396341,0.416332,0.395921,0.001119,0.270681,0.416332,0.395921,0.0,0.190787,0.0,0.190787,0.0,0.190787,0.0,0.190787,0.0,0.190787,0.0,0.190787,0.0,0.190787,1
74,2023-02-06T14:45:10.000000000,2023-02-06T14:46:08.000000000,0.000706,0.526039,0.000709,0.471267,0.0,0.229001,0.405654,0.414692,0.40762,0.413841,0.011663,0.238348,0.40762,0.413841,0.0,0.161033,0.0,0.161033,0.0,0.161033,0.0,0.161033,0.0,0.161033,0.0,0.161033,0.0,0.161033,1
75,2023-02-06T14:45:40.000000000,2023-02-06T14:46:38.000000000,0.017073,0.47152,0.015829,0.411461,0.0,0.261165,0.385767,0.424229,0.387593,0.425772,0.03051,0.312209,0.387593,0.425772,0.0,0.162142,0.0,0.162142,0.0,0.162142,0.0,0.162142,0.0,0.162142,0.0,0.162142,0.0,0.162142,1
76,2023-02-06T14:46:10.000000000,2023-02-06T14:47:08.000000000,0.001296,0.438209,0.001275,0.369057,0.0,0.283951,0.379242,0.409547,0.381219,0.413591,0.018276,0.307574,0.381219,0.413591,0.0,0.201464,0.0,0.201464,0.0,0.201464,0.0,0.201464,0.0,0.201464,0.0,0.201464,0.0,0.201464,1
77,2023-02-06T14:46:40.000000000,2023-02-06T14:47:38.000000000,0.017421,0.554958,0.013094,0.501109,0.0,0.198669,0.403622,0.441502,0.405221,0.442574,0.047913,0.307075,0.405221,0.442574,0.0,0.187195,0.0,0.187195,0.0,0.187195,0.0,0.187195,0.0,0.187195,0.0,0.187195,0.0,0.187195,1
78,2023-02-06T14:47:10.000000000,2023-02-06T14:48:08.000000000,0.026306,0.567197,0.024206,0.508716,0.0,0.179369,0.446375,0.532499,0.447419,0.528879,0.096323,0.467251,0.447419,0.528879,0.0,0.152665,0.0,0.152665,0.0,0.152665,0.0,0.152665,0.0,0.152665,0.0,0.152665,0.0,0.152665,1
79,2023-02-06T14:47:40.000000000,2023-02-06T14:48:38.000000000,0.030579,0.513043,0.026617,0.438966,0.0,0.26212,0.503341,0.621909,0.503853,0.618424,0.148685,0.599011,0.503853,0.618424,0.0,0.177682,0.0,0.177682,0.0,0.177682,0.0,0.177682,0.0,0.177682,0.0,0.177682,0.0,0.177682,1
80,2023-02-06T14:48:10.000000000,2023-02-06T14:49:08.000000000,0.055133,0.575754,0.044499,0.512371,0.0,0.23949,0.569385,0.677758,0.569428,0.677845,0.200363,0.603175,0.569428,0.677845,0.0,0.20552,0.0,0.20552,0.0,0.20552,0.0,0.20552,0.0,0.20552,0.0,0.20552,0.0,0.20552,1
81,2023-02-06T14:48:40.000000000,2023-02-06T14:49:38.000000000,0.079527,0.629834,0.067204,0.57181,0.0,0.181181,0.641762,0.710299,0.641509,0.712875,0.23217,0.587832,0.641509,0.712875,0.0,0.143001,0.0,0.143001,0.0,0.143001,0.0,0.143001,0.0,0.143001,0.0,0.143001,0.0,0.143001,1
82,2023-02-06T14:49:10.000000000,2023-02-06T14:50:08.000000000,0.051937,0.534938,0.044637,0.464765,0.0,0.300155,0.720299,0.759085,0.719721,0.760818,0.269296,0.593316,0.719721,0.760818,0.0,0.170157,0.0,0.170157,0.0,0.170157,0.0,0.170157,0.0,0.170157,0.0,0.170157,0.0,0.170157,1
83,2023-02-06T14:49:40.000000000,2023-02-06T14:50:38.000000000,0.055479,0.518371,0.047096,0.458739,0.0,0.287799,0.797334,0.84943,0.796897,0.849704,0.220509,0.496485,0.796897,0.849704,0.0,0.214724,0.0,0.214724,0.0,0.214724,0.0,0.214724,0.0,0.214724,0.0,0.214724,0.0,0.214724,1
84,2023-02-06T14:50:10.000000000,2023-02-06T14:51:08.000000000,0.061687,0.620428,0.055759,0.575383,0.0,0.168762,0.856854,0.941317,0.85672,0.941875,0.133354,0.359292,0.85672,0.941875,0.0,0.142963,0.0,0.142963,0.0,0.142963,0.0,0.142963,0.0,0.142963,0.0,0.142963,0.0,0.142963,1
85,2023-02-06T14:50:40.000000000,2023-02-06T14:51:38.000000000,0.056492,0.572131,0.051,0.513262,0.0,0.24596,0.911461,0.987736,0.911031,0.98822,0.164695,0.334411,0.911031,0.98822,0.0,0.153327,0.0,0.153327,0.0,0.153327,0.0,0.153327,0.0,0.153327,0.0,0.153327,0.0,0.153327,1
86,2023-02-06T14:51:10.000000000,2023-02-06T14:52:08.000000000,0.039344,0.440181,0.038548,0.376777,0.0,0.267428,0.968474,1.0,0.968132,1.0,0.109521,0.319582,0.968132,1.0,0.0,0.188263,0.0,0.188263,0.0,0.188263,0.0,0.188263,0.0,0.188263,0.0,0.188263,0.0,0.188263,1
87,2023-02-06T14:51:40.000000000,2023-02-06T14:52:38.000000000,0.003115,0.515314,0.002609,0.462471,0.0,0.215511,1.0,0.981877,1.0,0.984087,0.006207,0.385859,1.0,0.984087,0.0,0.178282,0.0,0.178282,0.0,0.178282,0.0,0.178282,0.0,0.178282,0.0,0.178282,0.0,0.178282,1
88,2023-02-06T14:52:10.000000000,2023-02-06T14:53:08.000000000,0.003073,0.652139,0.002998,0.585972,0.0,0.214335,0.988812,0.936562,0.988487,0.941095,0.091292,0.512997,0.988487,0.941095,0.0,0.173708,0.0,0.173708,0.0,0.173708,0.0,0.173708,0.0,0.173708,0.0,0.173708,0.0,0.173708,1
89,2023-02-06T14:52:40.000000000,2023-02-06T14:53:38.000000000,0.146947,0.585047,0.119567,0.509617,0.0,0.239903,0.927761,0.896818,0.926565,0.899175,0.32348,0.503089,0.926565,0.899175,0.0,0.172692,0.0,0.172692,0.0,0.172692,0.0,0.172692,0.0,0.172692,0.0,0.172692,0.0,0.172692,1
90,2023-02-06T14:53:10.000000000,2023-02-06T14:54:08.000000000,0.022882,0.500522,0.02595,0.440322,0.0,0.245438,0.863395,0.855405,0.86342,0.854208,0.09717,0.431245,0.86342,0.854208,0.0,0.196504,0.0,0.196504,0.0,0.196504,0.0,0.196504,0.0,0.196504,0.0,0.196504,0.0,0.196504,1
91,2023-02-06T14:53:40.000000000,2023-02-06T14:54:38.000000000,0.057982,0.608988,0.052198,0.549795,0.0,0.198265,0.824141,0.774244,0.824342,0.773273,0.084971,0.405997,0.824342,0.773273,0.0,0.156262,0.0,0.156262,0.0,0.156262,0.0,0.156262,0.0,0.156262,0.0,0.156262,0.0,0.156262,1
92,2023-02-06T14:54:10.000000000,2023-02-06T14:55:08.000000000,0.044739,0.585721,0.034319,0.525519,0.0,0.25434,0.777542,0.682508,0.777856,0.683081,0.089167,0.369875,0.777856,0.683081,0.0,0.150176,0.0,0.150176,0.0,0.150176,0.0,0.150176,0.0,0.150176,0.0,0.150176,0.0,0.150176,1
93,2023-02-06T14:54:40.000000000,2023-02-06T14:55:38.000000000,0.029378,0.51975,0.027899,0.46096,0.0,0.300596,0.72608,0.644122,0.7263,0.645694,0.130311,0.344732,0.7263,0.645694,0.0,0.194644,0.0,0.194644,0.0,0.194644,0.0,0.194644,0.0,0.194644,0.0,0.194644,0.0,0.194644,1
94,2023-02-06T14:55:10.000000000,2023-02-06T14:56:08.000000000,0.076536,0.546936,0.066939,0.485053,0.0,0.231073,0.669891,0.674167,0.670047,0.677308,0.161589,0.316147,0.670047,0.677308,0.0,0.169785,0.0,0.169785,0.0,0.169785,0.0,0.169785,0.0,0.169785,0.0,0.169785,0.0,0.169785,1
95,2023-02-06T14:55:40.000000000,2023-02-06T14:56:38.000000000,0.007824,0.505715,0.009333,0.458275,0.0,0.208221,0.630872,0.710582,0.632022,0.713647,0.023434,0.246658,0.632022,0.713647,0.0,0.158934,0.0,0.158934,0.0,0.158934,0.0,0.158934,0.0,0.158934,0.0,0.158934,0.0,0.158934,1
96,2023-02-06T14:56:10.000000000,2023-02-06T14:57:08.000000000,0.000679,0.512233,0.000723,0.449696,0.0,0.236802,0.622828,0.681233,0.62416,0.681852,0.000198,0.225564,0.62416,0.681852,0.0,0.165111,0.0,0.165111,0.0,0.165111,0.0,0.165111,0.0,0.165111,0.0,0.165111,0.0,0.165111,1
97,2023-02-06T14:56:40.000000000,2023-02-06T14:57:38.000000000,0.000388,0.456085,0.000295,0.389272,0.0,0.223614,0.622224,0.617342,0.623557,0.616706,0.000356,0.318679,0.623557,0.616706,0.0,0.191771,0.0,0.191771,0.0,0.191771,0.0,0.191771,0.0,0.191771,0.0,0.191771,0.0,0.191771,1
98,2023-02-06T14:57:10.000000000,2023-02-06T14:58:08.000000000,0.011732,0.515954,0.010239,0.492812,0.0,0.125437,0.634417,0.591692,0.635552,0.590713,0.023792,0.359618,0.635552,0.590713,0.0,0.15828,0.0,0.15828,0.0,0.15828,0.0,0.15828,0.0,0.15828,0.0,0.15828,0.0,0.15828,1
99,2023-02-06T14:57:40.000000000,2023-02-06T14:58:38.000000000,0.020695,0.662504,0.031842,0.615521,0.0,0.183053,0.642363,0.64203,0.643524,0.641778,0.015956,0.353777,0.643524,0.641778,0.0,0.112652,0.0,0.112652,0.0,0.112652,0.0,0.112652,0.0,0.112652,0.0,0.112652,0.0,0.112652,1
100,2023-02-06T14:58:10.000000000,2023-02-06T14:59:08.000000000,0.022569,0.50942,0.023874,0.419344,0.0,0.322549,0.657897,0.756619,0.65832,0.758239,0.123482,0.512473,0.65832,0.758239,0.0,0.223369,0.0,0.223369,0.0,0.223369,0.0,0.223369,0.0,0.223369,0.0,0.223369,0.0,0.223369,1
101,2023-02-06T14:58:40.000000000,2023-02-06T14:59:38.000000000,0.078017,0.467131,0.057829,0.418792,0.0,0.22603,0.727723,0.846781,0.726475,0.846849,0.383113,0.57495,0.726475,0.846849,0.0,0.206821,0.0,0.206821,0.0,0.206821,0.0,0.206821,0.0,0.206821,0.0,0.206821,0.0,0.206821,1
102,2023-02-06T14:59:10.000000000,2023-02-06T15:00:08.000000000,0.045241,0.619059,0.042293,0.580846,0.0,0.209352,0.793734,0.87427,0.794011,0.873644,0.0874,0.327709,0.794011,0.873644,0.0,0.143278,0.0,0.143278,0.0,0.143278,0.0,0.143278,0.0,0.143278,0.0,0.143278,0.0,0.143278,1
103,2023-02-06T14:59:40.000000000,2023-02-06T15:00:38.000000000,0.033204,0.496642,0.034907,0.424818,0.0,0.335966,0.833781,0.867557,0.834052,0.870883,0.065514,0.280783,0.834052,0.870883,0.0,0.208821,0.0,0.208821,0.0,0.208821,0.0,0.208821,0.0,0.208821,0.0,0.208821,0.0,0.208821,1
104,2023-02-06T15:00:10.000000000,2023-02-06T15:01:08.000000000,0.000438,0.504013,0.000745,0.446774,0.0,0.233781,0.8495,0.804839,0.849895,0.808201,0.03071,0.503477,0.849895,0.808201,0.0,0.181111,0.0,0.181111,0.0,0.181111,0.0,0.181111,0.0,0.181111,0.0,0.181111,0.0,0.181111,1
105,2023-02-06T15:00:40.000000000,2023-02-06T15:01:38.000000000,0.052057,0.619878,0.049255,0.574515,0.0,0.208729,0.810368,0.723969,0.810005,0.720604,0.201094,0.410342,0.810005,0.720604,0.0,0.142124,0.0,0.142124,0.0,0.142124,0.0,0.142124,0.0,0.142124,0.0,0.142124,0.0,0.142124,1
106,2023-02-06T15:01:10.000000000,2023-02-06T15:02:08.000000000,0.062495,0.472772,0.056217,0.393221,0.0,0.311486,0.756763,0.727364,0.757221,0.722667,0.073853,0.164526,0.757221,0.722667,0.0,0.193563,0.0,0.193563,0.0,0.193563,0.0,0.193563,0.0,0.193563,0.0,0.193563,0.0,0.193563,1
107,2023-02-06T15:01:40.000000000,2023-02-06T15:02:38.000000000,0.00097,0.382963,0.000879,0.325183,0.0,0.173168,0.735849,0.798097,0.736782,0.800811,0.001621,0.285412,0.736782,0.800811,0.0,0.194291,0.0,0.194291,0.0,0.194291,0.0,0.194291,0.0,0.194291,0.0,0.194291,0.0,0.194291,1
108,2023-02-06T15:02:10.000000000,2023-02-06T15:03:08.000000000,0.001999,0.575777,0.001981,0.551902,0.0,0.088478,0.738162,0.836648,0.739078,0.843836,0.003159,0.422134,0.739078,0.843836,0.0,0.104015,0.0,0.104015,0.0,0.104015,0.0,0.104015,0.0,0.104015,0.0,0.104015,0.0,0.104015,1
109,2023-02-06T15:02:40.000000000,2023-02-06T15:03:38.000000000,0.020903,0.61092,0.018914,0.548892,0.0,0.275233,0.760002,0.779395,0.760553,0.781542,0.055381,0.26539,0.760553,0.781542,0.0,0.15202,0.0,0.15202,0.0,0.15202,0.0,0.15202,0.0,0.15202,0.0,0.15202,0.0,0.15202,1
110,2023-02-06T15:03:10.000000000,2023-02-06T15:04:08.000000000,0.023141,0.448571,0.024226,0.369079,0.0,0.27513,0.784486,0.730796,0.785083,0.72908,0.032836,0.167659,0.785083,0.72908,0.0,0.240365,0.0,0.240365,0.0,0.240365,0.0,0.240365,0.0,0.240365,0.0,0.240365,0.0,0.240365,1
111,2023-02-06T15:03:40.000000000,2023-02-06T15:04:38.000000000,0.046971,0.45767,0.043524,0.402701,0.0,0.233105,0.76867,0.765383,0.769116,0.767444,0.069707,0.305271,0.769116,0.767444,0.0,0.186021,0.0,0.186021,0.0,0.186021,0.0,0.186021,0.0,0.186021,0.0,0.186021,0.0,0.186021,1
112,2023-02-06T15:04:10.000000000,2023-02-06T15:05:08.000000000,0.000909,0.491348,0.001148,0.426358,0.0,0.285782,0.741143,0.78228,0.742009,0.787126,0.01007,0.294842,0.742009,0.787126,0.0,0.214518,0.0,0.214518,0.0,0.214518,0.0,0.214518,0.0,0.214518,0.0,0.214518,0.0,0.214518,1
113,2023-02-06T15:04:40.000000000,2023-02-06T15:05:38.000000000,0.042829,0.553553,0.037844,0.517849,0.0,0.214284,0.71445,0.6914,0.715014,0.6909,0.076797,0.352033,0.715014,0.6909,0.0,0.185347,0.0,0.185347,0.0,0.185347,0.0,0.185347,0.0,0.185347,0.0,0.185347,0.0,0.185347,1
114,2023-02-06T15:05:10.000000000,2023-02-06T15:06:08.000000000,0.066751,0.660991,0.071915,0.605347,0.0,0.308586,0.696776,0.618996,0.697603,0.613912,0.041462,0.351138,0.697603,0.613912,0.0,0.134146,0.0,0.134146,0.0,0.134146,0.0,0.134146,0.0,0.134146,0.0,0.134146,0.0,0.134146,1
115,2023-02-06T15:05:40.000000000,2023-02-06T15:06:38.000000000,0.048594,0.512725,0.0419,0.432947,0.0,0.307769,0.691666,0.680873,0.692461,0.682083,0.049203,0.251388,0.692461,0.682083,0.0,0.220434,0.0,0.220434,0.0,0.220434,0.0,0.220434,0.0,0.220434,0.0,0.220434,0.0,0.220434,1
116,2023-02-06T15:06:10.000000000,2023-02-06T15:07:08.000000000,0.029411,0.590845,0.024924,0.550172,0.0,0.179086,0.703179,0.819722,0.70374,0.834608,0.082542,0.368564,0.70374,0.834608,0.0,0.114075,0.0,0.114075,0.0,0.114075,0.0,0.114075,0.0,0.114075,0.0,0.114075,0.0,0.114075,1
117,2023-02-06T15:06:40.000000000,2023-02-06T15:07:38.000000000,0.031065,0.603405,0.030544,0.525296,0.0,0.278511,0.721144,0.819438,0.721905,0.822005,0.039754,0.273,0.721905,0.822005,0.0,0.178247,0.0,0.178247,0.0,0.178247,0.0,0.178247,0.0,0.178247,0.0,0.178247,0.0,0.178247,1
118,2023-02-06T15:07:10.000000000,2023-02-06T15:08:08.000000000,0.04727,0.366851,0.053777,0.32982,0.0,0.07009,0.735635,0.689908,0.736077,0.680467,0.087362,0.295953,0.736077,0.680467,0.0,0.177114,0.0,0.177114,0.0,0.177114,0.0,0.177114,0.0,0.177114,0.0,0.177114,0.0,0.177114,1
119,2023-02-06T15:07:40.000000000,2023-02-06T15:08:38.000000000,0.050071,0.651094,0.046961,0.639084,0.0,0.066017,0.772716,0.68741,0.77311,0.684796,0.077182,0.493568,0.77311,0.684796,0.0,0.0,0.0,0.0,0.0,0.0,0.0,0.0,0.0,0.0,0.0,0.0,0.0,0.0,1
120,2023-02-06T15:08:10.000000000,2023-02-06T15:09:08.000000000,0.034754,0.511333,0.030667,0.444312,0.0,0.263481,0.768538,0.853955,0.768993,0.874258,0.06815,0.279711,0.768993,0.874258,0.0,0.276563,0.0,0.276563,0.0,0.276563,0.0,0.276563,0.0,0.276563,0.0,0.276563,0.0,0.276563,1
121,2023-02-06T15:08:40.000000000,2023-02-06T15:09:38.000000000,0.018894,0.360437,0.015206,0.34409,0.0,0.0,0.724551,0.83849,0.725093,0.832915,0.075483,0.335309,0.725093,0.832915,0.0,0.091132,0.0,0.091132,0.0,0.091132,0.0,0.091132,0.0,0.091132,0.0,0.091132,0.0,0.091132,1
122,2023-02-06T15:09:10.000000000,2023-02-06T15:10:08.000000000,0.017881,0.665871,0.015595,0.615688,0.0,0.400699,0.691543,0.572491,0.69242,0.54702,0.035909,0.457521,0.69242,0.54702,0.0,0.295361,0.0,0.295361,0.0,0.295361,0.0,0.295361,0.0,0.295361,0.0,0.295361,0.0,0.295361,1
123,2023-02-06T15:09:40.000000000,2023-02-06T15:10:38.000000000,0.000525,0.0,0.000564,0.0,0.0,0.704637,0.678577,0.32192,0.679714,0.271875,0.000605,0.216013,0.679714,0.271875,0.0,1.0,0.0,1.0,0.0,1.0,0.0,1.0,0.0,1.0,0.0,1.0,0.0,1.0,1
124,2023-02-06T15:10:10.000000000,2023-02-06T15:11:08.000000000,0.046335,0.0,0.046768,0.0,0.0,0.704637,0.663874,0.32192,0.664809,0.271875,0.040481,0.216013,0.664809,0.271875,0.0,1.0,0.0,1.0,0.0,1.0,0.0,1.0,0.0,1.0,0.0,1.0,0.0,1.0,1
