segment_idx,m1_speed_psd_peak_baseband,m1_speed_psd_peak_am_demodulated,m1_speed_psd_mean_energy_baseband,m1_speed_psd_mean_energy_am_demodulated,m1_speed_psd_peak_freq_baseband,m1_speed_psd_peak_freq_am_demodulated,m1_speed_rms_baseband,m1_speed_rms_am_demodulated,m1_speed_mean_baseband,m1_speed_mean_am_demodulated,m1_speed_variance_baseband,m1_speed_variance_am_demodulated,m1_speed_fft_peak_baseband,m1_speed_fft_peak_am_demodulated,m2_speed_psd_peak_baseband,m2_speed_psd_peak_am_demodulated,m2_speed_psd_mean_energy_baseband,m2_speed_psd_mean_energy_am_demodulated,m2_speed_psd_peak_freq_baseband,m2_speed_psd_peak_freq_am_demodulated,m2_speed_rms_baseband,m2_speed_rms_am_demodulated,m2_speed_mean_baseband,m2_speed_mean_am_demodulated,m2_speed_variance_baseband,m2_speed_variance_am_demodulated,m2_speed_fft_peak_baseband,m2_speed_fft_peak_am_demodulated,m3_speed_psd_peak_baseband,m3_speed_psd_peak_am_demodulated,m3_speed_psd_mean_energy_baseband,m3_speed_psd_mean_energy_am_demodulated,m3_speed_psd_peak_freq_baseband,m3_speed_psd_peak_freq_am_demodulated,m3_speed_rms_baseband,m3_speed_rms_am_demodulated,m3_speed_mean_baseband,m3_speed_mean_am_demodulated,m3_speed_variance_baseband,m3_speed_variance_am_demodulated,m3_speed_fft_peak_baseband,m3_speed_fft_peak_am_demodulated,o8_compressor_psd_peak_baseband,o8_compressor_psd_peak_am_demodulated,o8_compressor_psd_mean_energy_baseband,o8_compressor_psd_mean_energy_am_demodulated,o8_compressor_psd_peak_freq_baseband,o8_compressor_psd_peak_freq_am_demodulated,o8_compressor_rms_baseband,o8_compressor_rms_am_demodulated,o8_compressor_mean_baseband,o8_compressor_mean_am_demodulated,o8_compressor_variance_baseband,o8_compressor_variance_am_demodulated,o8_compressor_fft_peak_baseband,o8_compressor_fft_peak_am_demodulated,current_task_duration_psd_peak_baseband,current_task_duration_psd_peak_am_demodulated,current_task_duration_psd_mean_energy_baseband,current_task_duration_psd_mean_energy_am_demodulated,current_task_duration_psd_peak_freq_baseband,current_task_duration_psd_peak_freq_am_demodulated,current_task_duration_rms_baseband,current_task_duration_rms_am_demodulated,current_task_duration_mean_baseband,current_task_duration_mean_am_demodulated,current_task_duration_variance_baseband,current_task_duration_variance_am_demodulated,current_task_duration_fft_peak_baseband,current_task_duration_fft_peak_am_demodulated,current_state_binary
0,0.002341,0.890474,0.002053,0.79371,1.0,1.0,0.0,0.312402,0.0,0.245834,0.613478,1.0,0.0,0.245834,0.0,0.481674,0.0,0.508504,0.0,0.419009,0.0,0.488738,0.03199,0.507511,0.0,0.488028,0.0,0.48939,0.002341,0.898001,0.002612,0.896676,1.0,1.0,0.0,0.250763,0.0,0.208026,0.613478,1.0,0.0,0.208026,0.0,0.445533,0.0,0.439277,0.0,0.640594,0.0,0.40975,0.003327,0.503381,0.0,0.359777,0.0,0.500986,0.0,0.581208,0.0,0.582925,0.0,0.432154,0.0,0.515231,0.006772,0.538883,0.0,0.537153,0.0,0.535922,1
1,1.0,1.0,0.785987,0.839325,0.333333,0.628052,0.601486,0.168558,0.555792,0.075742,1.0,0.911661,0.555792,0.075742,0.0,0.328864,0.0,0.34707,0.0,0.274263,0.0,0.31832,0.03199,0.328682,0.0,0.316403,0.0,0.319449,1.0,1.0,1.0,1.0,0.333333,0.639677,0.68181,0.112447,0.597093,0.035763,1.0,0.910287,0.597093,0.035763,0.0,0.228078,0.0,0.223357,0.0,0.276509,0.0,0.183723,0.003327,0.275437,0.0,0.156421,0.0,0.273495,0.0,0.400055,0.0,0.401289,0.0,0.288165,0.0,0.358989,0.006772,0.372952,0.0,0.372089,0.0,0.371544,1
2,0.000334,0.64662,0.000285,0.540384,1.0,0.383571,0.875311,0.14661,0.926128,0.08599,0.000475,0.532515,0.926128,0.08599,0.0,0.195642,0.0,0.206912,0.0,0.103411,0.0,0.170445,0.03199,0.174667,0.0,0.17013,0.0,0.170518,0.000334,0.644592,0.000363,0.647282,1.0,0.354597,0.992203,0.110669,0.994948,0.058301,0.000475,0.532819,0.994948,0.058301,0.0,0.041054,0.0,0.026757,0.0,0.0,0.0,0.0,0.003327,0.065523,0.0,0.0,0.0,0.064109,0.0,0.223779,0.0,0.223424,0.0,0.076731,0.0,0.227477,0.006772,0.233658,0.0,0.235745,0.0,0.231106,1
3,0.0,0.549914,0.0,0.532162,0.333333,0.664987,0.875276,0.789512,0.926158,0.787595,1e-06,0.539213,0.926158,0.787595,0.0,0.424459,0.0,0.447763,0.0,0.370715,0.0,0.407161,0.03199,0.417062,0.0,0.40348,0.0,0.409181,0.0,0.550198,0.0,0.552306,0.333333,0.686928,0.992163,0.806082,0.994981,0.806925,1e-06,0.537756,0.994981,0.806925,0.0,0.350127,0.0,0.347966,0.0,0.36997,0.0,0.287983,0.003327,0.397465,0.0,0.249346,0.0,0.395459,0.0,0.520951,0.0,0.522574,0.0,0.398263,0.0,0.464055,0.006772,0.480295,0.0,0.47931,0.0,0.479948,1
4,0.0,0.574872,0.0,0.539065,0.0,0.360561,0.875147,0.759702,0.92606,0.750569,0.0,0.480908,0.92606,0.750569,0.0,0.391467,0.0,0.413325,0.0,0.299885,0.0,0.371243,0.03199,0.38092,0.0,0.370373,0.0,0.37183,0.0,0.574626,0.0,0.577253,0.0,0.333521,0.992017,0.77508,0.994875,0.765949,0.0,0.481277,0.994875,0.765949,0.0,0.298217,0.0,0.287563,0.0,0.265636,0.0,0.255476,0.003327,0.340338,0.0,0.228328,0.0,0.338423,0.0,0.466547,0.0,0.466721,0.0,0.305264,0.0,0.435408,0.006772,0.450627,0.0,0.451967,0.0,0.448424,1
5,0.0,0.455402,0.0,0.440057,0.0,0.372134,0.875147,0.794334,0.92606,0.799893,0.0,0.398948,0.92606,0.799893,0.0,0.367666,0.0,0.388259,0.0,0.294341,0.0,0.36101,0.03199,0.372169,0.0,0.360373,0.0,0.361497,0.0,0.461066,0.0,0.461927,0.0,0.356979,0.992017,0.825401,0.994875,0.82676,0.0,0.400274,0.994875,0.82676,0.0,0.292415,0.0,0.283338,0.0,0.310489,0.0,0.252544,0.003327,0.332589,0.0,0.223526,0.0,0.330649,0.0,0.439184,0.0,0.440191,0.0,0.289626,0.0,0.400479,0.006772,0.416976,0.0,0.417406,0.0,0.414577,1
6,0.0,0.35088,0.0,0.34613,0.0,0.352594,0.875147,0.775481,0.92606,0.792066,0.0,0.325846,0.92606,0.792066,0.0,0.326591,0.0,0.344823,0.0,0.281193,0.0,0.333536,0.03199,0.345368,0.0,0.332692,0.0,0.334124,0.0,0.362962,0.0,0.361484,0.0,0.335044,0.992017,0.818885,0.994875,0.827747,0.0,0.328676,0.994875,0.827747,0.0,0.280881,0.0,0.274174,0.0,0.392618,0.0,0.238196,0.003327,0.311808,0.0,0.208376,0.0,0.310019,0.0,0.391396,0.0,0.393458,0.0,0.254256,0.0,0.346651,0.006772,0.363868,0.0,0.363649,0.0,0.361314,1
7,0.0,0.355482,0.0,0.342694,0.0,0.233152,0.875147,0.687841,0.92606,0.695454,0.0,0.298821,0.92606,0.695454,0.0,0.302621,0.0,0.319864,0.0,0.208502,0.0,0.3129,0.03199,0.328932,0.0,0.317142,0.0,0.311269,0.0,0.365328,0.0,0.364373,0.0,0.16173,0.992017,0.717454,0.994875,0.718822,0.0,0.303844,0.994875,0.718822,0.0,0.229538,0.0,0.214247,0.0,0.311801,0.0,0.255567,0.003327,0.287292,0.0,0.232511,0.0,0.285302,0.0,0.349266,0.0,0.349531,0.0,0.195682,0.0,0.329061,0.006772,0.348046,0.0,0.349713,0.0,0.342888,1
8,0.0,0.322632,0.0,0.316647,0.0,0.376577,0.875147,0.765789,0.92606,0.7849,0.0,0.311251,0.92606,0.7849,0.0,0.308847,0.0,0.325555,0.0,0.309247,0.0,0.321271,0.03199,0.332447,0.0,0.319238,0.0,0.322413,0.0,0.342227,0.0,0.336877,0.0,0.364073,0.992017,0.815097,0.994875,0.824716,0.0,0.315712,0.994875,0.824716,0.0,0.323563,0.0,0.318588,0.0,0.687806,0.0,0.272406,0.003327,0.334046,0.0,0.241949,0.0,0.3331,0.0,0.37237,0.0,0.375349,0.0,0.245324,0.0,0.323151,0.006772,0.341304,0.0,0.34137,0.0,0.338708,1
9,0.0,0.343708,0.0,0.331559,0.0,0.269076,0.875147,0.64888,0.92606,0.655368,0.0,0.305896,0.92606,0.655368,0.0,0.289225,0.0,0.305658,0.0,0.203035,0.0,0.302879,0.03199,0.319234,0.0,0.307016,0.0,0.301388,0.0,0.352219,0.0,0.351892,0.0,0.209522,0.992017,0.675241,0.994875,0.676476,0.0,0.310371,0.994875,0.676476,1e-06,0.215617,1e-06,0.201351,1.0,0.893113,0.003371,0.336104,0.002487,0.316851,2.8e-05,0.304905,0.001592,0.316244,0.0,0.336178,0.0,0.336682,0.0,0.201769,0.0,0.317256,0.006772,0.335372,0.0,0.336539,0.0,0.330493,1
10,0.0,0.432628,0.0,0.418047,0.0,0.393426,0.875147,0.764927,0.92606,0.771147,0.0,0.381244,0.92606,0.771147,0.0,0.350682,0.0,0.370318,0.0,0.330119,0.0,0.345277,0.03199,0.355894,0.0,0.344282,0.0,0.34588,0.0,0.438468,0.0,0.439305,0.0,0.376706,0.992017,0.796354,0.994875,0.798088,0.0,0.382857,0.994875,0.798088,0.00045,0.327373,0.000418,0.319245,1.0,0.991296,0.45221,0.634737,0.210143,0.516339,0.454717,0.578084,0.207507,0.514753,0.0,0.418471,0.0,0.419566,0.0,0.277014,0.0,0.381614,0.006772,0.397504,0.0,0.397863,0.0,0.395065,1
11,3e-06,0.453372,3e-06,0.438533,1.0,0.732439,0.874963,0.777951,0.925915,0.784746,3.8e-05,0.396871,0.925915,0.784746,1.5e-05,0.359838,1.5e-05,0.380203,1.0,0.726756,0.028204,0.309364,0.028917,0.297636,0.000871,0.291301,0.034519,0.31449,2e-06,0.456515,3e-06,0.458923,1.0,0.761408,0.992967,0.819336,0.99555,0.820558,9e-05,0.394247,0.99555,0.820558,0.715466,0.651743,0.700753,0.642414,0.666667,0.945351,0.650206,0.666505,0.444339,0.590084,0.759007,0.64744,0.442485,0.589261,0.0,0.436361,0.0,0.437744,0.333333,0.398445,0.002427,0.36266,0.007001,0.374466,7e-06,0.373015,0.001882,0.375792,1
12,0.001151,0.529222,0.000981,0.539144,1.0,0.792134,0.908052,0.661862,0.927441,0.64364,0.200534,0.407807,0.927441,0.64364,0.015262,0.414384,0.010749,0.444874,1.0,0.757215,0.988367,0.482035,1.0,0.474104,0.969252,0.469541,1.0,0.483393,0.002674,0.474297,0.002871,0.511406,1.0,0.745047,0.91122,0.628382,0.911436,0.622642,0.183616,0.39578,0.911436,0.622642,0.856068,0.656466,0.787785,0.622638,0.333333,0.677175,0.870453,0.615049,0.759714,0.583993,0.978662,0.631531,0.758912,0.583562,0.00015,0.478937,0.000128,0.474286,1.0,0.57405,0.765335,0.520629,0.619464,0.516779,0.630565,0.514767,0.616869,0.516773,1
13,0.777667,0.465463,0.999383,0.475102,0.666667,0.513101,0.967539,0.732681,0.962913,0.709335,0.294229,0.430143,0.962913,0.709335,0.922637,0.380103,0.989515,0.406519,0.333333,0.691599,0.999849,0.535356,0.973103,0.486543,0.999832,0.493687,0.973734,0.550921,0.416793,0.42726,0.644962,0.453058,0.333333,0.765393,0.916446,0.682248,0.914369,0.680809,0.190344,0.397386,0.914369,0.680809,0.474514,0.399219,0.393508,0.376169,0.333333,0.831205,0.734526,0.465015,0.526509,0.477839,0.925077,0.441349,0.524929,0.478956,0.841185,0.454527,0.81283,0.452629,0.333333,0.425692,0.895004,0.660677,0.85827,0.584102,0.815463,0.586409,0.857304,0.599421,1
14,0.020691,0.360112,0.020111,0.323653,0.0,0.600866,0.936167,0.745338,0.961718,0.734638,0.094075,0.394464,0.961718,0.734638,0.006963,0.265833,0.004678,0.274486,1.0,0.946912,0.15385,0.318623,0.0,0.245987,0.025832,0.258607,0.203244,0.343257,0.003969,0.392039,0.004376,0.369807,1.0,0.919061,0.998279,0.751078,0.998731,0.748227,0.005213,0.368582,0.998731,0.748227,0.000127,0.268531,0.000109,0.264292,1.0,0.869552,0.011154,0.198286,0.003336,0.268911,0.000321,0.163436,0.005764,0.270535,0.02084,0.324937,0.018931,0.32645,0.0,0.569539,0.464047,0.529675,0.247327,0.432251,0.249566,0.440007,0.284394,0.453385,1
15,1.1e-05,0.431677,1.3e-05,0.417123,1.0,0.902155,0.875585,0.759888,0.926391,0.7653,2.3e-05,0.380475,0.926391,0.7653,3e-06,0.349689,4e-06,0.369337,1.0,0.928653,0.00668,0.347653,0.029969,0.356043,4.8e-05,0.344405,0.006825,0.348145,3e-06,0.437626,6e-06,0.438604,1.0,0.902298,0.992361,0.789963,0.995123,0.791161,9e-06,0.382875,0.995123,0.791161,0.0,0.271496,0.0,0.2622,0.333333,0.542294,0.000604,0.236168,0.003185,0.312816,1e-06,0.208842,0.000189,0.310973,8e-06,0.416967,1e-05,0.41799,1.0,1.0,0.006233,0.39274,0.008292,0.398536,4.7e-05,0.39798,0.005216,0.399717,1
16,0.0,0.372066,0.0,0.369891,0.0,0.540956,0.875147,0.677992,0.92606,0.684486,0.0,0.325312,0.92606,0.684486,0.0,0.320257,0.0,0.340883,0.0,0.474615,0.0,0.324538,0.03199,0.333846,0.0,0.324026,0.0,0.323797,0.0,0.367487,0.0,0.376314,0.0,0.515215,0.992017,0.702085,0.994875,0.705413,0.0,0.324949,0.994875,0.705413,0.0,0.174221,0.0,0.164525,0.0,0.283711,0.0,0.149671,0.003327,0.230854,0.0,0.126756,0.0,0.228911,0.0,0.381566,0.0,0.38261,0.0,0.55694,0.0,0.341481,0.006772,0.355381,0.0,0.3538,0.0,0.354153,1
17,0.0,0.390827,0.0,0.376762,0.0,0.250752,0.875147,0.717405,0.92606,0.719127,0.0,0.344376,0.92606,0.719127,0.0,0.320029,0.0,0.337885,0.0,0.322869,0.0,0.302738,0.03199,0.294042,0.0,0.290062,0.0,0.307607,0.0,0.394487,0.0,0.392774,0.0,0.311601,0.992017,0.740199,0.994875,0.740975,0.0,0.336698,0.994875,0.740975,0.0,0.192559,0.0,0.182893,0.0,0.276777,0.0,0.116923,0.003327,0.207847,0.0,0.096907,0.0,0.206651,0.0,0.377732,0.0,0.377616,0.0,0.169637,0.0,0.38447,0.006772,0.376192,0.0,0.378276,0.0,0.37834,1
18,0.0,0.434661,0.0,0.430887,0.0,0.449413,0.875147,0.78466,0.92606,0.79273,0.0,0.370592,0.92606,0.79273,0.0,0.370809,0.0,0.394347,0.0,0.369288,0.0,0.37471,0.03199,0.386641,0.0,0.37516,0.0,0.374116,0.0,0.431276,0.0,0.43953,0.0,0.423955,0.992017,0.814143,0.994875,0.81862,0.0,0.370486,0.994875,0.81862,0.0,0.231974,0.0,0.224923,0.0,0.290443,0.0,0.206956,0.003327,0.297078,0.0,0.175597,0.0,0.294946,0.0,0.446849,0.0,0.448658,0.0,0.433854,0.0,0.392033,0.006772,0.409605,0.0,0.408453,0.0,0.40814,1
19,0.0,0.350457,0.0,0.338064,0.0,0.261023,0.875147,0.649706,0.92606,0.654022,0.0,0.317989,0.92606,0.654022,0.0,0.28868,0.0,0.30498,0.0,0.242655,0.0,0.277446,0.03199,0.28096,0.0,0.273042,0.0,0.279163,0.0,0.355589,0.0,0.355002,0.0,0.263093,0.992017,0.675207,0.994875,0.676181,0.0,0.316173,0.994875,0.676181,0.0,0.17162,0.0,0.161357,0.0,0.218721,0.0,0.116686,0.003327,0.196653,0.0,0.098769,0.0,0.195021,0.0,0.339794,0.0,0.340157,0.0,0.168005,0.0,0.326406,0.006772,0.331508,0.0,0.332515,0.0,0.330374,1
20,0.0,0.375229,0.0,0.362482,0.0,0.314715,0.875147,0.67829,0.92606,0.684005,0.0,0.340061,0.92606,0.684005,0.0,0.306999,0.0,0.3244,0.0,0.237235,0.0,0.302513,0.03199,0.312926,0.0,0.302131,0.0,0.302779,0.0,0.38141,0.0,0.382406,0.0,0.290132,0.992017,0.706479,0.994875,0.707714,0.0,0.341725,0.994875,0.707714,0.0,0.214026,0.0,0.204086,0.0,0.245202,0.0,0.174641,0.003327,0.25016,0.0,0.152649,0.0,0.248293,0.0,0.364233,0.0,0.365211,0.0,0.228149,0.0,0.333871,0.006772,0.348022,0.0,0.34819,0.0,0.345404,1
21,0.0,0.349792,0.0,0.338396,0.0,0.335608,0.875147,0.635272,0.92606,0.642133,0.0,0.325869,0.92606,0.642133,0.0,0.287638,0.0,0.304062,0.0,0.201261,0.0,0.291325,0.03199,0.306759,0.0,0.294158,0.0,0.290415,0.0,0.35734,0.0,0.360383,0.0,0.287209,0.992017,0.663699,0.994875,0.665044,0.0,0.330651,0.994875,0.665044,0.0,0.206232,0.0,0.196402,0.0,0.238753,0.0,0.185359,0.003327,0.253266,0.0,0.163117,0.0,0.251267,0.0,0.341909,0.0,0.343442,0.0,0.236671,0.0,0.303168,0.006772,0.322899,0.0,0.322118,0.0,0.319133,1
22,0.0,0.382316,0.0,0.362865,0.0,0.269412,0.875147,0.661214,0.92606,0.663797,0.0,0.351627,0.92606,0.663797,0.0,0.299996,0.0,0.314925,0.0,0.2096,0.0,0.287468,0.03199,0.296036,0.0,0.285801,0.0,0.288447,0.0,0.392041,0.0,0.389338,0.0,0.245812,0.992017,0.686542,0.994875,0.68512,0.0,0.353725,0.994875,0.68512,0.0,0.248104,0.0,0.234624,0.0,0.256254,0.0,0.199484,0.003327,0.26538,0.0,0.181857,0.0,0.263712,0.0,0.349563,0.0,0.349102,0.0,0.144757,0.0,0.338157,0.006772,0.350061,0.0,0.351008,0.0,0.346872,1
23,0.0,0.459411,0.0,0.444721,0.0,0.424184,0.875147,0.791369,0.92606,0.798341,0.0,0.406477,0.92606,0.798341,0.0,0.371571,0.0,0.392515,0.0,0.280147,0.0,0.376625,0.03199,0.393935,0.0,0.379479,0.0,0.375884,0.0,0.467404,0.0,0.471473,0.0,0.374748,0.992017,0.823689,0.994875,0.825318,0.0,0.412185,0.994875,0.825318,0.0,0.324092,0.0,0.315563,0.0,0.341865,0.0,0.306349,0.003327,0.380262,0.0,0.273175,0.0,0.37817,0.0,0.44649,0.0,0.448414,0.0,0.348015,0.0,0.392315,0.006772,0.416978,0.0,0.416074,0.0,0.413426,1
24,0.0,0.397133,0.0,0.380452,0.0,0.302286,0.875147,0.693718,0.92606,0.697447,0.0,0.358908,0.92606,0.697447,0.0,0.3174,0.0,0.33414,0.0,0.23835,0.0,0.308003,0.03199,0.317359,0.0,0.306757,0.0,0.308702,0.0,0.404512,0.0,0.403777,0.0,0.278387,0.992017,0.720254,0.994875,0.720016,0.0,0.36061,0.994875,0.720016,0.0,0.25125,0.0,0.23894,0.0,0.265086,0.0,0.206784,0.003327,0.277447,0.0,0.186139,0.0,0.275678,0.0,0.372906,0.0,0.372882,0.0,0.198524,0.0,0.352707,0.006772,0.36589,0.0,0.366454,0.0,0.363003,1
25,0.0,0.404167,0.0,0.390489,0.0,0.332726,0.875147,0.719967,0.92606,0.725585,0.0,0.360747,0.92606,0.725585,0.0,0.328845,0.0,0.347371,0.0,0.257023,0.0,0.323477,0.03199,0.334193,0.0,0.322995,0.0,0.323836,0.0,0.410127,0.0,0.411107,0.0,0.307414,0.992017,0.749156,0.994875,0.75042,0.0,0.362364,0.994875,0.75042,0.0,0.242051,0.0,0.232551,0.0,0.269108,0.0,0.203062,0.003327,0.280464,0.0,0.178286,0.0,0.278568,0.0,0.391181,0.0,0.392156,0.0,0.247712,0.0,0.357994,0.006772,0.372912,0.0,0.373176,0.0,0.370385,1
26,0.0,0.384345,0.0,0.374213,0.0,0.34211,0.875147,0.707766,0.92606,0.715494,0.0,0.343718,0.92606,0.715494,0.0,0.319272,0.0,0.338571,0.0,0.25339,0.0,0.318534,0.03199,0.330434,0.0,0.31895,0.0,0.318502,0.0,0.389668,0.0,0.392093,0.0,0.318114,0.992017,0.739247,0.994875,0.74197,0.0,0.345408,0.994875,0.74197,0.0,0.20488,0.0,0.198366,0.0,0.251201,0.0,0.169766,0.003327,0.253467,0.0,0.143062,0.0,0.251465,0.0,0.384566,0.0,0.386813,0.0,0.273754,0.0,0.339169,0.006772,0.355399,0.0,0.35536,0.0,0.353156,1
27,0.0,0.364399,0.0,0.351273,0.0,0.247779,0.875147,0.66751,0.92606,0.672011,0.0,0.327277,0.92606,0.672011,0.0,0.295698,0.0,0.312308,0.0,0.233227,0.0,0.279044,0.03199,0.285616,0.0,0.276685,0.0,0.279985,0.0,0.367314,0.0,0.364863,0.0,0.240254,0.992017,0.694848,0.994875,0.695767,0.0,0.325191,0.994875,0.695767,0.0,0.17175,0.0,0.16163,0.0,0.19856,0.0,0.113146,0.003327,0.194011,0.0,0.095581,0.0,0.192186,0.0,0.348606,0.0,0.348678,0.0,0.155622,0.0,0.331286,0.006772,0.339348,0.0,0.340727,0.0,0.337266,1
28,0.0,0.398973,0.0,0.389013,0.0,0.360395,0.875147,0.738697,0.92606,0.747634,0.0,0.353668,0.92606,0.747634,0.0,0.331334,0.0,0.351907,0.0,0.264863,0.0,0.331637,0.03199,0.344586,0.0,0.332461,0.0,0.33153,0.0,0.404817,0.0,0.407306,0.0,0.337225,0.992017,0.773199,0.994875,0.776626,0.0,0.355591,0.994875,0.776626,0.0,0.208997,0.0,0.205038,0.0,0.263898,0.0,0.174467,0.003327,0.263847,0.0,0.144066,0.0,0.261768,0.0,0.403019,0.0,0.406154,0.0,0.30214,0.0,0.3478,0.006772,0.365519,0.0,0.365563,0.0,0.36348,1
29,0.0,0.414903,0.0,0.400439,0.0,0.302945,0.875147,0.737542,0.92606,0.742421,0.0,0.365733,0.92606,0.742421,0.0,0.334366,0.0,0.35309,0.0,0.265146,0.0,0.320903,0.03199,0.32991,0.0,0.319482,0.0,0.321595,0.0,0.418407,0.0,0.417099,0.0,0.287325,0.992017,0.766989,0.994875,0.768095,0.0,0.365015,0.994875,0.768095,0.0,0.23184,0.0,0.222419,0.0,0.251508,0.0,0.180619,0.003327,0.262188,0.0,0.157233,0.0,0.260279,0.0,0.397393,0.0,0.397845,0.0,0.219755,0.0,0.369568,0.006772,0.381739,0.0,0.382779,0.0,0.37946,1
30,0.0,0.500995,0.0,0.484089,0.0,0.391959,0.875147,0.858952,0.92606,0.864327,0.0,0.430405,0.92606,0.864327,0.0,0.402064,0.0,0.424449,0.0,0.327255,0.0,0.393942,0.03199,0.405388,0.0,0.393027,0.0,0.394599,0.0,0.506404,0.0,0.507128,0.0,0.370007,0.992017,0.891488,0.994875,0.892916,0.0,0.431795,0.994875,0.892916,0.0,0.338116,0.0,0.329327,0.0,0.346844,0.0,0.29529,0.003327,0.379234,0.0,0.262456,0.0,0.377264,0.0,0.48165,0.0,0.482664,0.0,0.328053,0.0,0.438576,0.006772,0.456249,0.0,0.456798,0.0,0.453997,1
31,0.0,0.445661,0.0,0.431081,0.0,0.400393,0.875147,0.775198,0.92606,0.781382,0.0,0.393413,0.92606,0.781382,0.0,0.364178,0.0,0.384696,0.0,0.28968,0.0,0.367027,0.03199,0.379376,0.0,0.366995,0.0,0.367308,0.0,0.454658,0.0,0.458236,0.0,0.368493,0.992017,0.805491,0.994875,0.80702,0.0,0.397618,0.994875,0.80702,0.0,0.309161,0.0,0.300009,0.0,0.337074,0.0,0.281267,0.003327,0.358307,0.0,0.2501,0.0,0.356447,0.0,0.43518,0.0,0.436779,0.0,0.326442,0.0,0.390569,0.006772,0.409841,0.0,0.409406,0.0,0.40734,1
32,0.0,0.382946,0.0,0.36792,0.0,0.286013,0.875147,0.661791,0.92606,0.663903,0.0,0.347273,0.92606,0.663903,0.0,0.30947,0.0,0.324954,0.0,0.236638,0.0,0.300102,0.03199,0.307807,0.0,0.298205,0.0,0.300795,0.0,0.387179,0.0,0.38787,0.0,0.260046,0.992017,0.683128,0.994875,0.682383,0.0,0.348091,0.994875,0.682383,0.0,0.25364,0.0,0.236684,0.0,0.249106,0.0,0.211913,0.003327,0.27364,0.0,0.196245,0.0,0.271959,0.0,0.356354,0.0,0.354545,0.0,0.172193,0.0,0.350874,0.006772,0.362095,0.0,0.36214,0.0,0.358978,1
33,0.0,0.419702,0.0,0.406065,0.0,0.403378,0.875147,0.741673,0.92606,0.748401,0.0,0.375665,0.92606,0.748401,0.0,0.347631,0.0,0.367315,0.0,0.27612,0.0,0.355745,0.03199,0.367905,0.0,0.355609,0.0,0.356036,0.0,0.431126,0.0,0.436044,0.0,0.369883,0.992017,0.771143,0.994875,0.772756,0.0,0.381214,0.994875,0.772756,0.0,0.299447,0.0,0.289782,0.0,0.337653,0.0,0.276733,0.003327,0.351034,0.0,0.246491,0.0,0.349244,0.0,0.414076,0.0,0.415895,0.0,0.327047,0.0,0.369996,0.006772,0.389362,0.0,0.388487,0.0,0.386882,1
34,0.0,0.320779,0.0,0.309095,0.0,0.259873,0.875147,0.582525,0.92606,0.586106,0.0,0.301372,0.92606,0.586106,0.0,0.264585,0.0,0.278471,0.0,0.195015,0.0,0.259077,0.03199,0.267262,0.0,0.257989,0.0,0.259406,0.0,0.325434,0.0,0.326782,0.0,0.233118,0.992017,0.603984,0.994875,0.60398,0.0,0.302466,0.994875,0.60398,0.0,0.181741,0.0,0.166355,0.0,0.199047,0.0,0.143885,0.003327,0.205858,0.0,0.131407,0.0,0.204155,0.0,0.304727,0.0,0.303846,0.0,0.144548,0.0,0.296388,0.006772,0.307023,0.0,0.306819,0.0,0.303915,1
35,0.0,0.326526,0.0,0.315415,0.0,0.289516,0.875147,0.606812,0.92606,0.612629,0.0,0.305208,0.92606,0.612629,0.0,0.270727,0.0,0.286174,0.0,0.201363,0.0,0.268761,0.03199,0.278689,0.0,0.268529,0.0,0.268914,0.0,0.333419,0.0,0.334913,0.0,0.262676,0.992017,0.633146,0.994875,0.634284,0.0,0.307287,0.994875,0.634284,0.0,0.170211,0.0,0.159788,0.0,0.213535,0.0,0.135044,0.003327,0.206615,0.0,0.116728,0.0,0.204839,0.0,0.319151,0.0,0.320142,0.0,0.189466,0.0,0.293508,0.006772,0.3065,0.0,0.306448,0.0,0.303759,1
36,0.0,0.362086,0.0,0.350002,0.0,0.322007,0.875147,0.677041,0.92606,0.685202,0.0,0.330493,0.92606,0.685202,0.0,0.297388,0.0,0.315524,0.0,0.226024,0.0,0.295006,0.03199,0.307114,0.0,0.295561,0.0,0.295089,0.0,0.370901,0.0,0.371388,0.0,0.299389,0.992017,0.710298,0.994875,0.712608,0.0,0.333047,0.994875,0.712608,0.0,0.176466,0.0,0.171678,0.0,0.237165,0.0,0.137001,0.003327,0.222422,0.0,0.111308,0.0,0.220449,0.0,0.359929,0.0,0.363002,0.0,0.244735,0.0,0.313975,0.006772,0.329654,0.0,0.330133,0.0,0.327336,1
37,0.0,0.347364,0.0,0.33538,0.0,0.22104,0.875147,0.633169,0.92606,0.637595,0.0,0.316365,0.92606,0.637595,0.0,0.275028,0.0,0.29054,0.0,0.198216,0.0,0.255069,0.03199,0.265093,0.0,0.25522,0.0,0.255063,0.0,0.345425,0.0,0.342279,0.0,0.202359,0.992017,0.660773,0.994875,0.661556,0.0,0.313342,0.994875,0.661556,0.0,0.127189,0.0,0.117952,0.0,0.139876,0.0,0.072028,0.003327,0.14982,0.0,0.057274,0.0,0.147696,0.0,0.327013,0.0,0.327141,0.0,0.114946,0.0,0.308013,0.006772,0.318268,0.0,0.319525,0.0,0.315198,1
38,0.0,0.416061,0.0,0.401301,0.0,0.370795,0.875147,0.770076,0.92606,0.780112,0.0,0.370435,0.92606,0.780112,0.0,0.337641,0.0,0.359035,0.0,0.263147,0.0,0.334702,0.03199,0.348888,0.0,0.335808,0.0,0.334869,0.0,0.428538,0.0,0.427559,0.0,0.351774,0.992017,0.810308,0.994875,0.813422,0.0,0.374126,0.994875,0.813422,0.0,0.202087,0.0,0.203806,0.0,0.28362,0.0,0.156554,0.003327,0.258731,0.0,0.120393,0.0,0.256591,0.0,0.416595,0.0,0.421825,0.0,0.316449,0.0,0.348863,0.006772,0.367735,0.0,0.368956,0.0,0.365908,1
39,0.0,0.425514,0.0,0.41128,0.0,0.294922,0.875147,0.746252,0.92606,0.750901,0.0,0.373719,0.92606,0.750901,0.0,0.336563,0.0,0.355412,0.0,0.25803,0.0,0.31983,0.03199,0.331022,0.0,0.319809,0.0,0.320014,0.0,0.424871,0.0,0.423087,0.0,0.273798,0.992017,0.776507,0.994875,0.777544,0.0,0.371891,0.994875,0.777544,0.0,0.218139,0.0,0.209612,0.0,0.221277,0.0,0.167763,0.003327,0.249039,0.0,0.144729,0.0,0.246871,0.0,0.403275,0.0,0.403774,0.0,0.206094,0.0,0.372705,0.006772,0.386637,0.0,0.387674,0.0,0.383781,1
40,0.0,0.42526,0.0,0.410909,0.0,0.344581,0.875147,0.750517,0.92606,0.756156,0.0,0.375897,0.92606,0.756156,0.0,0.344825,0.0,0.364191,0.0,0.272298,0.0,0.338797,0.03199,0.349613,0.0,0.338184,0.0,0.339231,0.0,0.431106,0.0,0.432024,0.0,0.321479,0.992017,0.780611,0.994875,0.781942,0.0,0.37745,0.994875,0.781942,0.0,0.264905,0.0,0.254768,0.0,0.285592,0.0,0.225482,0.003327,0.302549,0.0,0.200495,0.0,0.300654,0.0,0.410996,0.0,0.41205,0.0,0.266024,0.0,0.375844,0.006772,0.391321,0.0,0.391606,0.0,0.388834,1
41,0.0,0.442393,0.0,0.426879,0.0,0.426975,0.875147,0.782597,0.92606,0.789284,0.0,0.39112,0.92606,0.789284,0.0,0.369376,0.0,0.390143,0.0,0.305502,0.0,0.376197,0.03199,0.386116,0.0,0.374439,0.0,0.377126,0.0,0.457142,0.0,0.460911,0.0,0.40216,0.992017,0.812874,0.994875,0.814527,0.0,0.396955,0.994875,0.814527,0.0,0.347777,0.0,0.337169,0.0,0.422558,0.0,0.320652,0.003327,0.397839,0.0,0.287528,0.0,0.396546,0.0,0.436848,0.0,0.438335,0.0,0.365197,0.0,0.394193,0.006772,0.411713,0.0,0.411357,0.0,0.409961,1
42,0.0,0.405056,0.0,0.395775,0.0,0.28886,0.875147,0.671534,0.92606,0.670927,0.0,0.356107,0.92606,0.670927,0.0,0.32844,0.0,0.344016,0.0,0.26053,0.0,0.321343,0.03199,0.327744,0.0,0.318945,0.0,0.321799,0.0,0.396027,0.0,0.402083,0.0,0.255662,0.992017,0.684722,0.994875,0.684087,0.0,0.352892,0.994875,0.684087,0.0,0.338294,0.0,0.311103,0.0,0.270348,0.0,0.327792,0.003327,0.358255,0.0,0.321661,0.0,0.356767,0.0,0.374409,0.0,0.368911,0.0,0.169364,0.0,0.385815,0.006772,0.396888,0.0,0.395147,0.0,0.393423,1
43,0.0,0.364269,0.0,0.349561,0.0,0.453274,0.875147,0.684142,0.92606,0.692354,0.0,0.338259,0.92606,0.692354,0.0,0.323255,0.0,0.341587,0.0,0.271369,0.0,0.341744,0.03199,0.349501,0.0,0.338945,0.0,0.342992,0.0,0.390293,0.0,0.395382,0.0,0.430323,0.992017,0.712135,0.994875,0.713994,0.0,0.348623,0.994875,0.713994,0.0,0.36372,0.0,0.349922,0.0,0.685436,0.000798,0.3505,0.003283,0.4186,2e-06,0.315826,0.000296,0.419545,0.0,0.372372,0.0,0.373922,0.0,0.398404,0.0,0.334555,0.006772,0.349791,0.0,0.348974,0.0,0.348944,1
44,0.0,0.407578,0.0,0.399707,0.0,0.298377,0.875147,0.679221,0.92606,0.679485,0.0,0.356387,0.92606,0.679485,0.0,0.325688,0.0,0.341917,0.0,0.256821,0.0,0.319672,0.03199,0.327277,0.0,0.317896,0.0,0.320012,0.0,0.396213,0.0,0.40284,0.0,0.26543,0.992017,0.694625,0.994875,0.69461,0.0,0.352249,0.994875,0.69461,3.3e-05,0.403041,3e-05,0.371839,1.0,0.79108,0.013616,0.462941,0.00415,0.442068,0.000477,0.469015,0.006877,0.44373,0.0,0.378508,0.0,0.373709,0.0,0.186947,0.0,0.382895,0.006772,0.394968,0.0,0.39321,0.0,0.391783,1
45,0.0,0.373986,0.0,0.361526,0.0,0.38631,0.875352,0.675866,0.926215,0.6815,9e-06,0.338755,0.926215,0.6815,0.0,0.305654,0.0,0.322948,0.0,0.235584,0.0,0.302042,0.03199,0.312153,0.0,0.301452,0.0,0.302399,0.0,0.379522,0.0,0.380573,0.0,0.36529,0.991896,0.703579,0.994787,0.70483,3e-06,0.340275,0.994787,0.70483,0.345195,0.563249,0.3263,0.536774,0.333333,0.481734,0.643737,0.761306,0.420426,0.679473,0.772438,0.78555,0.418491,0.678082,0.0,0.362373,0.0,0.363326,0.0,0.317724,0.000716,0.33299,0.006159,0.346172,1e-06,0.346792,0.000618,0.344371,1
46,0.000356,0.27018,0.000312,0.244719,1.0,0.687173,0.880386,0.641105,0.929491,0.658465,0.004714,0.286131,0.929491,0.658465,0.0,0.265883,0.0,0.283487,0.0,0.193398,0.0,0.262911,0.03199,0.276112,0.0,0.264001,0.0,0.26317,0.000159,0.327275,0.00018,0.313002,1.0,0.691102,0.988192,0.689883,0.991907,0.693719,0.00159,0.305447,0.991907,0.693719,0.846535,0.677527,0.807351,0.66331,0.666667,0.643977,0.933699,0.769605,0.863764,0.804539,0.985935,0.734121,0.863309,0.804259,6e-06,0.303587,6e-06,0.317275,1.0,0.745023,0.012664,0.227823,0.003916,0.233102,0.000194,0.238612,0.011625,0.239342,1
47,0.800328,0.533854,1.0,0.563066,0.666667,0.582406,0.950924,0.654094,0.926816,0.633705,0.489204,0.398501,0.926816,0.633705,0.0,0.262902,0.0,0.277931,0.0,0.15656,0.0,0.226601,0.03199,0.242734,0.0,0.231144,0.0,0.224856,0.236927,0.388443,0.38637,0.416166,0.333333,0.521696,0.919495,0.632245,0.916491,0.631602,0.191298,0.341953,0.916491,0.631602,1.0,0.579357,0.790773,0.535782,0.333333,0.568748,0.740205,0.555318,0.549677,0.589599,0.90439,0.516901,0.548174,0.58991,0.36725,0.426178,0.25704,0.420775,0.333333,0.533394,0.917356,0.476818,0.89475,0.482344,0.850772,0.479002,0.894033,0.486203,1
48,0.800328,0.599251,0.994666,0.631059,0.666667,0.677671,0.945205,0.745347,0.922736,0.728172,0.485004,0.440905,0.922736,0.728172,0.0,0.276698,0.0,0.297339,0.0,0.202395,0.0,0.272854,0.03199,0.289119,0.0,0.274873,0.0,0.273501,0.235058,0.452722,0.386605,0.48934,0.333333,0.618075,0.921798,0.734829,0.918259,0.735726,0.190819,0.383179,0.918259,0.735726,0.034477,0.390984,0.031461,0.361478,0.0,0.664507,0.300546,0.388994,0.10528,0.407044,0.215365,0.371651,0.102293,0.405933,0.630444,0.492767,0.669787,0.487824,0.333333,0.657291,0.917651,0.512263,0.890955,0.521052,0.852919,0.518915,0.890212,0.530926,1
49,0.000356,0.274061,0.000313,0.249246,1.0,0.670702,0.874044,0.625639,0.925149,0.642175,0.000585,0.28679,0.925149,0.642175,0.0,0.273946,0.0,0.289627,0.0,0.17561,0.0,0.248123,0.03199,0.262953,0.0,0.251559,0.0,0.246835,0.000159,0.32175,0.000193,0.303322,1.0,0.67022,0.99052,0.67662,0.993763,0.679143,0.00024,0.303995,0.993763,0.679143,5e-06,0.213374,5e-06,0.20096,1.0,0.786141,0.002401,0.141577,0.003134,0.236164,1.5e-05,0.130088,0.001065,0.235693,0.000199,0.270234,0.000179,0.267105,1.0,0.717992,0.026479,0.246172,0.0,0.239591,0.000844,0.247285,0.025356,0.254849,1
50,0.0,0.401806,0.0,0.388631,0.0,0.385052,0.875007,0.715182,0.925953,0.720827,1e-06,0.358657,0.925953,0.720827,0.0,0.328546,0.0,0.346554,0.0,0.256795,0.0,0.323179,0.03199,0.333171,0.0,0.322447,0.0,0.323473,0.0,0.406835,0.0,0.407854,0.0,0.362287,0.992017,0.744519,0.994875,0.745797,0.0,0.359922,0.994875,0.745797,0.0,0.238419,0.0,0.22899,0.0,0.334281,0.0,0.199187,0.003327,0.276572,0.0,0.174916,0.0,0.274666,0.0,0.388156,0.0,0.389169,0.0,0.313355,0.00124,0.356491,0.006037,0.369489,2e-06,0.370279,0.00074,0.368271,1
51,0.0,0.522909,0.0,0.517481,0.0,0.461284,0.875147,0.832743,0.92606,0.833193,0.0,0.433295,0.92606,0.833193,0.0,0.404939,0.0,0.427241,0.0,0.399994,0.0,0.43996,0.03199,0.438325,0.0,0.429564,0.0,0.444446,0.0,0.513572,0.0,0.533544,0.0,0.426344,0.992017,0.849344,0.994875,0.850225,0.0,0.430224,0.994875,0.850225,0.0,0.343998,0.0,0.337094,0.0,0.246397,0.000798,0.33427,0.003283,0.399634,2e-06,0.295727,0.000296,0.39692,0.0,0.518257,0.0,0.523795,0.0,0.384175,0.0,0.49017,0.006772,0.506909,0.0,0.503072,0.0,0.506168,1
52,0.0,0.393018,0.0,0.379102,0.0,0.475024,0.875147,0.689494,0.92606,0.692066,0.0,0.354107,0.92606,0.692066,0.0,0.446267,0.0,0.459534,0.0,0.363025,0.0,0.439052,0.03199,0.438362,0.0,0.43437,0.0,0.437564,0.0,0.418232,0.0,0.425878,0.0,0.434072,0.992017,0.697079,0.994875,0.69633,0.0,0.37133,0.994875,0.69633,3.3e-05,0.364585,3e-05,0.327283,1.0,0.515702,0.013731,0.323909,0.004248,0.367311,0.000485,0.305873,0.00692,0.36657,0.0,0.404093,0.0,0.395627,0.0,0.398376,0.0,0.451152,0.006772,0.452214,0.0,0.445509,0.0,0.455414,1
53,0.0,0.461122,0.0,0.46206,0.0,0.660563,0.875288,0.72829,0.926168,0.726584,2e-06,0.384774,0.926168,0.726584,0.0,0.371316,0.0,0.391026,0.0,0.605227,0.00668,0.485573,0.029969,0.438599,4.8e-05,0.443535,0.006825,0.502504,0.0,0.466021,0.0,0.50235,0.0,0.631086,0.992004,0.728566,0.994866,0.728912,2e-06,0.387062,0.994866,0.728912,0.345033,0.553778,0.327403,0.54648,0.333333,0.606229,0.645533,0.619064,0.422049,0.637669,0.776096,0.581634,0.42012,0.637214,0.0,0.487421,0.0,0.49681,0.0,0.624799,0.000741,0.48334,0.006304,0.493017,1e-06,0.484725,0.00051,0.496195,1
54,7.9e-05,0.453451,6.9e-05,0.450677,1.0,0.862333,0.878453,0.722912,0.928482,0.719435,0.000822,0.383415,0.928482,0.719435,0.000955,0.614377,0.000673,0.62069,1.0,0.853666,0.15385,0.649464,0.0,0.581443,0.025832,0.604056,0.203244,0.660826,0.000102,0.463643,0.00012,0.488624,1.0,0.799225,0.990578,0.705464,0.993667,0.704059,0.001311,0.404597,0.993667,0.704059,0.796263,0.88461,0.793141,0.829471,0.666667,0.684027,0.904753,0.815828,0.810586,0.861932,1.0,0.7903,0.809954,0.861731,7e-06,0.468624,7e-06,0.446527,1.0,0.872919,0.013734,0.610143,0.005643,0.602286,0.00023,0.580037,0.012887,0.610707,1
55,0.201632,0.600776,0.254127,0.62793,0.666667,0.709387,0.895126,0.767429,0.926585,0.748641,0.123824,0.451022,0.926585,0.748641,1.0,1.0,0.921417,1.0,0.666667,0.702211,0.999849,0.996108,0.973103,0.990305,0.999832,1.0,0.973734,0.98029,0.1819,0.59485,0.263438,0.680243,0.333333,0.510132,0.917935,0.677696,0.915427,0.672059,0.190656,0.494922,0.915427,0.672059,0.838218,1.0,0.651434,0.841179,0.333333,0.520644,0.709179,0.82113,0.547208,0.805723,0.792935,0.815168,0.545697,0.805234,0.284454,0.662056,0.210442,0.609743,0.333333,0.526128,0.819221,0.994688,0.771292,0.989119,0.688301,0.930368,0.769733,0.991824,1
56,0.201632,0.641409,0.259723,0.672314,0.666667,0.665566,0.891279,0.811786,0.923706,0.792966,0.123055,0.476049,0.923706,0.792966,0.32564,0.780524,0.310977,0.792088,0.333333,0.5044,0.988367,1.0,1.0,1.0,0.969252,0.991872,1.0,1.0,0.349198,0.71108,0.542188,0.849279,0.666667,0.582853,0.919247,0.724007,0.916457,0.718377,0.190211,0.517436,0.916457,0.718377,0.069643,0.692602,0.06966,0.60463,0.333333,0.45985,0.317678,0.721261,0.15836,0.667132,0.21941,0.651198,0.155551,0.665711,0.509604,0.796038,0.563798,0.804095,0.333333,0.436478,0.819478,1.0,0.766429,1.0,0.690455,0.944516,0.764837,1.0,1
57,7.9e-05,0.38596,7.3e-05,0.390912,1.0,0.590864,0.874332,0.600974,0.925428,0.596962,9.1e-05,0.330204,0.925428,0.596962,0.000252,0.359731,0.000174,0.374005,1.0,0.455208,0.028204,0.576084,0.028917,0.560379,0.000871,0.552316,0.034519,0.587536,0.000247,0.469416,0.000274,0.546446,1.0,0.586614,0.991903,0.576162,0.99475,0.573362,0.000339,0.355995,0.99475,0.573362,2.3e-05,0.338942,2.5e-05,0.329605,1.0,0.490417,0.006067,0.40487,0.003979,0.411127,9.4e-05,0.340317,0.002804,0.410159,0.000173,0.49309,0.000155,0.515669,1.0,0.486798,0.024696,0.567745,0.000574,0.5607,0.000735,0.536752,0.023637,0.56449,1
58,0.0,0.416467,0.0,0.41723,0.0,0.480791,0.875058,0.672426,0.925992,0.673439,0.0,0.352421,0.925992,0.673439,0.0,0.436491,0.0,0.449801,0.0,0.420155,0.0,0.427775,0.03199,0.4315,0.0,0.425764,0.0,0.424842,0.0,0.406176,0.0,0.426458,0.0,0.406327,0.992075,0.677461,0.994917,0.677872,0.0,0.359387,0.994917,0.677872,0.0,0.394604,0.0,0.351043,0.0,0.412946,0.0,0.358901,0.003327,0.393228,0.0,0.341642,0.0,0.391937,0.0,0.412165,0.0,0.399981,0.0,0.386917,0.001136,0.44813,0.006098,0.45972,1e-06,0.446264,0.000678,0.461548,1
59,0.0,0.416046,0.0,0.403291,0.0,0.399168,0.875147,0.725789,0.92606,0.729939,0.0,0.368418,0.92606,0.729939,0.0,0.346216,0.0,0.364181,0.0,0.314894,0.0,0.385377,0.03199,0.387003,0.0,0.377323,0.0,0.389348,0.0,0.441181,0.0,0.454505,0.0,0.384999,0.992017,0.74706,0.994875,0.74741,0.0,0.375441,0.994875,0.74741,0.0,0.313762,0.0,0.304848,0.0,0.346829,0.0,0.293445,0.003327,0.357265,0.0,0.259353,0.0,0.355687,0.0,0.422066,0.0,0.427178,0.0,0.318575,0.0,0.411557,0.006772,0.421205,0.0,0.416609,0.0,0.419966,1
60,0.0,0.294483,0.0,0.284358,0.0,0.262684,0.875147,0.562589,0.92606,0.56852,0.0,0.282157,0.92606,0.56852,0.0,0.247515,0.0,0.261286,0.0,0.178353,0.0,0.244749,0.03199,0.254269,0.0,0.244729,0.0,0.244625,0.0,0.301284,0.0,0.3023,0.0,0.234663,0.992017,0.588253,0.994875,0.589332,0.0,0.283892,0.994875,0.589332,0.0,0.137553,0.0,0.125226,0.0,0.180644,0.0,0.102162,0.003327,0.169343,0.0,0.088383,0.0,0.167567,0.0,0.288368,0.0,0.289341,0.0,0.154158,0.0,0.267482,0.006772,0.279327,0.0,0.2789,0.0,0.276514,1
61,0.0,0.331849,0.0,0.320932,0.0,0.250752,0.875147,0.61838,0.92606,0.624785,0.0,0.3078,0.92606,0.624785,0.0,0.270279,0.0,0.286793,0.0,0.174229,0.0,0.243686,0.03199,0.258992,0.0,0.24783,0.0,0.241763,0.0,0.325001,0.0,0.320839,0.0,0.219228,0.992017,0.648622,0.994875,0.650452,0.0,0.30599,0.994875,0.650452,0.0,0.125353,0.0,0.114515,0.0,0.161196,0.0,0.080212,0.003327,0.159234,0.0,0.066174,0.0,0.157204,0.0,0.314402,0.0,0.313032,0.0,0.147257,0.0,0.274218,0.006772,0.290836,0.0,0.293441,0.0,0.287315,1
62,0.0,0.339856,0.0,0.319683,0.0,0.252571,0.875147,0.662676,0.92606,0.669696,0.0,0.325123,0.92606,0.669696,0.0,0.243311,0.0,0.261706,0.0,0.190184,0.0,0.244694,0.03199,0.254264,0.0,0.242496,0.0,0.247186,0.0,0.358139,0.0,0.348896,0.0,0.259453,0.992017,0.697821,0.994875,0.699027,0.0,0.325407,0.994875,0.699027,0.0,0.112332,0.0,0.116021,0.0,0.19124,0.0,0.06071,0.003327,0.158534,0.0,0.03762,0.0,0.156552,0.0,0.329163,0.0,0.335577,0.0,0.171797,0.0,0.283828,0.006772,0.293828,0.0,0.301891,0.0,0.290557,1
63,0.0,0.354038,0.0,0.343954,0.0,0.255053,0.875147,0.648027,0.92606,0.65423,0.0,0.321465,0.92606,0.65423,0.0,0.288654,0.0,0.306779,0.0,0.180178,0.0,0.255962,0.03199,0.274114,0.0,0.262167,0.0,0.252958,0.0,0.341369,0.0,0.337762,0.0,0.218417,0.992017,0.677882,0.994875,0.680052,0.0,0.318498,0.994875,0.680052,0.0,0.119556,0.0,0.108217,0.0,0.145727,0.0,0.073188,0.003327,0.156603,0.0,0.058523,0.0,0.154361,0.0,0.336842,0.0,0.334842,0.0,0.15291,0.0,0.287284,0.006772,0.306845,0.0,0.310312,0.0,0.303072,1
64,0.0,0.341889,0.0,0.325576,0.0,0.272895,0.875147,0.649719,0.92606,0.655829,0.0,0.322028,0.92606,0.655829,0.0,0.26506,0.0,0.282258,0.0,0.208313,0.0,0.264916,0.03199,0.273976,0.0,0.263159,0.0,0.26643,0.0,0.355182,0.0,0.350688,0.0,0.266136,0.992017,0.67985,0.994875,0.680963,0.0,0.323125,0.994875,0.680963,0.0,0.147832,0.0,0.143847,0.0,0.205938,0.0,0.100667,0.003327,0.186634,0.0,0.079891,0.0,0.184737,0.0,0.332652,0.0,0.336188,0.0,0.184868,0.0,0.300126,0.006772,0.31068,0.0,0.315201,0.0,0.307768,1
65,0.0,0.343272,0.0,0.331706,0.0,0.291018,0.875147,0.63165,0.92606,0.637409,0.0,0.316807,0.92606,0.637409,0.0,0.282783,0.0,0.298934,0.0,0.211936,0.0,0.278341,0.03199,0.288561,0.0,0.278144,0.0,0.278504,0.0,0.349015,0.0,0.350095,0.0,0.26621,0.992017,0.658674,0.994875,0.659852,0.0,0.31839,0.994875,0.659852,0.0,0.181376,0.0,0.171239,0.0,0.219924,0.0,0.143526,0.003327,0.216679,0.0,0.124263,0.0,0.214847,0.0,0.334037,0.0,0.334879,0.0,0.194015,0.0,0.306728,0.006772,0.320059,0.0,0.320202,0.0,0.317323,1
66,0.0,0.381318,0.0,0.372382,0.0,0.330912,0.875147,0.669554,0.92606,0.675209,0.0,0.339052,0.92606,0.675209,0.0,0.323939,0.0,0.34051,0.0,0.23722,0.0,0.314773,0.03199,0.326798,0.0,0.316065,0.0,0.313794,0.0,0.381273,0.0,0.386975,0.0,0.289055,0.992017,0.696373,0.994875,0.697676,0.0,0.341123,0.994875,0.697676,0.0,0.246849,0.0,0.232082,0.0,0.260838,0.0,0.218931,0.003327,0.282564,0.0,0.197797,0.0,0.28073,0.0,0.369253,0.0,0.368306,0.0,0.233412,0.0,0.339857,0.006772,0.357301,0.0,0.353454,0.0,0.354815,1
67,0.0,0.396895,0.0,0.38019,0.0,0.34804,0.875147,0.713343,0.92606,0.719143,0.0,0.360878,0.92606,0.719143,0.0,0.319512,0.0,0.335837,0.0,0.274893,0.0,0.329757,0.03199,0.334874,0.0,0.324574,0.0,0.332621,0.0,0.417602,0.0,0.418207,0.0,0.335623,0.992017,0.743931,0.994875,0.74431,0.0,0.36553,0.994875,0.74431,0.0,0.296754,0.0,0.289093,0.0,0.339558,0.0,0.258174,0.003327,0.329395,0.0,0.230536,0.0,0.327868,0.0,0.382167,0.0,0.385098,0.0,0.268894,0.0,0.367304,0.006772,0.376847,0.0,0.374786,0.0,0.374964,1
68,0.0,0.410399,0.0,0.402658,0.0,0.356801,0.875147,0.701412,0.92606,0.707478,0.0,0.356579,0.92606,0.707478,0.0,0.349462,0.0,0.366763,0.0,0.247652,0.0,0.335396,0.03199,0.349562,0.0,0.338146,0.0,0.333637,0.0,0.406397,0.0,0.41464,0.0,0.303612,0.992017,0.730302,0.994875,0.731754,0.0,0.358823,0.994875,0.731754,0.0,0.287129,0.0,0.271443,0.0,0.291743,0.0,0.267124,0.003327,0.326399,0.0,0.243412,0.0,0.324542,0.0,0.39514,0.0,0.393578,0.0,0.260657,0.0,0.357624,0.006772,0.378989,0.0,0.372649,0.0,0.376597,1
69,0.0,0.32228,0.0,0.309161,0.0,0.286887,0.875147,0.603723,0.92606,0.60975,0.0,0.305522,0.92606,0.60975,0.0,0.263216,0.0,0.277252,0.0,0.207349,0.0,0.266538,0.03199,0.2738,0.0,0.263991,0.0,0.268002,0.0,0.336452,0.0,0.336348,0.0,0.268428,0.992017,0.631864,0.994875,0.63248,0.0,0.30873,0.994875,0.63248,0.0,0.196218,0.0,0.18721,0.0,0.24934,0.0,0.157976,0.003327,0.226749,0.0,0.13874,0.0,0.225142,0.0,0.311175,0.0,0.313063,0.0,0.189284,0.0,0.296178,0.006772,0.305902,0.0,0.30475,0.0,0.303427,1
70,0.0,0.316408,0.0,0.305591,0.0,0.274714,0.875147,0.593757,0.92606,0.599575,0.0,0.297774,0.92606,0.599575,0.0,0.262447,0.0,0.277417,0.0,0.193491,0.0,0.259274,0.03199,0.269149,0.0,0.259084,0.0,0.259402,0.0,0.322959,0.0,0.324065,0.0,0.249067,0.992017,0.619855,0.994875,0.620963,0.0,0.299521,0.994875,0.620963,0.0,0.155947,0.0,0.145346,0.0,0.197727,0.0,0.119812,0.003327,0.190446,0.0,0.103066,0.0,0.18863,0.0,0.308962,0.0,0.309897,0.0,0.172092,0.0,0.2852,0.006772,0.297533,0.0,0.297631,0.0,0.294735,1
71,0.0,0.345548,0.0,0.336673,0.0,0.286916,0.875147,0.62997,0.92606,0.635257,0.0,0.313545,0.92606,0.635257,0.0,0.290664,0.0,0.308489,0.0,0.20562,0.0,0.280851,0.03199,0.293566,0.0,0.283019,0.0,0.27957,0.0,0.343186,0.0,0.346976,0.0,0.2538,0.992017,0.653828,0.994875,0.655523,0.0,0.313813,0.994875,0.655523,0.0,0.145704,0.0,0.13386,0.0,0.16795,0.0,0.109913,0.003327,0.186623,0.0,0.092141,0.0,0.184547,0.0,0.342582,0.0,0.342449,0.0,0.186711,0.0,0.30447,0.006772,0.32108,0.0,0.322469,0.0,0.318121,1
72,0.0,0.29105,0.0,0.275568,0.0,0.238116,0.875147,0.583869,0.92606,0.588298,0.0,0.288448,0.92606,0.588298,0.0,0.233608,0.0,0.248832,0.0,0.206158,0.0,0.243855,0.03199,0.248014,0.0,0.239232,0.0,0.24636,0.0,0.307194,0.0,0.301743,0.0,0.246127,0.992017,0.605544,0.994875,0.60638,0.0,0.289452,0.994875,0.60638,0.0,0.099061,0.0,0.091814,0.0,0.1529,0.0,0.035467,0.003327,0.124934,0.0,0.020533,0.0,0.123136,0.0,0.289102,0.0,0.291571,0.0,0.143464,0.0,0.283784,0.006772,0.286587,0.0,0.293648,0.0,0.283675,1
73,0.0,0.356784,0.0,0.34973,0.0,0.29655,0.875147,0.641399,0.92606,0.646022,0.0,0.31726,0.92606,0.646022,0.0,0.305641,0.0,0.325224,0.0,0.21291,0.0,0.294877,0.03199,0.308462,0.0,0.297997,0.0,0.292854,0.0,0.349854,0.0,0.357194,0.0,0.257486,0.992017,0.661743,0.994875,0.66375,0.0,0.317031,0.994875,0.66375,0.0,0.132698,0.0,0.119345,0.0,0.131901,0.0,0.100583,0.003327,0.179928,0.0,0.082599,0.0,0.177673,0.0,0.360545,0.0,0.359954,0.0,0.196551,0.0,0.315132,0.006772,0.33391,0.0,0.335999,0.0,0.330979,1
74,0.0,0.356977,0.0,0.341747,0.0,0.28913,0.875147,0.668627,0.92606,0.673098,0.0,0.332495,0.92606,0.673098,0.0,0.288939,0.0,0.306254,0.0,0.248397,0.0,0.294211,0.03199,0.300397,0.0,0.290657,0.0,0.296087,0.0,0.368758,0.0,0.365964,0.0,0.286935,0.992017,0.692537,0.994875,0.693566,0.0,0.333572,0.994875,0.693566,0.0,0.179036,0.0,0.170272,0.0,0.212374,0.0,0.121924,0.003327,0.208322,0.0,0.101853,0.0,0.206487,0.0,0.34993,0.0,0.351553,0.0,0.202772,0.0,0.3359,0.006772,0.342915,0.0,0.347718,0.0,0.340234,1
75,0.0,0.34827,0.0,0.336594,0.0,0.294796,0.875147,0.639066,0.92606,0.64481,0.0,0.320369,0.92606,0.64481,0.0,0.287146,0.0,0.303591,0.0,0.216067,0.0,0.282983,0.03199,0.293231,0.0,0.282816,0.0,0.283098,0.0,0.354292,0.0,0.355551,0.0,0.269637,0.992017,0.666231,0.994875,0.667402,0.0,0.322055,0.994875,0.667402,0.0,0.187433,0.0,0.177499,0.0,0.230063,0.0,0.148891,0.003327,0.222491,0.0,0.129164,0.0,0.22066,0.0,0.33949,0.0,0.340359,0.0,0.198854,0.0,0.311527,0.006772,0.325058,0.0,0.32522,0.0,0.322356,1
76,0.0,0.402634,0.0,0.392044,0.0,0.340216,0.875147,0.700011,0.92606,0.70737,0.0,0.353446,0.92606,0.70737,0.0,0.33066,0.0,0.348454,0.0,0.223452,0.0,0.312767,0.03199,0.328365,0.0,0.316089,0.0,0.311298,0.0,0.40318,0.0,0.407994,0.0,0.289872,0.992017,0.734582,0.994875,0.736014,0.0,0.355831,0.994875,0.736014,0.0,0.254868,0.0,0.24486,0.0,0.29512,0.0,0.243303,0.003327,0.304331,0.0,0.217694,0.0,0.302397,0.0,0.386043,0.0,0.386585,0.0,0.247117,0.0,0.333383,0.006772,0.35609,0.0,0.35136,0.0,0.353541,1
77,0.0,0.390081,0.0,0.369698,0.0,0.312519,0.875147,0.720023,0.92606,0.728225,0.0,0.365657,0.92606,0.728225,0.0,0.296164,0.0,0.309563,0.0,0.2525,0.0,0.293392,0.03199,0.301848,0.0,0.289817,0.0,0.296223,0.0,0.410409,0.0,0.398485,0.0,0.310866,0.992017,0.76289,0.994875,0.763398,0.0,0.368674,0.994875,0.763398,0.0,0.304937,0.0,0.300519,0.0,0.443045,0.0,0.2506,0.003327,0.321644,0.0,0.22432,0.0,0.320384,0.0,0.352135,0.0,0.354556,0.0,0.233179,0.0,0.339253,0.006772,0.348318,0.0,0.346371,0.0,0.34567,1
78,0.0,0.389162,0.0,0.380736,0.0,0.335297,0.875147,0.666699,0.92606,0.676426,0.0,0.338239,0.92606,0.676426,0.0,0.320485,0.0,0.3374,0.0,0.170577,0.0,0.286554,0.03199,0.307769,0.0,0.294221,0.0,0.283139,0.0,0.386722,0.0,0.394008,0.0,0.257472,0.992017,0.708847,0.994875,0.710424,0.0,0.341653,0.994875,0.710424,0.0,0.244543,0.0,0.235793,0.0,0.336191,0.0,0.274421,0.003327,0.314051,0.0,0.247077,0.0,0.312041,0.0,0.369699,0.0,0.370392,0.0,0.232832,0.0,0.290002,0.006772,0.322052,0.0,0.312297,0.0,0.319401,1
79,0.0,0.340739,0.0,0.323692,0.0,0.280486,0.875147,0.648027,0.92606,0.656351,0.0,0.327706,0.92606,0.656351,0.0,0.263156,0.0,0.275594,0.0,0.217893,0.0,0.259497,0.03199,0.268824,0.0,0.257423,0.0,0.261337,0.0,0.356788,0.0,0.346139,0.0,0.276133,0.992017,0.688199,0.994875,0.688993,0.0,0.330131,0.994875,0.688993,0.0,0.240639,0.0,0.234984,0.0,0.573724,0.0,0.187318,0.003327,0.25508,0.0,0.165774,0.0,0.25417,0.0,0.310151,0.0,0.311906,0.0,0.189942,0.0,0.295515,0.006772,0.305277,0.0,0.303961,0.0,0.302369,1
80,0.0,0.40981,0.0,0.395979,0.0,0.333987,0.875147,0.728252,0.92606,0.733791,0.0,0.364896,0.92606,0.733791,0.0,0.333131,0.0,0.351879,0.0,0.269729,0.0,0.328804,0.03199,0.338716,0.0,0.327663,0.0,0.32951,0.0,0.415744,0.0,0.416704,0.0,0.313524,0.992017,0.757469,0.994875,0.758742,0.0,0.366441,0.994875,0.758742,1e-06,0.247291,1e-06,0.23788,1.0,1.0,0.003371,0.230736,0.002487,0.289792,2.8e-05,0.201743,0.001592,0.290027,0.0,0.396484,0.0,0.39746,0.0,0.25089,0.0,0.366878,0.006772,0.379686,0.0,0.38094,0.0,0.377188,1
81,0.0,0.43208,0.0,0.427441,0.0,0.358409,0.875147,0.714893,0.92606,0.715137,0.0,0.357005,0.92606,0.715137,0.0,0.385475,0.0,0.412657,0.0,0.225082,0.0,0.380506,0.03199,0.391977,0.0,0.383551,0.0,0.377722,0.0,0.422648,0.0,0.448671,0.0,0.273116,0.992017,0.719803,0.994875,0.721208,0.0,0.357915,0.994875,0.721208,0.000454,0.148475,0.00042,0.13334,1.0,0.931689,0.451768,0.397455,0.209874,0.352514,0.453876,0.349223,0.207237,0.351565,0.0,0.463107,0.0,0.462986,0.0,0.26054,0.0,0.408671,0.006772,0.429324,0.0,0.431913,0.0,0.427473,1
82,0.0,0.345417,0.0,0.329351,0.333333,0.366438,0.875323,0.68098,0.926191,0.674667,2.4e-05,0.341459,0.926191,0.674667,1.5e-05,0.283791,1.5e-05,0.300279,1.0,0.523469,0.028204,0.414656,0.028917,0.397136,0.000871,0.392679,0.034519,0.424196,1e-06,0.356777,2e-06,0.351473,1.0,0.504129,0.992013,0.660354,0.994866,0.660158,4.6e-05,0.34491,0.994866,0.660158,0.712143,0.338374,0.694565,0.314778,0.666667,0.731562,0.648053,0.447904,0.428397,0.415103,0.775367,0.40975,0.426489,0.414687,0.0,0.347855,0.0,0.347716,0.333333,0.315352,0.00201,0.501821,0.006591,0.46063,5e-06,0.481232,0.001402,0.458896,1
83,0.000846,0.645692,0.000745,0.662213,1.0,0.682144,0.894084,0.844689,0.937077,0.82054,0.028889,0.432519,0.937077,0.82054,0.015262,0.650625,0.010749,0.709209,1.0,0.656868,0.988367,0.719659,1.0,0.714211,0.969252,0.714118,1.0,0.714242,0.001836,0.598672,0.002085,0.717428,1.0,0.660316,0.929451,0.747425,0.927127,0.746177,0.167266,0.441444,0.927127,0.746177,0.948318,0.548045,0.865536,0.502232,0.333333,0.648665,0.884736,0.621532,0.816831,0.637388,0.890281,0.605196,0.81622,0.636658,7.4e-05,0.810373,6.7e-05,0.809936,1.0,0.604871,0.689278,0.754337,0.526599,0.77372,0.519053,0.780152,0.523371,0.775835,1
84,0.527147,0.740766,0.612775,0.767755,0.666667,0.546501,1.0,0.878981,1.0,0.823969,0.190934,0.475648,1.0,0.823969,0.922637,0.771527,0.989515,0.848937,0.333333,0.559073,0.999849,0.768075,0.973103,0.733896,0.999832,0.751919,0.973734,0.763068,0.421821,0.673346,0.712582,0.855714,0.333333,0.542507,0.918006,0.700122,0.915441,0.697256,0.190934,0.443369,0.915441,0.697256,0.352181,0.371561,0.289894,0.325256,0.333333,0.683928,0.753035,0.603114,0.596157,0.594228,0.863439,0.604256,0.594809,0.594606,1.0,1.0,1.0,1.0,0.333333,0.348122,1.0,0.97701,1.0,0.96915,1.0,1.0,1.0,0.972587,1
85,0.056764,0.441025,0.061519,0.438626,0.0,0.304283,0.982526,0.790308,0.989122,0.73968,0.167266,0.436436,0.989122,0.73968,0.006963,0.3632,0.004678,0.391282,1.0,0.871787,0.15385,0.45024,0.0,0.3441,0.025832,0.375116,0.203244,0.477638,0.00595,0.395331,0.008161,0.43488,1.0,0.859713,0.980812,0.668245,0.983039,0.668663,0.028889,0.352841,0.983039,0.668663,0.000123,0.22262,0.00013,0.208344,1.0,0.930174,0.013946,0.25406,0.0,0.290667,0.000483,0.236041,0.006425,0.297313,0.072513,0.499753,0.065498,0.496362,0.0,0.233873,0.724531,0.900873,0.480262,0.754673,0.589973,0.838758,0.476719,0.756282,1
86,2.3e-05,0.441328,2.2e-05,0.431354,1.0,0.775619,0.875165,0.776055,0.926069,0.75969,4.6e-05,0.410869,0.926069,0.75969,3e-06,0.338773,4e-06,0.356413,1.0,0.932787,0.00668,0.39827,0.029969,0.358696,4.8e-05,0.362092,0.006825,0.412095,7e-06,0.420272,1.1e-05,0.426623,1.0,0.96594,0.991827,0.746425,0.994735,0.747035,2.4e-05,0.379304,0.994735,0.747035,0.0,0.348151,0.0,0.340497,0.333333,0.777422,0.000727,0.29601,0.002991,0.374426,1e-06,0.254877,0.000336,0.378088,1.3e-05,0.422251,1.2e-05,0.42158,1.0,0.823496,0.006652,0.620629,0.007042,0.54636,5.4e-05,0.586083,0.005627,0.548931,1
87,0.0,0.514485,0.0,0.506244,0.0,0.711679,0.875147,0.763452,0.92606,0.755555,0.0,0.404498,0.92606,0.755555,0.0,0.438987,0.0,0.4709,0.0,0.595822,0.0,0.436969,0.03199,0.437859,0.0,0.432342,0.0,0.436006,0.0,0.511422,0.0,0.561496,0.0,0.616868,0.992017,0.745961,0.994875,0.744333,0.0,0.406538,0.994875,0.744333,0.0,0.416855,0.0,0.408815,0.0,0.478759,0.0,0.465921,0.003327,0.503822,0.0,0.449048,0.0,0.502828,0.0,0.553852,0.0,0.557182,0.0,0.696643,0.0,0.531032,0.006772,0.539765,0.0,0.537581,0.0,0.540925,1
88,0.0,0.448009,0.0,0.439018,0.0,0.471766,0.875147,0.756468,0.92606,0.749906,0.0,0.398833,0.92606,0.749906,0.0,0.34282,0.0,0.360558,0.0,0.414538,0.0,0.379247,0.03199,0.367584,0.0,0.362843,0.0,0.385789,0.0,0.426639,0.0,0.436016,0.0,0.566162,0.992017,0.756549,0.994875,0.756924,0.0,0.380871,0.994875,0.756924,0.0,0.436703,0.0,0.438889,0.333333,0.78868,0.001528,0.408363,0.003091,0.478057,6e-06,0.340201,0.000654,0.484557,0.0,0.417832,0.0,0.41917,0.0,0.406516,0.0,0.49491,0.006772,0.470132,0.0,0.486635,0.0,0.470807,1
89,0.0,0.449012,0.0,0.436661,0.0,0.493843,0.875147,0.723516,0.92606,0.722916,0.0,0.376842,0.92606,0.722916,0.0,0.363518,0.0,0.386787,0.0,0.325682,0.0,0.357875,0.03199,0.364523,0.0,0.355737,0.0,0.357935,0.0,0.453136,0.0,0.478539,0.0,0.370606,0.992017,0.732281,0.994875,0.731848,0.0,0.378872,0.994875,0.731848,0.000109,0.4771,9.8e-05,0.488603,1.0,0.863239,0.066258,0.561354,0.012301,0.538902,0.011192,0.5387,0.023301,0.544594,0.0,0.454789,0.0,0.457869,0.0,0.429016,0.0,0.43844,0.006772,0.447286,0.0,0.444397,0.0,0.446277,1
90,0.0,0.42127,0.0,0.407173,0.333333,0.577503,0.874958,0.744061,0.925915,0.749742,1.1e-05,0.373073,0.925915,0.749742,0.0,0.341648,0.0,0.360864,0.0,0.273715,0.0,0.33611,0.03199,0.346586,0.0,0.335281,0.0,0.336649,0.0,0.426942,0.0,0.427861,0.0,0.417815,0.992398,0.774597,0.995149,0.775769,9e-06,0.374444,0.995149,0.775769,0.515411,0.754522,0.585059,0.820629,0.666667,0.759863,0.685847,0.835542,0.489338,0.79671,0.810684,0.841041,0.487633,0.794741,0.0,0.40701,0.0,0.407993,0.333333,0.56419,0.001402,0.375407,0.006022,0.387545,2e-06,0.388878,0.001029,0.386738,1
91,0.000362,0.350757,0.000313,0.337084,1.0,0.730942,0.864969,0.727753,0.916339,0.741544,0.016291,0.353959,0.916339,0.741544,0.0,0.314888,0.0,0.330703,0.0,0.228508,0.0,0.310726,0.03199,0.324541,0.0,0.311479,0.0,0.311189,0.000375,0.356544,0.000417,0.327339,1.0,0.680566,1.0,0.799444,1.0,0.800608,0.005019,0.348733,1.0,0.800608,0.866191,0.820528,0.984364,0.92296,0.333333,0.667533,1.0,0.863812,1.0,0.952178,0.884874,0.737135,1.0,0.952045,3.8e-05,0.328959,3.3e-05,0.325722,1.0,0.807078,0.020645,0.278189,0.006964,0.288765,0.000519,0.296708,0.021843,0.297448,1
92,0.4519,0.392495,0.459986,0.376783,0.666667,0.623629,0.897156,0.683362,0.925874,0.688999,0.142895,0.349733,0.925874,0.688999,0.0,0.30961,0.0,0.328375,0.0,0.178332,0.0,0.283538,0.03199,0.302412,0.0,0.289213,0.0,0.281524,0.460567,0.435035,0.683323,0.455059,0.666667,0.53739,0.916495,0.705512,0.914403,0.704202,0.190361,0.367225,0.914403,0.704202,0.703593,0.575542,0.52322,0.609571,0.333333,0.455355,0.752162,0.6302,0.588307,0.704137,0.875832,0.501746,0.586932,0.704853,0.450276,0.422186,0.492823,0.421883,0.333333,0.618576,0.764691,0.427136,0.703116,0.441551,0.605116,0.419406,0.701092,0.447848,1
93,0.053437,0.493477,0.084364,0.480162,0.666667,0.665581,0.907369,0.792004,0.935781,0.796162,0.125989,0.393289,0.935781,0.796162,0.0,0.331693,0.0,0.347922,0.0,0.24611,0.0,0.329661,0.03199,0.344892,0.0,0.330918,0.0,0.330018,0.127321,0.505624,0.179731,0.532233,0.333333,0.610881,0.909401,0.80146,0.910167,0.803554,0.183077,0.406791,0.910167,0.803554,0.013294,0.444927,0.012946,0.419943,0.0,0.77721,0.178181,0.414649,0.067916,0.442416,0.074811,0.397938,0.064843,0.441125,0.233271,0.4748,0.206416,0.479056,0.333333,0.639928,0.764527,0.492269,0.702974,0.504155,0.604854,0.486457,0.700949,0.506385,1
94,4.5e-05,0.445775,3.9e-05,0.422682,1.0,0.750062,0.875595,0.819728,0.926391,0.832526,8.5e-05,0.393348,0.926391,0.832526,0.0,0.385365,0.0,0.407618,0.0,0.285377,0.0,0.367928,0.03199,0.382679,0.0,0.369684,0.0,0.367547,6.4e-05,0.461201,7.6e-05,0.447642,1.0,0.743844,0.992884,0.88224,0.99549,0.883646,9.1e-05,0.395907,0.99549,0.883646,1e-06,0.340209,1e-06,0.346445,1.0,0.857776,0.001487,0.30264,0.002808,0.404128,5e-06,0.255472,0.000634,0.403481,4.6e-05,0.427137,4e-05,0.428849,1.0,0.844318,0.013184,0.334326,0.007572,0.352787,0.000212,0.359155,0.012038,0.357211,1
95,0.0,0.463342,0.0,0.447717,0.0,0.450548,0.875147,0.805018,0.92606,0.810477,0.0,0.403822,0.92606,0.810477,0.0,0.374279,0.0,0.39531,0.0,0.300959,0.0,0.367002,0.03199,0.378015,0.0,0.366185,0.0,0.367555,0.0,0.468996,0.0,0.469827,0.0,0.435495,0.992017,0.836252,0.994875,0.837612,0.0,0.405043,0.994875,0.837612,0.0,0.29992,0.0,0.290979,0.0,0.374675,0.0,0.258237,0.003327,0.340305,0.0,0.228462,0.0,0.338372,0.0,0.446845,0.0,0.447825,0.0,0.404795,0.0,0.408751,0.006772,0.42448,0.0,0.424912,0.0,0.422351,1
96,0.0,0.511922,0.0,0.504041,0.0,0.429812,0.875147,0.81448,0.92606,0.814213,0.0,0.425896,0.92606,0.814213,0.0,0.375915,0.0,0.396229,0.0,0.323731,0.0,0.37741,0.03199,0.385947,0.0,0.374617,0.0,0.378739,0.0,0.495917,0.0,0.513847,0.0,0.402808,0.992017,0.827199,0.994875,0.828318,0.0,0.422307,0.994875,0.828318,0.0,0.331225,0.0,0.311078,0.0,0.281925,0.0,0.283007,0.003327,0.347374,0.0,0.271601,0.0,0.345004,0.0,0.478035,0.0,0.481348,0.0,0.298574,0.0,0.485186,0.006772,0.492076,0.0,0.486975,0.0,0.489172,1
97,0.0,0.481682,0.0,0.46401,0.0,0.576602,0.875147,0.802634,0.92606,0.801604,0.0,0.442217,0.92606,0.801604,0.0,0.397634,0.0,0.421499,0.0,0.326529,0.0,0.382073,0.03199,0.389782,0.0,0.379565,0.0,0.383018,0.0,0.488726,0.0,0.492176,0.0,0.56658,0.992017,0.83025,0.994875,0.828812,0.0,0.432487,0.994875,0.828812,0.0,0.3549,0.0,0.353659,0.666667,0.571882,0.002004,0.369818,0.003327,0.442996,1e-05,0.311921,0.000917,0.441791,0.0,0.469356,0.0,0.470023,0.0,0.566294,0.0,0.488938,0.006772,0.480989,0.0,0.47622,0.0,0.480939,1
98,0.0,0.56881,0.0,0.570458,0.0,0.658449,0.875147,0.793809,0.92606,0.78819,0.0,0.437771,0.92606,0.78819,0.0,0.363186,0.0,0.382379,0.0,0.316755,0.0,0.368315,0.03199,0.376359,0.0,0.36517,0.0,0.369776,0.0,0.518767,0.0,0.561437,0.0,0.573391,0.992017,0.793723,0.994875,0.794212,0.0,0.426099,0.994875,0.794212,0.000216,0.539259,0.000197,0.507442,1.0,0.665242,0.313246,0.529182,0.108134,0.513064,0.234475,0.538391,0.105157,0.511298,0.0,0.499205,0.0,0.509244,0.0,0.386381,0.0,0.527165,0.006772,0.528041,0.0,0.515532,0.0,0.525826,1
99,2e-06,0.352546,3e-06,0.339263,1.0,0.893935,0.875917,0.60326,0.926633,0.601338,0.000113,0.375537,0.926633,0.601338,0.0,0.291843,0.0,0.309353,0.0,0.221411,0.0,0.281184,0.03199,0.289146,0.0,0.27982,0.0,0.28168,0.0,0.359617,1e-06,0.363027,0.666667,0.776794,0.991469,0.634115,0.994475,0.632479,3e-05,0.351708,0.994475,0.632479,0.586971,0.725534,0.55561,0.721679,0.666667,0.537585,0.646943,0.689591,0.427643,0.697888,0.77275,0.692391,0.425733,0.697624,0.0,0.343993,0.0,0.344914,0.333333,0.707582,0.003171,0.449602,0.00732,0.409231,1.2e-05,0.391398,0.002527,0.40925,1
100,0.003355,0.478416,0.002849,0.488089,1.0,0.8564,0.807251,0.585911,0.848307,0.577602,0.204805,0.482051,0.848307,0.577602,0.0,0.304589,0.0,0.321681,0.0,0.236403,0.0,0.301304,0.03199,0.311228,0.0,0.300653,0.0,0.301687,0.001241,0.422489,0.001365,0.468862,1.0,0.848241,0.955336,0.64762,0.955083,0.64463,0.100626,0.412444,0.955083,0.64463,0.885938,0.954608,0.940939,1.0,0.333333,0.470713,0.929493,0.93008,0.861556,1.0,0.972191,0.870668,0.861094,1.0,0.000161,0.402033,0.000136,0.413986,1.0,0.940567,0.390439,0.672026,0.24332,0.577976,0.173353,0.521192,0.238161,0.577382,1
101,0.833507,0.948452,0.964882,1.0,0.666667,0.773999,0.874308,0.729469,0.888395,0.705031,0.304295,0.547882,0.888395,0.705031,0.0,0.347993,0.0,0.366801,0.0,0.27706,0.0,0.349245,0.03199,0.36203,0.0,0.349529,0.0,0.3494,0.471921,0.719779,0.766064,0.904564,0.666667,0.761954,0.91895,0.730123,0.916091,0.726881,0.191278,0.47671,0.916091,0.726881,0.478199,0.915093,0.450783,0.923488,0.333333,0.56049,0.737405,1.0,0.54242,0.973563,0.907161,1.0,0.540893,0.972494,0.4576,0.67411,0.54879,0.729364,0.333333,0.690784,0.695812,0.781582,0.625985,0.749391,0.505013,0.675141,0.623435,0.750236,1
102,0.022373,0.715091,0.03341,0.745027,0.0,0.688446,0.940026,0.650174,0.966774,0.632886,0.076003,0.409895,0.966774,0.632886,0.0,0.29459,0.0,0.312492,0.0,0.209071,0.0,0.281599,0.03199,0.29289,0.0,0.282494,0.0,0.281271,0.022446,0.569268,0.030565,0.697162,0.0,0.619369,0.955336,0.629466,0.955083,0.626459,0.100626,0.380063,0.955083,0.626459,0.000259,0.535093,0.000222,0.516337,1.0,0.567359,0.015028,0.689935,0.003503,0.624204,0.000583,0.701169,0.007651,0.624217,0.046944,0.532391,0.044156,0.572853,0.0,0.521225,0.575986,0.5729,0.390194,0.558549,0.371679,0.515837,0.386036,0.560391,1
103,2.1e-05,0.364932,2e-05,0.357699,1.0,0.455435,0.875223,0.677805,0.926113,0.678634,4.6e-05,0.366256,0.926113,0.678634,0.0,0.298061,0.0,0.313782,0.0,0.233784,0.0,0.309988,0.03199,0.323516,0.0,0.311167,0.0,0.309652,1.3e-05,0.367705,2e-05,0.36713,1.0,0.434029,0.991469,0.696559,0.994475,0.698626,3e-05,0.355273,0.994475,0.698626,0.0,0.546933,0.0,0.556121,0.333333,0.866621,0.000874,0.494555,0.003072,0.523171,2e-06,0.461188,0.00034,0.52398,1.1e-05,0.361122,1e-05,0.361108,1.0,0.420444,0.006185,0.46804,0.006981,0.433985,4.7e-05,0.41911,0.005235,0.431732,1
104,0.0,0.508079,0.0,0.502066,0.0,0.360287,0.875147,0.755924,0.92606,0.758058,0.0,0.391535,0.92606,0.758058,0.0,0.352628,0.0,0.373174,0.0,0.274243,0.0,0.3418,0.03199,0.352822,0.0,0.341605,0.0,0.342005,0.0,0.48345,0.0,0.512497,0.0,0.311284,0.992017,0.781539,0.994875,0.781963,0.0,0.387095,0.994875,0.781963,5e-06,0.388664,5e-06,0.377291,1.0,0.826455,0.005478,0.558496,0.003738,0.504338,7.7e-05,0.528855,0.002683,0.504295,0.0,0.456845,0.0,0.467512,0.0,0.235412,0.0,0.416572,0.006772,0.431576,0.0,0.422373,0.0,0.429873,1
105,0.0,0.397353,0.0,0.383694,0.0,0.325954,0.875147,0.709065,0.92606,0.714695,0.0,0.355203,0.92606,0.714695,0.0,0.323508,0.0,0.341794,0.0,0.251414,0.0,0.317676,0.03199,0.328206,0.0,0.317156,0.0,0.318037,0.0,0.403529,0.0,0.404641,0.0,0.301982,0.992017,0.737896,0.994875,0.739114,0.0,0.357063,0.994875,0.739114,0.006828,0.363154,0.008499,0.365194,0.0,0.267172,0.457942,0.632605,0.212616,0.497729,0.466424,0.591088,0.209988,0.496391,0.0,0.384494,0.0,0.385495,0.0,0.240786,0.0,0.351984,0.006772,0.366144,0.0,0.366337,0.0,0.363584,1
106,0.0,0.390853,0.0,0.372472,0.0,0.319531,0.875147,0.765613,0.92606,0.773025,0.0,0.378676,0.92606,0.773025,0.0,0.346813,0.0,0.365503,0.0,0.275794,0.0,0.344586,0.03199,0.355823,0.0,0.3438,0.0,0.345217,0.0,0.410792,0.0,0.396586,0.0,0.31879,0.992017,0.79774,0.994875,0.799651,0.0,0.383284,0.994875,0.799651,0.972036,0.801203,0.999655,0.820082,0.666667,0.572044,0.686785,0.629176,0.484153,0.579643,0.822564,0.630621,0.482432,0.57839,0.0,0.393826,0.0,0.389031,0.0,0.266378,0.0,0.364012,0.006772,0.379693,0.0,0.3856,0.0,0.376523,1
107,0.0,0.498589,0.0,0.476751,0.0,0.340418,0.875147,0.834757,0.92606,0.838685,0.0,0.414543,0.92606,0.838685,0.0,0.392621,0.0,0.4155,0.0,0.302481,0.0,0.358344,0.03199,0.366478,0.0,0.355964,0.0,0.359756,0.0,0.507767,0.0,0.510742,0.0,0.316714,0.992017,0.860664,0.994875,0.859658,0.0,0.423963,0.994875,0.859658,0.329538,0.639219,0.256988,0.634188,0.333333,0.754397,0.511871,0.459538,0.2757,0.470877,0.549525,0.462998,0.273283,0.469878,0.0,0.470102,0.0,0.472013,0.0,0.248475,0.0,0.381411,0.006772,0.41528,0.0,0.42497,0.0,0.413372,1
108,0.0,0.343598,0.0,0.325452,0.0,0.276192,0.875147,0.716663,0.92606,0.724425,0.0,0.357102,0.92606,0.724425,0.0,0.314319,0.0,0.330629,0.0,0.236794,0.0,0.314678,0.03199,0.326751,0.0,0.314469,0.0,0.315205,0.0,0.36525,0.0,0.34562,0.0,0.29384,0.992017,0.747739,0.994875,0.749768,0.0,0.361748,0.994875,0.749768,1.5e-05,0.174071,1.5e-05,0.153652,1.0,0.328621,0.004319,0.220512,0.003695,0.248309,4.8e-05,0.181567,0.002121,0.246255,0.0,0.350993,0.0,0.343754,0.0,0.22694,0.0,0.330423,0.006772,0.344632,0.0,0.352045,0.0,0.340891,1
109,0.0,0.336664,0.0,0.32127,0.0,0.252902,0.875147,0.604502,0.92606,0.608689,0.0,0.304419,0.92606,0.608689,0.0,0.270055,0.0,0.286053,0.0,0.18457,0.0,0.242956,0.03199,0.250723,0.0,0.241735,0.0,0.243717,0.0,0.345737,0.0,0.348292,0.0,0.226056,0.992017,0.62589,0.994875,0.625152,0.0,0.311213,0.994875,0.625152,0.0,0.184056,0.0,0.172688,0.0,0.163528,0.0,0.095456,0.003327,0.165286,0.0,0.094158,0.0,0.163451,0.0,0.319403,0.0,0.320992,0.0,0.136102,0.0,0.268822,0.006772,0.290747,0.0,0.296887,0.0,0.288231,1
110,0.0,0.410567,0.0,0.396371,0.0,0.333274,0.875147,0.731896,0.92606,0.737498,0.0,0.368746,0.92606,0.737498,0.0,0.335296,0.0,0.354014,0.0,0.261463,0.0,0.330001,0.03199,0.340905,0.0,0.329529,0.0,0.330409,0.0,0.417181,0.0,0.416954,0.0,0.312721,0.992017,0.761239,0.994875,0.762556,0.0,0.370531,0.994875,0.762556,0.0,0.246085,0.0,0.236627,0.0,0.272163,0.0,0.207079,0.003327,0.28498,0.0,0.181282,0.0,0.283061,0.0,0.397879,0.0,0.398325,0.0,0.253121,0.0,0.36448,0.006772,0.379691,0.0,0.380527,0.0,0.377105,1
111,0.0,0.38722,0.0,0.378074,0.0,0.360246,0.875147,0.712082,0.92606,0.719776,0.0,0.354812,0.92606,0.719776,0.0,0.325258,0.0,0.34308,0.0,0.277475,0.0,0.353401,0.03199,0.366372,0.0,0.353888,0.0,0.352981,0.0,0.390705,0.0,0.39059,0.0,0.338909,0.992017,0.747027,0.994875,0.750376,0.0,0.351775,0.994875,0.750376,0.0,0.257482,0.0,0.250668,0.0,0.301864,0.0,0.268094,0.003327,0.336101,0.0,0.224165,0.0,0.334127,0.0,0.384977,0.0,0.385266,0.0,0.294457,0.0,0.374854,0.006772,0.380935,0.0,0.374642,0.0,0.378171,1
112,0.0,0.38786,0.0,0.379305,0.0,0.38243,0.875147,0.625264,0.92606,0.629027,0.0,0.309897,0.92606,0.629027,0.0,0.305211,0.0,0.324634,0.0,0.295796,0.0,0.298292,0.03199,0.303473,0.0,0.295683,0.0,0.298611,0.0,0.388271,0.0,0.408168,0.0,0.277758,0.992017,0.648357,0.994875,0.648819,0.0,0.310824,0.994875,0.648819,0.0,0.332981,0.0,0.322122,0.0,0.391601,0.0,0.266758,0.003327,0.32979,0.0,0.261082,0.0,0.328661,0.0,0.371836,0.0,0.380679,0.0,0.223696,0.0,0.33422,0.006772,0.347771,0.0,0.342179,0.0,0.346345,1
113,0.0,0.340869,0.0,0.336634,0.0,0.385375,0.875147,0.653616,0.92606,0.663769,0.0,0.325691,0.92606,0.663769,0.0,0.300156,0.0,0.316355,0.0,0.300018,0.0,0.384636,0.03199,0.398971,0.0,0.385376,0.0,0.383363,0.0,0.342641,0.0,0.342042,0.0,0.367606,0.992017,0.694876,0.994875,0.699991,0.0,0.318715,0.994875,0.699991,0.0,0.293929,0.0,0.292237,0.666667,0.566024,0.002004,0.407963,0.003327,0.414991,1e-05,0.325769,0.000917,0.413104,0.0,0.351088,0.0,0.350785,0.0,0.333348,0.0,0.361602,0.006772,0.359249,0.0,0.345614,0.0,0.356338,1
114,0.0,0.335431,0.0,0.326622,0.0,0.470304,0.875147,0.57494,0.92606,0.579156,0.0,0.287825,0.92606,0.579156,0.0,0.278008,0.0,0.295636,0.0,0.407028,0.0,0.276794,0.03199,0.279429,0.0,0.272238,0.0,0.277433,0.0,0.341685,0.0,0.355689,0.0,0.286458,0.992017,0.596082,0.994875,0.596719,0.0,0.289933,0.994875,0.596719,0.000216,0.379947,0.000197,0.360912,1.0,0.775843,0.313246,0.493299,0.108134,0.408939,0.234475,0.45009,0.105157,0.407837,0.0,0.329416,0.0,0.33576,0.0,0.230588,0.0,0.301802,0.006772,0.313659,0.0,0.310401,0.0,0.311846,1
115,1e-06,0.416642,1e-06,0.401914,1.0,0.908234,0.875511,0.73608,0.926336,0.741232,1.6e-05,0.368464,0.926336,0.741232,3e-06,0.336719,4e-06,0.355714,1.0,0.912463,0.02121,0.386883,0.027498,0.381516,0.000491,0.372982,0.025213,0.388783,0.0,0.422966,0.0,0.424071,0.333333,0.536045,0.991827,0.763817,0.994735,0.76505,2.4e-05,0.370961,0.994735,0.76505,0.587111,0.779214,0.55561,0.754358,0.666667,0.804827,0.647035,0.757421,0.427912,0.696707,0.772668,0.775658,0.426003,0.695793,0.0,0.40134,0.0,0.402404,0.333333,0.542259,0.001614,0.368592,0.006177,0.380738,3e-06,0.381709,0.001116,0.379505,1
116,0.000476,0.416429,0.0004,0.397103,1.0,0.965912,0.826255,0.787658,0.882012,0.800644,0.054659,0.435108,0.882012,0.800644,0.006963,0.307885,0.004725,0.319046,1.0,1.0,0.972248,0.738917,0.970153,0.737047,0.940773,0.718135,0.969166,0.741096,0.000846,0.410694,0.000948,0.380917,1.0,0.813982,0.980812,0.862828,0.983039,0.864876,0.028889,0.422651,0.983039,0.864876,0.885925,0.924549,0.949518,0.951264,0.333333,0.722885,0.933289,0.905071,0.899028,0.941861,0.878237,0.814116,0.898691,0.941319,6.8e-05,0.378039,6.1e-05,0.366171,1.0,0.899551,0.291036,0.477973,0.178764,0.43904,0.096654,0.408739,0.173164,0.437246,1
117,0.37215,0.526006,0.407547,0.500969,0.666667,0.704745,0.894457,0.774773,0.92606,0.771902,0.123887,0.448368,0.92606,0.771902,0.937729,0.438141,1.0,0.467959,0.333333,0.742835,1.0,0.747001,0.973898,0.719894,1.0,0.714058,0.977299,0.753476,0.527147,0.555074,0.779625,0.586394,0.666667,0.659496,0.918006,0.788568,0.915441,0.781835,0.190934,0.46208,0.915441,0.781835,0.376366,0.72174,0.340553,0.744739,0.333333,0.833883,0.745838,0.744771,0.595394,0.784253,0.837143,0.642322,0.594044,0.786068,0.67767,0.510864,0.788979,0.52671,0.333333,0.700999,0.867189,0.649726,0.827966,0.612341,0.766966,0.594421,0.826793,0.612461,1
118,0.029709,0.611322,0.031777,0.594533,0.333333,0.936177,0.941168,1.0,0.970108,1.0,0.054659,0.525352,0.970108,1.0,0.015262,0.569081,0.009811,0.607604,1.0,0.913054,0.2351,0.58673,0.029847,0.575708,0.060579,0.569444,0.29237,0.589587,0.056764,0.648904,0.07827,0.684345,0.0,0.837371,0.929451,1.0,0.927127,1.0,0.167266,0.542953,0.927127,1.0,0.001433,0.53275,0.001932,0.513123,1.0,0.939836,0.07606,0.630793,0.019543,0.6295,0.014481,0.592943,0.030235,0.628905,0.113325,0.645153,0.126637,0.66105,0.333333,0.84091,0.816957,0.680067,0.6524,0.679557,0.720912,0.684279,0.65003,0.681974,1
119,1.2e-05,0.376634,1.1e-05,0.354841,1.0,0.717725,0.874788,0.627896,0.925785,0.634321,1.6e-05,0.340885,0.925785,0.634321,1.5e-05,0.283551,1.4e-05,0.300243,1.0,0.665433,0.009429,0.330736,0.030593,0.353553,9.7e-05,0.337507,0.010163,0.327007,2.3e-05,0.383022,2.8e-05,0.382015,1.0,0.722444,0.992013,0.680075,0.994866,0.677379,4.6e-05,0.334748,0.994866,0.677379,1e-06,0.301421,2e-06,0.301681,1.0,0.923373,0.001922,0.256428,0.003341,0.317312,1e-05,0.225402,0.000824,0.315382,2.1e-05,0.327383,1.9e-05,0.32778,1.0,0.748831,0.010028,0.263288,0.003793,0.275986,0.000121,0.268693,0.008862,0.279217,1
120,0.0,0.36108,0.0,0.348826,0.0,0.283816,0.875147,0.64776,0.92606,0.653005,0.0,0.342743,0.92606,0.653005,0.0,0.306254,0.0,0.324241,0.0,0.204382,0.0,0.303497,0.03199,0.314286,0.0,0.303818,0.0,0.30339,0.0,0.370686,0.0,0.373659,0.0,0.258163,0.992017,0.673033,0.994875,0.674163,0.0,0.345662,0.994875,0.674163,5e-06,0.212006,5e-06,0.200496,1.0,0.909614,0.006503,0.262681,0.003818,0.280517,0.000109,0.236566,0.003115,0.28077,0.0,0.356395,0.0,0.358118,0.0,0.193819,0.0,0.331125,0.006772,0.346086,0.0,0.345924,0.0,0.341894,1
121,0.0,0.301484,0.0,0.300859,0.0,0.260301,0.875147,0.615988,0.92606,0.624256,0.0,0.286695,0.92606,0.624256,0.0,0.282687,0.0,0.298457,0.0,0.196961,0.0,0.251147,0.03199,0.256841,0.0,0.248915,0.0,0.252276,0.0,0.306236,0.0,0.30813,0.0,0.227631,0.992017,0.630598,0.994875,0.637517,0.0,0.289917,0.994875,0.637517,0.007334,0.081669,0.009772,0.067017,0.0,0.48051,0.455062,0.345566,0.212739,0.281807,0.45955,0.306229,0.210111,0.281281,0.0,0.335451,0.0,0.336106,0.0,0.16816,0.0,0.325418,0.006772,0.336273,0.0,0.340531,0.0,0.333663,1
122,0.0,0.0,0.0,0.0,0.0,0.0,0.875147,0.0,0.92606,0.0,0.0,0.0,0.92606,0.0,0.0,0.0,0.0,0.0,0.0,0.0,0.0,0.0,0.03199,0.0,0.0,0.0,0.0,0.0,0.0,0.0,0.0,0.0,0.0,0.0,0.992017,0.0,0.994875,0.0,0.0,0.0,0.994875,0.0,0.94417,0.0,1.0,0.0,0.666667,0.114751,0.64213,0.062734,0.430305,0.0,0.752869,0.057043,0.428403,0.0,0.0,0.0,0.0,0.0,0.0,0.0,0.0,0.0,0.006772,0.0,0.0,0.0,0.0,0.0,1
123,0.0,0.07222,0.0,0.100702,0.0,0.144925,0.875147,0.345197,0.92606,0.35946,0.0,0.121297,0.92606,0.35946,0.0,0.181986,0.0,0.192281,0.0,0.087738,0.0,0.142379,0.03199,0.144395,0.0,0.140739,0.0,0.143146,0.0,0.075345,0.0,0.078478,0.0,0.105506,0.992017,0.34069,0.994875,0.358761,0.0,0.124327,0.994875,0.358761,0.271177,0.156511,0.237766,0.146791,0.333333,0.629129,0.453138,0.0914,0.222066,0.109944,0.448223,0.092433,0.219469,0.110612,0.0,0.209318,0.0,0.209297,0.0,0.046184,0.0,0.219305,0.006772,0.22484,0.0,0.229276,0.0,0.222236,1
124,0.0,0.32881,0.0,0.317111,0.0,0.541423,0.875147,0.274901,0.92606,0.264318,0.0,0.472733,0.92606,0.264318,0.0,0.283769,0.0,0.300342,0.0,0.192528,0.0,0.284282,0.03199,0.295144,0.0,0.284955,0.0,0.283854,0.0,0.339518,0.0,0.340867,0.0,0.49443,0.992017,0.252382,0.994875,0.252108,0.0,0.476064,0.994875,0.252108,2.7e-05,0.214438,2.6e-05,0.197091,1.0,0.713223,0.006475,0.178986,0.003952,0.229459,0.000108,0.157867,0.003101,0.228924,0.0,0.326297,0.0,0.327231,0.0,0.147612,0.0,0.307234,0.006772,0.321308,0.0,0.322036,0.0,0.317277,1
