segment_idx,m1_speed_psd_peak_baseband,m1_speed_psd_peak_original_bits,m1_speed_psd_peak_fsk_recovered,m1_speed_psd_mean_energy_baseband,m1_speed_psd_mean_energy_original_bits,m1_speed_psd_mean_energy_fsk_recovered,m1_speed_psd_peak_freq_baseband,m1_speed_psd_peak_freq_original_bits,m1_speed_psd_peak_freq_fsk_recovered,m1_speed_rms_baseband,m1_speed_rms_original_bits,m1_speed_rms_fsk_recovered,m1_speed_mean_baseband,m1_speed_mean_original_bits,m1_speed_mean_fsk_recovered,m1_speed_variance_baseband,m1_speed_variance_original_bits,m1_speed_variance_fsk_recovered,m1_speed_fft_peak_baseband,m1_speed_fft_peak_original_bits,m1_speed_fft_peak_fsk_recovered,m2_speed_psd_peak_baseband,m2_speed_psd_peak_original_bits,m2_speed_psd_peak_fsk_recovered,m2_speed_psd_mean_energy_baseband,m2_speed_psd_mean_energy_original_bits,m2_speed_psd_mean_energy_fsk_recovered,m2_speed_psd_peak_freq_baseband,m2_speed_psd_peak_freq_original_bits,m2_speed_psd_peak_freq_fsk_recovered,m2_speed_rms_baseband,m2_speed_rms_original_bits,m2_speed_rms_fsk_recovered,m2_speed_mean_baseband,m2_speed_mean_original_bits,m2_speed_mean_fsk_recovered,m2_speed_variance_baseband,m2_speed_variance_original_bits,m2_speed_variance_fsk_recovered,m2_speed_fft_peak_baseband,m2_speed_fft_peak_original_bits,m2_speed_fft_peak_fsk_recovered,m3_speed_psd_peak_baseband,m3_speed_psd_peak_original_bits,m3_speed_psd_peak_fsk_recovered,m3_speed_psd_mean_energy_baseband,m3_speed_psd_mean_energy_original_bits,m3_speed_psd_mean_energy_fsk_recovered,m3_speed_psd_peak_freq_baseband,m3_speed_psd_peak_freq_original_bits,m3_speed_psd_peak_freq_fsk_recovered,m3_speed_rms_baseband,m3_speed_rms_original_bits,m3_speed_rms_fsk_recovered,m3_speed_mean_baseband,m3_speed_mean_original_bits,m3_speed_mean_fsk_recovered,m3_speed_variance_baseband,m3_speed_variance_original_bits,m3_speed_variance_fsk_recovered,m3_speed_fft_peak_baseband,m3_speed_fft_peak_original_bits,m3_speed_fft_peak_fsk_recovered,o8_compressor_psd_peak_baseband,o8_compressor_psd_peak_original_bits,o8_compressor_psd_peak_fsk_recovered,o8_compressor_psd_mean_energy_baseband,o8_compressor_psd_mean_energy_original_bits,o8_compressor_psd_mean_energy_fsk_recovered,o8_compressor_psd_peak_freq_baseband,o8_compressor_psd_peak_freq_original_bits,o8_compressor_psd_peak_freq_fsk_recovered,o8_compressor_rms_baseband,o8_compressor_rms_original_bits,o8_compressor_rms_fsk_recovered,o8_compressor_mean_baseband,o8_compressor_mean_original_bits,o8_compressor_mean_fsk_recovered,o8_compressor_variance_baseband,o8_compressor_variance_original_bits,o8_compressor_variance_fsk_recovered,o8_compressor_fft_peak_baseband,o8_compressor_fft_peak_original_bits,o8_compressor_fft_peak_fsk_recovered,current_task_duration_psd_peak_baseband,current_task_duration_psd_peak_original_bits,current_task_duration_psd_peak_fsk_recovered,current_task_duration_psd_mean_energy_baseband,current_task_duration_psd_mean_energy_original_bits,current_task_duration_psd_mean_energy_fsk_recovered,current_task_duration_psd_peak_freq_baseband,current_task_duration_psd_peak_freq_original_bits,current_task_duration_psd_peak_freq_fsk_recovered,current_task_duration_rms_baseband,current_task_duration_rms_original_bits,current_task_duration_rms_fsk_recovered,current_task_duration_mean_baseband,current_task_duration_mean_original_bits,current_task_duration_mean_fsk_recovered,current_task_duration_variance_baseband,current_task_duration_variance_original_bits,current_task_duration_variance_fsk_recovered,current_task_duration_fft_peak_baseband,current_task_duration_fft_peak_original_bits,current_task_duration_fft_peak_fsk_recovered,current_state_binary
0,0.002341,0,0,0.002053,0,0,1.0,1,0,0.0,0,0,0.0,0,0,0.613478,1,0,0.0,0,0,0.0,0,0,0.0,0,0,0.0,0,0,0.0,0,0,0.03199,0,0,0.0,0,0,0.0,0,0,0.002341,0,0,0.002612,0,0,1.0,1,0,0.0,0,0,0.0,0,0,0.613478,1,0,0.0,0,0,0.0,0,0,0.0,0,0,0.0,0,0,0.0,0,0,0.003327,0,0,0.0,0,0,0.0,0,0,0.0,0,0,0.0,0,0,0.0,0,0,0.0,0,0,0.006772,0,0,0.0,0,0,0.0,0,0,1
1,1.0,1,0,0.785987,1,0,0.333333,0,0,0.601486,1,0,0.555792,1,0,1.0,1,0,0.555792,1,0,0.0,0,0,0.0,0,0,0.0,0,0,0.0,0,0,0.03199,0,0,0.0,0,0,0.0,0,0,1.0,1,0,1.0,1,0,0.333333,0,0,0.68181,1,0,0.597093,1,0,1.0,1,0,0.597093,1,0,0.0,0,0,0.0,0,0,0.0,0,0,0.0,0,0,0.003327,0,0,0.0,0,0,0.0,0,0,0.0,0,0,0.0,0,0,0.0,0,0,0.0,0,0,0.006772,0,0,0.0,0,0,0.0,0,0,1
2,0.000334,0,0,0.000285,0,0,1.0,1,0,0.875311,1,0,0.926128,1,0,0.000475,0,0,0.926128,1,0,0.0,0,0,0.0,0,0,0.0,0,0,0.0,0,0,0.03199,0,0,0.0,0,0,0.0,0,0,0.000334,0,0,0.000363,0,0,1.0,1,0,0.992203,1,0,0.994948,1,0,0.000475,0,0,0.994948,1,0,0.0,0,0,0.0,0,0,0.0,0,0,0.0,0,0,0.003327,0,0,0.0,0,0,0.0,0,0,0.0,0,0,0.0,0,0,0.0,0,0,0.0,0,0,0.006772,0,0,0.0,0,0,0.0,0,0,1
3,0.0,0,1,0.0,0,1,0.333333,0,1,0.875276,1,1,0.926158,1,1,1e-06,0,1,0.926158,1,1,0.0,0,1,0.0,0,1,0.0,0,1,0.0,0,1,0.03199,0,1,0.0,0,1,0.0,0,1,0.0,0,1,0.0,0,1,0.333333,0,1,0.992163,1,1,0.994981,1,1,1e-06,0,1,0.994981,1,1,0.0,0,1,0.0,0,1,0.0,0,1,0.0,0,1,0.003327,0,1,0.0,0,1,0.0,0,1,0.0,0,1,0.0,0,1,0.0,0,1,0.0,0,1,0.006772,0,1,0.0,0,1,0.0,0,1,1
4,0.0,0,1,0.0,0,1,0.0,0,1,0.875147,1,1,0.92606,1,1,0.0,0,1,0.92606,1,1,0.0,0,1,0.0,0,1,0.0,0,1,0.0,0,1,0.03199,0,1,0.0,0,1,0.0,0,1,0.0,0,1,0.0,0,1,0.0,0,1,0.992017,1,1,0.994875,1,1,0.0,0,1,0.994875,1,1,0.0,0,1,0.0,0,1,0.0,0,1,0.0,0,1,0.003327,0,1,0.0,0,1,0.0,0,1,0.0,0,1,0.0,0,1,0.0,0,1,0.0,0,1,0.006772,0,1,0.0,0,1,0.0,0,1,1
5,0.0,0,0,0.0,0,0,0.0,0,0,0.875147,1,0,0.92606,1,0,0.0,0,0,0.92606,1,0,0.0,0,0,0.0,0,0,0.0,0,0,0.0,0,0,0.03199,0,0,0.0,0,0,0.0,0,0,0.0,0,0,0.0,0,0,0.0,0,0,0.992017,1,0,0.994875,1,0,0.0,0,0,0.994875,1,0,0.0,0,0,0.0,0,0,0.0,0,0,0.0,0,0,0.003327,0,0,0.0,0,0,0.0,0,0,0.0,0,0,0.0,0,0,0.0,0,0,0.0,0,0,0.006772,0,0,0.0,0,0,0.0,0,0,1
6,0.0,0,0,0.0,0,0,0.0,0,0,0.875147,1,0,0.92606,1,0,0.0,0,0,0.92606,1,0,0.0,0,0,0.0,0,0,0.0,0,0,0.0,0,0,0.03199,0,0,0.0,0,0,0.0,0,0,0.0,0,0,0.0,0,0,0.0,0,0,0.992017,1,0,0.994875,1,0,0.0,0,0,0.994875,1,0,0.0,0,0,0.0,0,0,0.0,0,0,0.0,0,0,0.003327,0,0,0.0,0,0,0.0,0,0,0.0,0,0,0.0,0,0,0.0,0,0,0.0,0,0,0.006772,0,0,0.0,0,0,0.0,0,0,1
7,0.0,0,1,0.0,0,1,0.0,0,1,0.875147,1,1,0.92606,1,1,0.0,0,1,0.92606,1,1,0.0,0,1,0.0,0,1,0.0,0,1,0.0,0,1,0.03199,0,1,0.0,0,1,0.0,0,1,0.0,0,1,0.0,0,1,0.0,0,1,0.992017,1,1,0.994875,1,1,0.0,0,1,0.994875,1,1,0.0,0,1,0.0,0,1,0.0,0,1,0.0,0,1,0.003327,0,1,0.0,0,1,0.0,0,1,0.0,0,1,0.0,0,1,0.0,0,1,0.0,0,1,0.006772,0,1,0.0,0,1,0.0,0,1,1
8,0.0,0,0,0.0,0,0,0.0,0,0,0.875147,1,0,0.92606,1,0,0.0,0,0,0.92606,1,0,0.0,0,0,0.0,0,0,0.0,0,0,0.0,0,0,0.03199,0,0,0.0,0,0,0.0,0,0,0.0,0,0,0.0,0,0,0.0,0,0,0.992017,1,0,0.994875,1,0,0.0,0,0,0.994875,1,0,0.0,0,0,0.0,0,0,0.0,0,0,0.0,0,0,0.003327,0,0,0.0,0,0,0.0,0,0,0.0,0,0,0.0,0,0,0.0,0,0,0.0,0,0,0.006772,0,0,0.0,0,0,0.0,0,0,1
9,0.0,0,0,0.0,0,0,0.0,0,0,0.875147,1,0,0.92606,1,0,0.0,0,0,0.92606,1,0,0.0,0,0,0.0,0,0,0.0,0,0,0.0,0,0,0.03199,0,0,0.0,0,0,0.0,0,0,0.0,0,0,0.0,0,0,0.0,0,0,0.992017,1,0,0.994875,1,0,0.0,0,0,0.994875,1,0,1e-06,0,0,1e-06,0,0,1.0,1,0,0.003371,0,0,0.002487,0,0,2.8e-05,0,0,0.001592,0,0,0.0,0,0,0.0,0,0,0.0,0,0,0.0,0,0,0.006772,0,0,0.0,0,0,0.0,0,0,1
10,0.0,0,1,0.0,0,1,0.0,0,1,0.875147,1,1,0.92606,1,1,0.0,0,1,0.92606,1,1,0.0,0,1,0.0,0,1,0.0,0,1,0.0,0,1,0.03199,0,1,0.0,0,1,0.0,0,1,0.0,0,1,0.0,0,1,0.0,0,1,0.992017,1,1,0.994875,1,1,0.0,0,1,0.994875,1,1,0.00045,0,1,0.000418,0,1,1.0,1,1,0.45221,0,1,0.210143,0,1,0.454717,0,1,0.207507,0,1,0.0,0,1,0.0,0,1,0.0,0,1,0.0,0,1,0.006772,0,1,0.0,0,1,0.0,0,1,1
11,3e-06,0,1,3e-06,0,1,1.0,1,1,0.874963,1,1,0.925915,1,1,3.8e-05,0,1,0.925915,1,1,1.5e-05,0,1,1.5e-05,0,1,1.0,1,1,0.028204,0,1,0.028917,0,1,0.000871,0,1,0.034519,0,1,2e-06,0,1,3e-06,0,1,1.0,1,1,0.992967,1,1,0.99555,1,1,9e-05,0,1,0.99555,1,1,0.715466,1,1,0.700753,1,1,0.666667,1,1,0.650206,1,1,0.444339,0,1,0.759007,1,1,0.442485,0,1,0.0,0,1,0.0,0,1,0.333333,0,1,0.002427,0,1,0.007001,0,1,7e-06,0,1,0.001882,0,1,1
12,0.001151,0,1,0.000981,0,1,1.0,1,1,0.908052,1,1,0.927441,1,1,0.200534,0,1,0.927441,1,1,0.015262,0,1,0.010749,0,1,1.0,1,1,0.988367,1,1,1.0,1,1,0.969252,1,1,1.0,1,1,0.002674,0,1,0.002871,0,1,1.0,1,1,0.91122,1,1,0.911436,1,1,0.183616,0,1,0.911436,1,1,0.856068,1,1,0.787785,1,1,0.333333,0,1,0.870453,1,1,0.759714,1,1,0.978662,1,1,0.758912,1,1,0.00015,0,1,0.000128,0,1,1.0,1,1,0.765335,1,1,0.619464,1,1,0.630565,1,1,0.616869,1,1,1
13,0.777667,1,1,0.999383,1,1,0.666667,1,1,0.967539,1,1,0.962913,1,1,0.294229,0,1,0.962913,1,1,0.922637,1,1,0.989515,1,1,0.333333,0,1,0.999849,1,1,0.973103,1,1,0.999832,1,1,0.973734,1,1,0.416793,0,1,0.644962,1,1,0.333333,0,1,0.916446,1,1,0.914369,1,1,0.190344,0,1,0.914369,1,1,0.474514,0,1,0.393508,0,1,0.333333,0,1,0.734526,1,1,0.526509,1,1,0.925077,1,1,0.524929,1,1,0.841185,1,1,0.81283,1,1,0.333333,0,1,0.895004,1,1,0.85827,1,1,0.815463,1,1,0.857304,1,1,1
14,0.020691,0,1,0.020111,0,1,0.0,0,1,0.936167,1,1,0.961718,1,1,0.094075,0,1,0.961718,1,1,0.006963,0,1,0.004678,0,1,1.0,1,1,0.15385,0,1,0.0,0,1,0.025832,0,1,0.203244,0,1,0.003969,0,1,0.004376,0,1,1.0,1,1,0.998279,1,1,0.998731,1,1,0.005213,0,1,0.998731,1,1,0.000127,0,1,0.000109,0,1,1.0,1,1,0.011154,0,1,0.003336,0,1,0.000321,0,1,0.005764,0,1,0.02084,0,1,0.018931,0,1,0.0,0,1,0.464047,0,1,0.247327,0,1,0.249566,0,1,0.284394,0,1,1
15,1.1e-05,0,0,1.3e-05,0,0,1.0,1,0,0.875585,1,0,0.926391,1,0,2.3e-05,0,0,0.926391,1,0,3e-06,0,0,4e-06,0,0,1.0,1,0,0.00668,0,0,0.029969,0,0,4.8e-05,0,0,0.006825,0,0,3e-06,0,0,6e-06,0,0,1.0,1,0,0.992361,1,0,0.995123,1,0,9e-06,0,0,0.995123,1,0,0.0,0,0,0.0,0,0,0.333333,0,0,0.000604,0,0,0.003185,0,0,1e-06,0,0,0.000189,0,0,8e-06,0,0,1e-05,0,0,1.0,1,0,0.006233,0,0,0.008292,0,0,4.7e-05,0,0,0.005216,0,0,1
16,0.0,0,0,0.0,0,0,0.0,0,0,0.875147,1,0,0.92606,1,0,0.0,0,0,0.92606,1,0,0.0,0,0,0.0,0,0,0.0,0,0,0.0,0,0,0.03199,0,0,0.0,0,0,0.0,0,0,0.0,0,0,0.0,0,0,0.0,0,0,0.992017,1,0,0.994875,1,0,0.0,0,0,0.994875,1,0,0.0,0,0,0.0,0,0,0.0,0,0,0.0,0,0,0.003327,0,0,0.0,0,0,0.0,0,0,0.0,0,0,0.0,0,0,0.0,0,0,0.0,0,0,0.006772,0,0,0.0,0,0,0.0,0,0,1
17,0.0,0,0,0.0,0,0,0.0,0,0,0.875147,1,0,0.92606,1,0,0.0,0,0,0.92606,1,0,0.0,0,0,0.0,0,0,0.0,0,0,0.0,0,0,0.03199,0,0,0.0,0,0,0.0,0,0,0.0,0,0,0.0,0,0,0.0,0,0,0.992017,1,0,0.994875,1,0,0.0,0,0,0.994875,1,0,0.0,0,0,0.0,0,0,0.0,0,0,0.0,0,0,0.003327,0,0,0.0,0,0,0.0,0,0,0.0,0,0,0.0,0,0,0.0,0,0,0.0,0,0,0.006772,0,0,0.0,0,0,0.0,0,0,1
18,0.0,0,1,0.0,0,1,0.0,0,1,0.875147,1,1,0.92606,1,1,0.0,0,1,0.92606,1,1,0.0,0,1,0.0,0,1,0.0,0,1,0.0,0,1,0.03199,0,1,0.0,0,1,0.0,0,1,0.0,0,1,0.0,0,1,0.0,0,1,0.992017,1,1,0.994875,1,1,0.0,0,1,0.994875,1,1,0.0,0,1,0.0,0,1,0.0,0,1,0.0,0,1,0.003327,0,1,0.0,0,1,0.0,0,1,0.0,0,1,0.0,0,1,0.0,0,1,0.0,0,1,0.006772,0,1,0.0,0,1,0.0,0,1,1
19,0.0,0,0,0.0,0,0,0.0,0,0,0.875147,1,0,0.92606,1,0,0.0,0,0,0.92606,1,0,0.0,0,0,0.0,0,0,0.0,0,0,0.0,0,0,0.03199,0,0,0.0,0,0,0.0,0,0,0.0,0,0,0.0,0,0,0.0,0,0,0.992017,1,0,0.994875,1,0,0.0,0,0,0.994875,1,0,0.0,0,0,0.0,0,0,0.0,0,0,0.0,0,0,0.003327,0,0,0.0,0,0,0.0,0,0,0.0,0,0,0.0,0,0,0.0,0,0,0.0,0,0,0.006772,0,0,0.0,0,0,0.0,0,0,1
20,0.0,0,1,0.0,0,1,0.0,0,1,0.875147,1,1,0.92606,1,1,0.0,0,1,0.92606,1,1,0.0,0,1,0.0,0,1,0.0,0,1,0.0,0,1,0.03199,0,1,0.0,0,1,0.0,0,1,0.0,0,1,0.0,0,1,0.0,0,1,0.992017,1,1,0.994875,1,1,0.0,0,1,0.994875,1,1,0.0,0,1,0.0,0,1,0.0,0,1,0.0,0,1,0.003327,0,1,0.0,0,1,0.0,0,1,0.0,0,1,0.0,0,1,0.0,0,1,0.0,0,1,0.006772,0,1,0.0,0,1,0.0,0,1,1
21,0.0,0,1,0.0,0,1,0.0,0,1,0.875147,1,1,0.92606,1,1,0.0,0,1,0.92606,1,1,0.0,0,1,0.0,0,1,0.0,0,1,0.0,0,1,0.03199,0,1,0.0,0,1,0.0,0,1,0.0,0,1,0.0,0,1,0.0,0,1,0.992017,1,1,0.994875,1,1,0.0,0,1,0.994875,1,1,0.0,0,1,0.0,0,1,0.0,0,1,0.0,0,1,0.003327,0,1,0.0,0,1,0.0,0,1,0.0,0,1,0.0,0,1,0.0,0,1,0.0,0,1,0.006772,0,1,0.0,0,1,0.0,0,1,1
22,0.0,0,1,0.0,0,1,0.0,0,1,0.875147,1,1,0.92606,1,1,0.0,0,1,0.92606,1,1,0.0,0,1,0.0,0,1,0.0,0,1,0.0,0,1,0.03199,0,1,0.0,0,1,0.0,0,1,0.0,0,1,0.0,0,1,0.0,0,1,0.992017,1,1,0.994875,1,1,0.0,0,1,0.994875,1,1,0.0,0,1,0.0,0,1,0.0,0,1,0.0,0,1,0.003327,0,1,0.0,0,1,0.0,0,1,0.0,0,1,0.0,0,1,0.0,0,1,0.0,0,1,0.006772,0,1,0.0,0,1,0.0,0,1,1
23,0.0,0,0,0.0,0,0,0.0,0,0,0.875147,1,0,0.92606,1,0,0.0,0,0,0.92606,1,0,0.0,0,0,0.0,0,0,0.0,0,0,0.0,0,0,0.03199,0,0,0.0,0,0,0.0,0,0,0.0,0,0,0.0,0,0,0.0,0,0,0.992017,1,0,0.994875,1,0,0.0,0,0,0.994875,1,0,0.0,0,0,0.0,0,0,0.0,0,0,0.0,0,0,0.003327,0,0,0.0,0,0,0.0,0,0,0.0,0,0,0.0,0,0,0.0,0,0,0.0,0,0,0.006772,0,0,0.0,0,0,0.0,0,0,1
24,0.0,0,0,0.0,0,0,0.0,0,0,0.875147,1,0,0.92606,1,0,0.0,0,0,0.92606,1,0,0.0,0,0,0.0,0,0,0.0,0,0,0.0,0,0,0.03199,0,0,0.0,0,0,0.0,0,0,0.0,0,0,0.0,0,0,0.0,0,0,0.992017,1,0,0.994875,1,0,0.0,0,0,0.994875,1,0,0.0,0,0,0.0,0,0,0.0,0,0,0.0,0,0,0.003327,0,0,0.0,0,0,0.0,0,0,0.0,0,0,0.0,0,0,0.0,0,0,0.0,0,0,0.006772,0,0,0.0,0,0,0.0,0,0,1
25,0.0,0,0,0.0,0,0,0.0,0,0,0.875147,1,0,0.92606,1,0,0.0,0,0,0.92606,1,0,0.0,0,0,0.0,0,0,0.0,0,0,0.0,0,0,0.03199,0,0,0.0,0,0,0.0,0,0,0.0,0,0,0.0,0,0,0.0,0,0,0.992017,1,0,0.994875,1,0,0.0,0,0,0.994875,1,0,0.0,0,0,0.0,0,0,0.0,0,0,0.0,0,0,0.003327,0,0,0.0,0,0,0.0,0,0,0.0,0,0,0.0,0,0,0.0,0,0,0.0,0,0,0.006772,0,0,0.0,0,0,0.0,0,0,1
26,0.0,0,0,0.0,0,0,0.0,0,0,0.875147,1,0,0.92606,1,0,0.0,0,0,0.92606,1,0,0.0,0,0,0.0,0,0,0.0,0,0,0.0,0,0,0.03199,0,0,0.0,0,0,0.0,0,0,0.0,0,0,0.0,0,0,0.0,0,0,0.992017,1,0,0.994875,1,0,0.0,0,0,0.994875,1,0,0.0,0,0,0.0,0,0,0.0,0,0,0.0,0,0,0.003327,0,0,0.0,0,0,0.0,0,0,0.0,0,0,0.0,0,0,0.0,0,0,0.0,0,0,0.006772,0,0,0.0,0,0,0.0,0,0,1
27,0.0,0,0,0.0,0,0,0.0,0,0,0.875147,1,0,0.92606,1,0,0.0,0,0,0.92606,1,0,0.0,0,0,0.0,0,0,0.0,0,0,0.0,0,0,0.03199,0,0,0.0,0,0,0.0,0,0,0.0,0,0,0.0,0,0,0.0,0,0,0.992017,1,0,0.994875,1,0,0.0,0,0,0.994875,1,0,0.0,0,0,0.0,0,0,0.0,0,0,0.0,0,0,0.003327,0,0,0.0,0,0,0.0,0,0,0.0,0,0,0.0,0,0,0.0,0,0,0.0,0,0,0.006772,0,0,0.0,0,0,0.0,0,0,1
28,0.0,0,1,0.0,0,1,0.0,0,1,0.875147,1,1,0.92606,1,1,0.0,0,1,0.92606,1,1,0.0,0,1,0.0,0,1,0.0,0,1,0.0,0,1,0.03199,0,1,0.0,0,1,0.0,0,1,0.0,0,1,0.0,0,1,0.0,0,1,0.992017,1,1,0.994875,1,1,0.0,0,1,0.994875,1,1,0.0,0,1,0.0,0,1,0.0,0,1,0.0,0,1,0.003327,0,1,0.0,0,1,0.0,0,1,0.0,0,1,0.0,0,1,0.0,0,1,0.0,0,1,0.006772,0,1,0.0,0,1,0.0,0,1,1
29,0.0,0,1,0.0,0,1,0.0,0,1,0.875147,1,1,0.92606,1,1,0.0,0,1,0.92606,1,1,0.0,0,1,0.0,0,1,0.0,0,1,0.0,0,1,0.03199,0,1,0.0,0,1,0.0,0,1,0.0,0,1,0.0,0,1,0.0,0,1,0.992017,1,1,0.994875,1,1,0.0,0,1,0.994875,1,1,0.0,0,1,0.0,0,1,0.0,0,1,0.0,0,1,0.003327,0,1,0.0,0,1,0.0,0,1,0.0,0,1,0.0,0,1,0.0,0,1,0.0,0,1,0.006772,0,1,0.0,0,1,0.0,0,1,1
30,0.0,0,0,0.0,0,0,0.0,0,0,0.875147,1,0,0.92606,1,0,0.0,0,0,0.92606,1,0,0.0,0,0,0.0,0,0,0.0,0,0,0.0,0,0,0.03199,0,0,0.0,0,0,0.0,0,0,0.0,0,0,0.0,0,0,0.0,0,0,0.992017,1,0,0.994875,1,0,0.0,0,0,0.994875,1,0,0.0,0,0,0.0,0,0,0.0,0,0,0.0,0,0,0.003327,0,0,0.0,0,0,0.0,0,0,0.0,0,0,0.0,0,0,0.0,0,0,0.0,0,0,0.006772,0,0,0.0,0,0,0.0,0,0,1
31,0.0,0,0,0.0,0,0,0.0,0,0,0.875147,1,0,0.92606,1,0,0.0,0,0,0.92606,1,0,0.0,0,0,0.0,0,0,0.0,0,0,0.0,0,0,0.03199,0,0,0.0,0,0,0.0,0,0,0.0,0,0,0.0,0,0,0.0,0,0,0.992017,1,0,0.994875,1,0,0.0,0,0,0.994875,1,0,0.0,0,0,0.0,0,0,0.0,0,0,0.0,0,0,0.003327,0,0,0.0,0,0,0.0,0,0,0.0,0,0,0.0,0,0,0.0,0,0,0.0,0,0,0.006772,0,0,0.0,0,0,0.0,0,0,1
32,0.0,0,1,0.0,0,1,0.0,0,1,0.875147,1,1,0.92606,1,1,0.0,0,1,0.92606,1,1,0.0,0,1,0.0,0,1,0.0,0,1,0.0,0,1,0.03199,0,1,0.0,0,1,0.0,0,1,0.0,0,1,0.0,0,1,0.0,0,1,0.992017,1,1,0.994875,1,1,0.0,0,1,0.994875,1,1,0.0,0,1,0.0,0,1,0.0,0,1,0.0,0,1,0.003327,0,1,0.0,0,1,0.0,0,1,0.0,0,1,0.0,0,1,0.0,0,1,0.0,0,1,0.006772,0,1,0.0,0,1,0.0,0,1,1
33,0.0,0,0,0.0,0,0,0.0,0,0,0.875147,1,0,0.92606,1,0,0.0,0,0,0.92606,1,0,0.0,0,0,0.0,0,0,0.0,0,0,0.0,0,0,0.03199,0,0,0.0,0,0,0.0,0,0,0.0,0,0,0.0,0,0,0.0,0,0,0.992017,1,0,0.994875,1,0,0.0,0,0,0.994875,1,0,0.0,0,0,0.0,0,0,0.0,0,0,0.0,0,0,0.003327,0,0,0.0,0,0,0.0,0,0,0.0,0,0,0.0,0,0,0.0,0,0,0.0,0,0,0.006772,0,0,0.0,0,0,0.0,0,0,1
34,0.0,0,0,0.0,0,0,0.0,0,0,0.875147,1,0,0.92606,1,0,0.0,0,0,0.92606,1,0,0.0,0,0,0.0,0,0,0.0,0,0,0.0,0,0,0.03199,0,0,0.0,0,0,0.0,0,0,0.0,0,0,0.0,0,0,0.0,0,0,0.992017,1,0,0.994875,1,0,0.0,0,0,0.994875,1,0,0.0,0,0,0.0,0,0,0.0,0,0,0.0,0,0,0.003327,0,0,0.0,0,0,0.0,0,0,0.0,0,0,0.0,0,0,0.0,0,0,0.0,0,0,0.006772,0,0,0.0,0,0,0.0,0,0,1
35,0.0,0,1,0.0,0,1,0.0,0,1,0.875147,1,1,0.92606,1,1,0.0,0,1,0.92606,1,1,0.0,0,1,0.0,0,1,0.0,0,1,0.0,0,1,0.03199,0,1,0.0,0,1,0.0,0,1,0.0,0,1,0.0,0,1,0.0,0,1,0.992017,1,1,0.994875,1,1,0.0,0,1,0.994875,1,1,0.0,0,1,0.0,0,1,0.0,0,1,0.0,0,1,0.003327,0,1,0.0,0,1,0.0,0,1,0.0,0,1,0.0,0,1,0.0,0,1,0.0,0,1,0.006772,0,1,0.0,0,1,0.0,0,1,1
36,0.0,0,1,0.0,0,1,0.0,0,1,0.875147,1,1,0.92606,1,1,0.0,0,1,0.92606,1,1,0.0,0,1,0.0,0,1,0.0,0,1,0.0,0,1,0.03199,0,1,0.0,0,1,0.0,0,1,0.0,0,1,0.0,0,1,0.0,0,1,0.992017,1,1,0.994875,1,1,0.0,0,1,0.994875,1,1,0.0,0,1,0.0,0,1,0.0,0,1,0.0,0,1,0.003327,0,1,0.0,0,1,0.0,0,1,0.0,0,1,0.0,0,1,0.0,0,1,0.0,0,1,0.006772,0,1,0.0,0,1,0.0,0,1,1
37,0.0,0,1,0.0,0,1,0.0,0,1,0.875147,1,1,0.92606,1,1,0.0,0,1,0.92606,1,1,0.0,0,1,0.0,0,1,0.0,0,1,0.0,0,1,0.03199,0,1,0.0,0,1,0.0,0,1,0.0,0,1,0.0,0,1,0.0,0,1,0.992017,1,1,0.994875,1,1,0.0,0,1,0.994875,1,1,0.0,0,1,0.0,0,1,0.0,0,1,0.0,0,1,0.003327,0,1,0.0,0,1,0.0,0,1,0.0,0,1,0.0,0,1,0.0,0,1,0.0,0,1,0.006772,0,1,0.0,0,1,0.0,0,1,1
38,0.0,0,1,0.0,0,1,0.0,0,1,0.875147,1,1,0.92606,1,1,0.0,0,1,0.92606,1,1,0.0,0,1,0.0,0,1,0.0,0,1,0.0,0,1,0.03199,0,1,0.0,0,1,0.0,0,1,0.0,0,1,0.0,0,1,0.0,0,1,0.992017,1,1,0.994875,1,1,0.0,0,1,0.994875,1,1,0.0,0,1,0.0,0,1,0.0,0,1,0.0,0,1,0.003327,0,1,0.0,0,1,0.0,0,1,0.0,0,1,0.0,0,1,0.0,0,1,0.0,0,1,0.006772,0,1,0.0,0,1,0.0,0,1,1
39,0.0,0,1,0.0,0,1,0.0,0,1,0.875147,1,1,0.92606,1,1,0.0,0,1,0.92606,1,1,0.0,0,1,0.0,0,1,0.0,0,1,0.0,0,1,0.03199,0,1,0.0,0,1,0.0,0,1,0.0,0,1,0.0,0,1,0.0,0,1,0.992017,1,1,0.994875,1,1,0.0,0,1,0.994875,1,1,0.0,0,1,0.0,0,1,0.0,0,1,0.0,0,1,0.003327,0,1,0.0,0,1,0.0,0,1,0.0,0,1,0.0,0,1,0.0,0,1,0.0,0,1,0.006772,0,1,0.0,0,1,0.0,0,1,1
40,0.0,0,0,0.0,0,0,0.0,0,0,0.875147,1,0,0.92606,1,0,0.0,0,0,0.92606,1,0,0.0,0,0,0.0,0,0,0.0,0,0,0.0,0,0,0.03199,0,0,0.0,0,0,0.0,0,0,0.0,0,0,0.0,0,0,0.0,0,0,0.992017,1,0,0.994875,1,0,0.0,0,0,0.994875,1,0,0.0,0,0,0.0,0,0,0.0,0,0,0.0,0,0,0.003327,0,0,0.0,0,0,0.0,0,0,0.0,0,0,0.0,0,0,0.0,0,0,0.0,0,0,0.006772,0,0,0.0,0,0,0.0,0,0,1
41,0.0,0,0,0.0,0,0,0.0,0,0,0.875147,1,0,0.92606,1,0,0.0,0,0,0.92606,1,0,0.0,0,0,0.0,0,0,0.0,0,0,0.0,0,0,0.03199,0,0,0.0,0,0,0.0,0,0,0.0,0,0,0.0,0,0,0.0,0,0,0.992017,1,0,0.994875,1,0,0.0,0,0,0.994875,1,0,0.0,0,0,0.0,0,0,0.0,0,0,0.0,0,0,0.003327,0,0,0.0,0,0,0.0,0,0,0.0,0,0,0.0,0,0,0.0,0,0,0.0,0,0,0.006772,0,0,0.0,0,0,0.0,0,0,1
42,0.0,0,0,0.0,0,0,0.0,0,0,0.875147,1,0,0.92606,1,0,0.0,0,0,0.92606,1,0,0.0,0,0,0.0,0,0,0.0,0,0,0.0,0,0,0.03199,0,0,0.0,0,0,0.0,0,0,0.0,0,0,0.0,0,0,0.0,0,0,0.992017,1,0,0.994875,1,0,0.0,0,0,0.994875,1,0,0.0,0,0,0.0,0,0,0.0,0,0,0.0,0,0,0.003327,0,0,0.0,0,0,0.0,0,0,0.0,0,0,0.0,0,0,0.0,0,0,0.0,0,0,0.006772,0,0,0.0,0,0,0.0,0,0,1
43,0.0,0,1,0.0,0,1,0.0,0,1,0.875147,1,1,0.92606,1,1,0.0,0,1,0.92606,1,1,0.0,0,1,0.0,0,1,0.0,0,1,0.0,0,1,0.03199,0,1,0.0,0,1,0.0,0,1,0.0,0,1,0.0,0,1,0.0,0,1,0.992017,1,1,0.994875,1,1,0.0,0,1,0.994875,1,1,0.0,0,1,0.0,0,1,0.0,0,1,0.000798,0,1,0.003283,0,1,2e-06,0,1,0.000296,0,1,0.0,0,1,0.0,0,1,0.0,0,1,0.0,0,1,0.006772,0,1,0.0,0,1,0.0,0,1,1
44,0.0,0,0,0.0,0,0,0.0,0,0,0.875147,1,0,0.92606,1,0,0.0,0,0,0.92606,1,0,0.0,0,0,0.0,0,0,0.0,0,0,0.0,0,0,0.03199,0,0,0.0,0,0,0.0,0,0,0.0,0,0,0.0,0,0,0.0,0,0,0.992017,1,0,0.994875,1,0,0.0,0,0,0.994875,1,0,3.3e-05,0,0,3e-05,0,0,1.0,1,0,0.013616,0,0,0.00415,0,0,0.000477,0,0,0.006877,0,0,0.0,0,0,0.0,0,0,0.0,0,0,0.0,0,0,0.006772,0,0,0.0,0,0,0.0,0,0,1
45,0.0,0,1,0.0,0,1,0.0,0,1,0.875352,1,1,0.926215,1,1,9e-06,0,1,0.926215,1,1,0.0,0,1,0.0,0,1,0.0,0,1,0.0,0,1,0.03199,0,1,0.0,0,1,0.0,0,1,0.0,0,1,0.0,0,1,0.0,0,1,0.991896,1,1,0.994787,1,1,3e-06,0,1,0.994787,1,1,0.345195,0,1,0.3263,0,1,0.333333,0,1,0.643737,1,1,0.420426,0,1,0.772438,1,1,0.418491,0,1,0.0,0,1,0.0,0,1,0.0,0,1,0.000716,0,1,0.006159,0,1,1e-06,0,1,0.000618,0,1,1
46,0.000356,0,1,0.000312,0,1,1.0,1,1,0.880386,1,1,0.929491,1,1,0.004714,0,1,0.929491,1,1,0.0,0,1,0.0,0,1,0.0,0,1,0.0,0,1,0.03199,0,1,0.0,0,1,0.0,0,1,0.000159,0,1,0.00018,0,1,1.0,1,1,0.988192,1,1,0.991907,1,1,0.00159,0,1,0.991907,1,1,0.846535,1,1,0.807351,1,1,0.666667,1,1,0.933699,1,1,0.863764,1,1,0.985935,1,1,0.863309,1,1,6e-06,0,1,6e-06,0,1,1.0,1,1,0.012664,0,1,0.003916,0,1,0.000194,0,1,0.011625,0,1,1
47,0.800328,1,1,1.0,1,1,0.666667,1,1,0.950924,1,1,0.926816,1,1,0.489204,0,1,0.926816,1,1,0.0,0,1,0.0,0,1,0.0,0,1,0.0,0,1,0.03199,0,1,0.0,0,1,0.0,0,1,0.236927,0,1,0.38637,0,1,0.333333,0,1,0.919495,1,1,0.916491,1,1,0.191298,0,1,0.916491,1,1,1.0,1,1,0.790773,1,1,0.333333,0,1,0.740205,1,1,0.549677,1,1,0.90439,1,1,0.548174,1,1,0.36725,0,1,0.25704,0,1,0.333333,0,1,0.917356,1,1,0.89475,1,1,0.850772,1,1,0.894033,1,1,1
48,0.800328,1,0,0.994666,1,0,0.666667,1,0,0.945205,1,0,0.922736,1,0,0.485004,0,0,0.922736,1,0,0.0,0,0,0.0,0,0,0.0,0,0,0.0,0,0,0.03199,0,0,0.0,0,0,0.0,0,0,0.235058,0,0,0.386605,0,0,0.333333,0,0,0.921798,1,0,0.918259,1,0,0.190819,0,0,0.918259,1,0,0.034477,0,0,0.031461,0,0,0.0,0,0,0.300546,0,0,0.10528,0,0,0.215365,0,0,0.102293,0,0,0.630444,1,0,0.669787,1,0,0.333333,0,0,0.917651,1,0,0.890955,1,0,0.852919,1,0,0.890212,1,0,1
49,0.000356,0,0,0.000313,0,0,1.0,1,0,0.874044,1,0,0.925149,1,0,0.000585,0,0,0.925149,1,0,0.0,0,0,0.0,0,0,0.0,0,0,0.0,0,0,0.03199,0,0,0.0,0,0,0.0,0,0,0.000159,0,0,0.000193,0,0,1.0,1,0,0.99052,1,0,0.993763,1,0,0.00024,0,0,0.993763,1,0,5e-06,0,0,5e-06,0,0,1.0,1,0,0.002401,0,0,0.003134,0,0,1.5e-05,0,0,0.001065,0,0,0.000199,0,0,0.000179,0,0,1.0,1,0,0.026479,0,0,0.0,0,0,0.000844,0,0,0.025356,0,0,1
50,0.0,0,0,0.0,0,0,0.0,0,0,0.875007,1,0,0.925953,1,0,1e-06,0,0,0.925953,1,0,0.0,0,0,0.0,0,0,0.0,0,0,0.0,0,0,0.03199,0,0,0.0,0,0,0.0,0,0,0.0,0,0,0.0,0,0,0.0,0,0,0.992017,1,0,0.994875,1,0,0.0,0,0,0.994875,1,0,0.0,0,0,0.0,0,0,0.0,0,0,0.0,0,0,0.003327,0,0,0.0,0,0,0.0,0,0,0.0,0,0,0.0,0,0,0.0,0,0,0.00124,0,0,0.006037,0,0,2e-06,0,0,0.00074,0,0,1
51,0.0,0,0,0.0,0,0,0.0,0,0,0.875147,1,0,0.92606,1,0,0.0,0,0,0.92606,1,0,0.0,0,0,0.0,0,0,0.0,0,0,0.0,0,0,0.03199,0,0,0.0,0,0,0.0,0,0,0.0,0,0,0.0,0,0,0.0,0,0,0.992017,1,0,0.994875,1,0,0.0,0,0,0.994875,1,0,0.0,0,0,0.0,0,0,0.0,0,0,0.000798,0,0,0.003283,0,0,2e-06,0,0,0.000296,0,0,0.0,0,0,0.0,0,0,0.0,0,0,0.0,0,0,0.006772,0,0,0.0,0,0,0.0,0,0,1
52,0.0,0,0,0.0,0,0,0.0,0,0,0.875147,1,0,0.92606,1,0,0.0,0,0,0.92606,1,0,0.0,0,0,0.0,0,0,0.0,0,0,0.0,0,0,0.03199,0,0,0.0,0,0,0.0,0,0,0.0,0,0,0.0,0,0,0.0,0,0,0.992017,1,0,0.994875,1,0,0.0,0,0,0.994875,1,0,3.3e-05,0,0,3e-05,0,0,1.0,1,0,0.013731,0,0,0.004248,0,0,0.000485,0,0,0.00692,0,0,0.0,0,0,0.0,0,0,0.0,0,0,0.0,0,0,0.006772,0,0,0.0,0,0,0.0,0,0,1
53,0.0,0,1,0.0,0,1,0.0,0,1,0.875288,1,1,0.926168,1,1,2e-06,0,1,0.926168,1,1,0.0,0,1,0.0,0,1,0.0,0,1,0.00668,0,1,0.029969,0,1,4.8e-05,0,1,0.006825,0,1,0.0,0,1,0.0,0,1,0.0,0,1,0.992004,1,1,0.994866,1,1,2e-06,0,1,0.994866,1,1,0.345033,0,1,0.327403,0,1,0.333333,0,1,0.645533,1,1,0.422049,0,1,0.776096,1,1,0.42012,0,1,0.0,0,1,0.0,0,1,0.0,0,1,0.000741,0,1,0.006304,0,1,1e-06,0,1,0.00051,0,1,1
54,7.9e-05,0,1,6.9e-05,0,1,1.0,1,1,0.878453,1,1,0.928482,1,1,0.000822,0,1,0.928482,1,1,0.000955,0,1,0.000673,0,1,1.0,1,1,0.15385,0,1,0.0,0,1,0.025832,0,1,0.203244,0,1,0.000102,0,1,0.00012,0,1,1.0,1,1,0.990578,1,1,0.993667,1,1,0.001311,0,1,0.993667,1,1,0.796263,1,1,0.793141,1,1,0.666667,1,1,0.904753,1,1,0.810586,1,1,1.0,1,1,0.809954,1,1,7e-06,0,1,7e-06,0,1,1.0,1,1,0.013734,0,1,0.005643,0,1,0.00023,0,1,0.012887,0,1,1
55,0.201632,0,0,0.254127,0,0,0.666667,1,0,0.895126,1,0,0.926585,1,0,0.123824,0,0,0.926585,1,0,1.0,1,0,0.921417,1,0,0.666667,1,0,0.999849,1,0,0.973103,1,0,0.999832,1,0,0.973734,1,0,0.1819,0,0,0.263438,0,0,0.333333,0,0,0.917935,1,0,0.915427,1,0,0.190656,0,0,0.915427,1,0,0.838218,1,0,0.651434,1,0,0.333333,0,0,0.709179,1,0,0.547208,1,0,0.792935,1,0,0.545697,1,0,0.284454,0,0,0.210442,0,0,0.333333,0,0,0.819221,1,0,0.771292,1,0,0.688301,1,0,0.769733,1,0,1
56,0.201632,0,0,0.259723,0,0,0.666667,1,0,0.891279,1,0,0.923706,1,0,0.123055,0,0,0.923706,1,0,0.32564,0,0,0.310977,0,0,0.333333,0,0,0.988367,1,0,1.0,1,0,0.969252,1,0,1.0,1,0,0.349198,0,0,0.542188,1,0,0.666667,1,0,0.919247,1,0,0.916457,1,0,0.190211,0,0,0.916457,1,0,0.069643,0,0,0.06966,0,0,0.333333,0,0,0.317678,0,0,0.15836,0,0,0.21941,0,0,0.155551,0,0,0.509604,1,0,0.563798,1,0,0.333333,0,0,0.819478,1,0,0.766429,1,0,0.690455,1,0,0.764837,1,0,1
57,7.9e-05,0,1,7.3e-05,0,1,1.0,1,1,0.874332,1,1,0.925428,1,1,9.1e-05,0,1,0.925428,1,1,0.000252,0,1,0.000174,0,1,1.0,1,1,0.028204,0,1,0.028917,0,1,0.000871,0,1,0.034519,0,1,0.000247,0,1,0.000274,0,1,1.0,1,1,0.991903,1,1,0.99475,1,1,0.000339,0,1,0.99475,1,1,2.3e-05,0,1,2.5e-05,0,1,1.0,1,1,0.006067,0,1,0.003979,0,1,9.4e-05,0,1,0.002804,0,1,0.000173,0,1,0.000155,0,1,1.0,1,1,0.024696,0,1,0.000574,0,1,0.000735,0,1,0.023637,0,1,1
58,0.0,0,0,0.0,0,0,0.0,0,0,0.875058,1,0,0.925992,1,0,0.0,0,0,0.925992,1,0,0.0,0,0,0.0,0,0,0.0,0,0,0.0,0,0,0.03199,0,0,0.0,0,0,0.0,0,0,0.0,0,0,0.0,0,0,0.0,0,0,0.992075,1,0,0.994917,1,0,0.0,0,0,0.994917,1,0,0.0,0,0,0.0,0,0,0.0,0,0,0.0,0,0,0.003327,0,0,0.0,0,0,0.0,0,0,0.0,0,0,0.0,0,0,0.0,0,0,0.001136,0,0,0.006098,0,0,1e-06,0,0,0.000678,0,0,1
59,0.0,0,0,0.0,0,0,0.0,0,0,0.875147,1,0,0.92606,1,0,0.0,0,0,0.92606,1,0,0.0,0,0,0.0,0,0,0.0,0,0,0.0,0,0,0.03199,0,0,0.0,0,0,0.0,0,0,0.0,0,0,0.0,0,0,0.0,0,0,0.992017,1,0,0.994875,1,0,0.0,0,0,0.994875,1,0,0.0,0,0,0.0,0,0,0.0,0,0,0.0,0,0,0.003327,0,0,0.0,0,0,0.0,0,0,0.0,0,0,0.0,0,0,0.0,0,0,0.0,0,0,0.006772,0,0,0.0,0,0,0.0,0,0,1
60,0.0,0,1,0.0,0,1,0.0,0,1,0.875147,1,1,0.92606,1,1,0.0,0,1,0.92606,1,1,0.0,0,1,0.0,0,1,0.0,0,1,0.0,0,1,0.03199,0,1,0.0,0,1,0.0,0,1,0.0,0,1,0.0,0,1,0.0,0,1,0.992017,1,1,0.994875,1,1,0.0,0,1,0.994875,1,1,0.0,0,1,0.0,0,1,0.0,0,1,0.0,0,1,0.003327,0,1,0.0,0,1,0.0,0,1,0.0,0,1,0.0,0,1,0.0,0,1,0.0,0,1,0.006772,0,1,0.0,0,1,0.0,0,1,1
61,0.0,0,1,0.0,0,1,0.0,0,1,0.875147,1,1,0.92606,1,1,0.0,0,1,0.92606,1,1,0.0,0,1,0.0,0,1,0.0,0,1,0.0,0,1,0.03199,0,1,0.0,0,1,0.0,0,1,0.0,0,1,0.0,0,1,0.0,0,1,0.992017,1,1,0.994875,1,1,0.0,0,1,0.994875,1,1,0.0,0,1,0.0,0,1,0.0,0,1,0.0,0,1,0.003327,0,1,0.0,0,1,0.0,0,1,0.0,0,1,0.0,0,1,0.0,0,1,0.0,0,1,0.006772,0,1,0.0,0,1,0.0,0,1,1
62,0.0,0,1,0.0,0,1,0.0,0,1,0.875147,1,1,0.92606,1,1,0.0,0,1,0.92606,1,1,0.0,0,1,0.0,0,1,0.0,0,1,0.0,0,1,0.03199,0,1,0.0,0,1,0.0,0,1,0.0,0,1,0.0,0,1,0.0,0,1,0.992017,1,1,0.994875,1,1,0.0,0,1,0.994875,1,1,0.0,0,1,0.0,0,1,0.0,0,1,0.0,0,1,0.003327,0,1,0.0,0,1,0.0,0,1,0.0,0,1,0.0,0,1,0.0,0,1,0.0,0,1,0.006772,0,1,0.0,0,1,0.0,0,1,1
63,0.0,0,1,0.0,0,1,0.0,0,1,0.875147,1,1,0.92606,1,1,0.0,0,1,0.92606,1,1,0.0,0,1,0.0,0,1,0.0,0,1,0.0,0,1,0.03199,0,1,0.0,0,1,0.0,0,1,0.0,0,1,0.0,0,1,0.0,0,1,0.992017,1,1,0.994875,1,1,0.0,0,1,0.994875,1,1,0.0,0,1,0.0,0,1,0.0,0,1,0.0,0,1,0.003327,0,1,0.0,0,1,0.0,0,1,0.0,0,1,0.0,0,1,0.0,0,1,0.0,0,1,0.006772,0,1,0.0,0,1,0.0,0,1,1
64,0.0,0,1,0.0,0,1,0.0,0,1,0.875147,1,1,0.92606,1,1,0.0,0,1,0.92606,1,1,0.0,0,1,0.0,0,1,0.0,0,1,0.0,0,1,0.03199,0,1,0.0,0,1,0.0,0,1,0.0,0,1,0.0,0,1,0.0,0,1,0.992017,1,1,0.994875,1,1,0.0,0,1,0.994875,1,1,0.0,0,1,0.0,0,1,0.0,0,1,0.0,0,1,0.003327,0,1,0.0,0,1,0.0,0,1,0.0,0,1,0.0,0,1,0.0,0,1,0.0,0,1,0.006772,0,1,0.0,0,1,0.0,0,1,1
65,0.0,0,0,0.0,0,0,0.0,0,0,0.875147,1,0,0.92606,1,0,0.0,0,0,0.92606,1,0,0.0,0,0,0.0,0,0,0.0,0,0,0.0,0,0,0.03199,0,0,0.0,0,0,0.0,0,0,0.0,0,0,0.0,0,0,0.0,0,0,0.992017,1,0,0.994875,1,0,0.0,0,0,0.994875,1,0,0.0,0,0,0.0,0,0,0.0,0,0,0.0,0,0,0.003327,0,0,0.0,0,0,0.0,0,0,0.0,0,0,0.0,0,0,0.0,0,0,0.0,0,0,0.006772,0,0,0.0,0,0,0.0,0,0,1
66,0.0,0,0,0.0,0,0,0.0,0,0,0.875147,1,0,0.92606,1,0,0.0,0,0,0.92606,1,0,0.0,0,0,0.0,0,0,0.0,0,0,0.0,0,0,0.03199,0,0,0.0,0,0,0.0,0,0,0.0,0,0,0.0,0,0,0.0,0,0,0.992017,1,0,0.994875,1,0,0.0,0,0,0.994875,1,0,0.0,0,0,0.0,0,0,0.0,0,0,0.0,0,0,0.003327,0,0,0.0,0,0,0.0,0,0,0.0,0,0,0.0,0,0,0.0,0,0,0.0,0,0,0.006772,0,0,0.0,0,0,0.0,0,0,1
67,0.0,0,0,0.0,0,0,0.0,0,0,0.875147,1,0,0.92606,1,0,0.0,0,0,0.92606,1,0,0.0,0,0,0.0,0,0,0.0,0,0,0.0,0,0,0.03199,0,0,0.0,0,0,0.0,0,0,0.0,0,0,0.0,0,0,0.0,0,0,0.992017,1,0,0.994875,1,0,0.0,0,0,0.994875,1,0,0.0,0,0,0.0,0,0,0.0,0,0,0.0,0,0,0.003327,0,0,0.0,0,0,0.0,0,0,0.0,0,0,0.0,0,0,0.0,0,0,0.0,0,0,0.006772,0,0,0.0,0,0,0.0,0,0,1
68,0.0,0,1,0.0,0,1,0.0,0,1,0.875147,1,1,0.92606,1,1,0.0,0,1,0.92606,1,1,0.0,0,1,0.0,0,1,0.0,0,1,0.0,0,1,0.03199,0,1,0.0,0,1,0.0,0,1,0.0,0,1,0.0,0,1,0.0,0,1,0.992017,1,1,0.994875,1,1,0.0,0,1,0.994875,1,1,0.0,0,1,0.0,0,1,0.0,0,1,0.0,0,1,0.003327,0,1,0.0,0,1,0.0,0,1,0.0,0,1,0.0,0,1,0.0,0,1,0.0,0,1,0.006772,0,1,0.0,0,1,0.0,0,1,1
69,0.0,0,0,0.0,0,0,0.0,0,0,0.875147,1,0,0.92606,1,0,0.0,0,0,0.92606,1,0,0.0,0,0,0.0,0,0,0.0,0,0,0.0,0,0,0.03199,0,0,0.0,0,0,0.0,0,0,0.0,0,0,0.0,0,0,0.0,0,0,0.992017,1,0,0.994875,1,0,0.0,0,0,0.994875,1,0,0.0,0,0,0.0,0,0,0.0,0,0,0.0,0,0,0.003327,0,0,0.0,0,0,0.0,0,0,0.0,0,0,0.0,0,0,0.0,0,0,0.0,0,0,0.006772,0,0,0.0,0,0,0.0,0,0,1
70,0.0,0,1,0.0,0,1,0.0,0,1,0.875147,1,1,0.92606,1,1,0.0,0,1,0.92606,1,1,0.0,0,1,0.0,0,1,0.0,0,1,0.0,0,1,0.03199,0,1,0.0,0,1,0.0,0,1,0.0,0,1,0.0,0,1,0.0,0,1,0.992017,1,1,0.994875,1,1,0.0,0,1,0.994875,1,1,0.0,0,1,0.0,0,1,0.0,0,1,0.0,0,1,0.003327,0,1,0.0,0,1,0.0,0,1,0.0,0,1,0.0,0,1,0.0,0,1,0.0,0,1,0.006772,0,1,0.0,0,1,0.0,0,1,1
71,0.0,0,1,0.0,0,1,0.0,0,1,0.875147,1,1,0.92606,1,1,0.0,0,1,0.92606,1,1,0.0,0,1,0.0,0,1,0.0,0,1,0.0,0,1,0.03199,0,1,0.0,0,1,0.0,0,1,0.0,0,1,0.0,0,1,0.0,0,1,0.992017,1,1,0.994875,1,1,0.0,0,1,0.994875,1,1,0.0,0,1,0.0,0,1,0.0,0,1,0.0,0,1,0.003327,0,1,0.0,0,1,0.0,0,1,0.0,0,1,0.0,0,1,0.0,0,1,0.0,0,1,0.006772,0,1,0.0,0,1,0.0,0,1,1
72,0.0,0,1,0.0,0,1,0.0,0,1,0.875147,1,1,0.92606,1,1,0.0,0,1,0.92606,1,1,0.0,0,1,0.0,0,1,0.0,0,1,0.0,0,1,0.03199,0,1,0.0,0,1,0.0,0,1,0.0,0,1,0.0,0,1,0.0,0,1,0.992017,1,1,0.994875,1,1,0.0,0,1,0.994875,1,1,0.0,0,1,0.0,0,1,0.0,0,1,0.0,0,1,0.003327,0,1,0.0,0,1,0.0,0,1,0.0,0,1,0.0,0,1,0.0,0,1,0.0,0,1,0.006772,0,1,0.0,0,1,0.0,0,1,1
73,0.0,0,0,0.0,0,0,0.0,0,0,0.875147,1,0,0.92606,1,0,0.0,0,0,0.92606,1,0,0.0,0,0,0.0,0,0,0.0,0,0,0.0,0,0,0.03199,0,0,0.0,0,0,0.0,0,0,0.0,0,0,0.0,0,0,0.0,0,0,0.992017,1,0,0.994875,1,0,0.0,0,0,0.994875,1,0,0.0,0,0,0.0,0,0,0.0,0,0,0.0,0,0,0.003327,0,0,0.0,0,0,0.0,0,0,0.0,0,0,0.0,0,0,0.0,0,0,0.0,0,0,0.006772,0,0,0.0,0,0,0.0,0,0,1
74,0.0,0,0,0.0,0,0,0.0,0,0,0.875147,1,0,0.92606,1,0,0.0,0,0,0.92606,1,0,0.0,0,0,0.0,0,0,0.0,0,0,0.0,0,0,0.03199,0,0,0.0,0,0,0.0,0,0,0.0,0,0,0.0,0,0,0.0,0,0,0.992017,1,0,0.994875,1,0,0.0,0,0,0.994875,1,0,0.0,0,0,0.0,0,0,0.0,0,0,0.0,0,0,0.003327,0,0,0.0,0,0,0.0,0,0,0.0,0,0,0.0,0,0,0.0,0,0,0.0,0,0,0.006772,0,0,0.0,0,0,0.0,0,0,1
75,0.0,0,0,0.0,0,0,0.0,0,0,0.875147,1,0,0.92606,1,0,0.0,0,0,0.92606,1,0,0.0,0,0,0.0,0,0,0.0,0,0,0.0,0,0,0.03199,0,0,0.0,0,0,0.0,0,0,0.0,0,0,0.0,0,0,0.0,0,0,0.992017,1,0,0.994875,1,0,0.0,0,0,0.994875,1,0,0.0,0,0,0.0,0,0,0.0,0,0,0.0,0,0,0.003327,0,0,0.0,0,0,0.0,0,0,0.0,0,0,0.0,0,0,0.0,0,0,0.0,0,0,0.006772,0,0,0.0,0,0,0.0,0,0,1
76,0.0,0,0,0.0,0,0,0.0,0,0,0.875147,1,0,0.92606,1,0,0.0,0,0,0.92606,1,0,0.0,0,0,0.0,0,0,0.0,0,0,0.0,0,0,0.03199,0,0,0.0,0,0,0.0,0,0,0.0,0,0,0.0,0,0,0.0,0,0,0.992017,1,0,0.994875,1,0,0.0,0,0,0.994875,1,0,0.0,0,0,0.0,0,0,0.0,0,0,0.0,0,0,0.003327,0,0,0.0,0,0,0.0,0,0,0.0,0,0,0.0,0,0,0.0,0,0,0.0,0,0,0.006772,0,0,0.0,0,0,0.0,0,0,1
77,0.0,0,0,0.0,0,0,0.0,0,0,0.875147,1,0,0.92606,1,0,0.0,0,0,0.92606,1,0,0.0,0,0,0.0,0,0,0.0,0,0,0.0,0,0,0.03199,0,0,0.0,0,0,0.0,0,0,0.0,0,0,0.0,0,0,0.0,0,0,0.992017,1,0,0.994875,1,0,0.0,0,0,0.994875,1,0,0.0,0,0,0.0,0,0,0.0,0,0,0.0,0,0,0.003327,0,0,0.0,0,0,0.0,0,0,0.0,0,0,0.0,0,0,0.0,0,0,0.0,0,0,0.006772,0,0,0.0,0,0,0.0,0,0,1
78,0.0,0,1,0.0,0,1,0.0,0,1,0.875147,1,1,0.92606,1,1,0.0,0,1,0.92606,1,1,0.0,0,1,0.0,0,1,0.0,0,1,0.0,0,1,0.03199,0,1,0.0,0,1,0.0,0,1,0.0,0,1,0.0,0,1,0.0,0,1,0.992017,1,1,0.994875,1,1,0.0,0,1,0.994875,1,1,0.0,0,1,0.0,0,1,0.0,0,1,0.0,0,1,0.003327,0,1,0.0,0,1,0.0,0,1,0.0,0,1,0.0,0,1,0.0,0,1,0.0,0,1,0.006772,0,1,0.0,0,1,0.0,0,1,1
79,0.0,0,1,0.0,0,1,0.0,0,1,0.875147,1,1,0.92606,1,1,0.0,0,1,0.92606,1,1,0.0,0,1,0.0,0,1,0.0,0,1,0.0,0,1,0.03199,0,1,0.0,0,1,0.0,0,1,0.0,0,1,0.0,0,1,0.0,0,1,0.992017,1,1,0.994875,1,1,0.0,0,1,0.994875,1,1,0.0,0,1,0.0,0,1,0.0,0,1,0.0,0,1,0.003327,0,1,0.0,0,1,0.0,0,1,0.0,0,1,0.0,0,1,0.0,0,1,0.0,0,1,0.006772,0,1,0.0,0,1,0.0,0,1,1
80,0.0,0,0,0.0,0,0,0.0,0,0,0.875147,1,0,0.92606,1,0,0.0,0,0,0.92606,1,0,0.0,0,0,0.0,0,0,0.0,0,0,0.0,0,0,0.03199,0,0,0.0,0,0,0.0,0,0,0.0,0,0,0.0,0,0,0.0,0,0,0.992017,1,0,0.994875,1,0,0.0,0,0,0.994875,1,0,1e-06,0,0,1e-06,0,0,1.0,1,0,0.003371,0,0,0.002487,0,0,2.8e-05,0,0,0.001592,0,0,0.0,0,0,0.0,0,0,0.0,0,0,0.0,0,0,0.006772,0,0,0.0,0,0,0.0,0,0,1
81,0.0,0,0,0.0,0,0,0.0,0,0,0.875147,1,0,0.92606,1,0,0.0,0,0,0.92606,1,0,0.0,0,0,0.0,0,0,0.0,0,0,0.0,0,0,0.03199,0,0,0.0,0,0,0.0,0,0,0.0,0,0,0.0,0,0,0.0,0,0,0.992017,1,0,0.994875,1,0,0.0,0,0,0.994875,1,0,0.000454,0,0,0.00042,0,0,1.0,1,0,0.451768,0,0,0.209874,0,0,0.453876,0,0,0.207237,0,0,0.0,0,0,0.0,0,0,0.0,0,0,0.0,0,0,0.006772,0,0,0.0,0,0,0.0,0,0,1
82,0.0,0,1,0.0,0,1,0.333333,0,1,0.875323,1,1,0.926191,1,1,2.4e-05,0,1,0.926191,1,1,1.5e-05,0,1,1.5e-05,0,1,1.0,1,1,0.028204,0,1,0.028917,0,1,0.000871,0,1,0.034519,0,1,1e-06,0,1,2e-06,0,1,1.0,1,1,0.992013,1,1,0.994866,1,1,4.6e-05,0,1,0.994866,1,1,0.712143,1,1,0.694565,1,1,0.666667,1,1,0.648053,1,1,0.428397,0,1,0.775367,1,1,0.426489,0,1,0.0,0,1,0.0,0,1,0.333333,0,1,0.00201,0,1,0.006591,0,1,5e-06,0,1,0.001402,0,1,1
83,0.000846,0,0,0.000745,0,0,1.0,1,0,0.894084,1,0,0.937077,1,0,0.028889,0,0,0.937077,1,0,0.015262,0,0,0.010749,0,0,1.0,1,0,0.988367,1,0,1.0,1,0,0.969252,1,0,1.0,1,0,0.001836,0,0,0.002085,0,0,1.0,1,0,0.929451,1,0,0.927127,1,0,0.167266,0,0,0.927127,1,0,0.948318,1,0,0.865536,1,0,0.333333,0,0,0.884736,1,0,0.816831,1,0,0.890281,1,0,0.81622,1,0,7.4e-05,0,0,6.7e-05,0,0,1.0,1,0,0.689278,1,0,0.526599,1,0,0.519053,1,0,0.523371,1,0,1
84,0.527147,1,0,0.612775,1,0,0.666667,1,0,1.0,1,0,1.0,1,0,0.190934,0,0,1.0,1,0,0.922637,1,0,0.989515,1,0,0.333333,0,0,0.999849,1,0,0.973103,1,0,0.999832,1,0,0.973734,1,0,0.421821,0,0,0.712582,1,0,0.333333,0,0,0.918006,1,0,0.915441,1,0,0.190934,0,0,0.915441,1,0,0.352181,0,0,0.289894,0,0,0.333333,0,0,0.753035,1,0,0.596157,1,0,0.863439,1,0,0.594809,1,0,1.0,1,0,1.0,1,0,0.333333,0,0,1.0,1,0,1.0,1,0,1.0,1,0,1.0,1,0,1
85,0.056764,0,1,0.061519,0,1,0.0,0,1,0.982526,1,1,0.989122,1,1,0.167266,0,1,0.989122,1,1,0.006963,0,1,0.004678,0,1,1.0,1,1,0.15385,0,1,0.0,0,1,0.025832,0,1,0.203244,0,1,0.00595,0,1,0.008161,0,1,1.0,1,1,0.980812,1,1,0.983039,1,1,0.028889,0,1,0.983039,1,1,0.000123,0,1,0.00013,0,1,1.0,1,1,0.013946,0,1,0.0,0,1,0.000483,0,1,0.006425,0,1,0.072513,0,1,0.065498,0,1,0.0,0,1,0.724531,1,1,0.480262,0,1,0.589973,1,1,0.476719,0,1,1
86,2.3e-05,0,1,2.2e-05,0,1,1.0,1,1,0.875165,1,1,0.926069,1,1,4.6e-05,0,1,0.926069,1,1,3e-06,0,1,4e-06,0,1,1.0,1,1,0.00668,0,1,0.029969,0,1,4.8e-05,0,1,0.006825,0,1,7e-06,0,1,1.1e-05,0,1,1.0,1,1,0.991827,1,1,0.994735,1,1,2.4e-05,0,1,0.994735,1,1,0.0,0,1,0.0,0,1,0.333333,0,1,0.000727,0,1,0.002991,0,1,1e-06,0,1,0.000336,0,1,1.3e-05,0,1,1.2e-05,0,1,1.0,1,1,0.006652,0,1,0.007042,0,1,5.4e-05,0,1,0.005627,0,1,1
87,0.0,0,1,0.0,0,1,0.0,0,1,0.875147,1,1,0.92606,1,1,0.0,0,1,0.92606,1,1,0.0,0,1,0.0,0,1,0.0,0,1,0.0,0,1,0.03199,0,1,0.0,0,1,0.0,0,1,0.0,0,1,0.0,0,1,0.0,0,1,0.992017,1,1,0.994875,1,1,0.0,0,1,0.994875,1,1,0.0,0,1,0.0,0,1,0.0,0,1,0.0,0,1,0.003327,0,1,0.0,0,1,0.0,0,1,0.0,0,1,0.0,0,1,0.0,0,1,0.0,0,1,0.006772,0,1,0.0,0,1,0.0,0,1,1
88,0.0,0,1,0.0,0,1,0.0,0,1,0.875147,1,1,0.92606,1,1,0.0,0,1,0.92606,1,1,0.0,0,1,0.0,0,1,0.0,0,1,0.0,0,1,0.03199,0,1,0.0,0,1,0.0,0,1,0.0,0,1,0.0,0,1,0.0,0,1,0.992017,1,1,0.994875,1,1,0.0,0,1,0.994875,1,1,0.0,0,1,0.0,0,1,0.333333,0,1,0.001528,0,1,0.003091,0,1,6e-06,0,1,0.000654,0,1,0.0,0,1,0.0,0,1,0.0,0,1,0.0,0,1,0.006772,0,1,0.0,0,1,0.0,0,1,1
89,0.0,0,1,0.0,0,1,0.0,0,1,0.875147,1,1,0.92606,1,1,0.0,0,1,0.92606,1,1,0.0,0,1,0.0,0,1,0.0,0,1,0.0,0,1,0.03199,0,1,0.0,0,1,0.0,0,1,0.0,0,1,0.0,0,1,0.0,0,1,0.992017,1,1,0.994875,1,1,0.0,0,1,0.994875,1,1,0.000109,0,1,9.8e-05,0,1,1.0,1,1,0.066258,0,1,0.012301,0,1,0.011192,0,1,0.023301,0,1,0.0,0,1,0.0,0,1,0.0,0,1,0.0,0,1,0.006772,0,1,0.0,0,1,0.0,0,1,1
90,0.0,0,0,0.0,0,0,0.333333,0,0,0.874958,1,0,0.925915,1,0,1.1e-05,0,0,0.925915,1,0,0.0,0,0,0.0,0,0,0.0,0,0,0.0,0,0,0.03199,0,0,0.0,0,0,0.0,0,0,0.0,0,0,0.0,0,0,0.0,0,0,0.992398,1,0,0.995149,1,0,9e-06,0,0,0.995149,1,0,0.515411,1,0,0.585059,1,0,0.666667,1,0,0.685847,1,0,0.489338,0,0,0.810684,1,0,0.487633,0,0,0.0,0,0,0.0,0,0,0.333333,0,0,0.001402,0,0,0.006022,0,0,2e-06,0,0,0.001029,0,0,1
91,0.000362,0,0,0.000313,0,0,1.0,1,0,0.864969,1,0,0.916339,1,0,0.016291,0,0,0.916339,1,0,0.0,0,0,0.0,0,0,0.0,0,0,0.0,0,0,0.03199,0,0,0.0,0,0,0.0,0,0,0.000375,0,0,0.000417,0,0,1.0,1,0,1.0,1,0,1.0,1,0,0.005019,0,0,1.0,1,0,0.866191,1,0,0.984364,1,0,0.333333,0,0,1.0,1,0,1.0,1,0,0.884874,1,0,1.0,1,0,3.8e-05,0,0,3.3e-05,0,0,1.0,1,0,0.020645,0,0,0.006964,0,0,0.000519,0,0,0.021843,0,0,1
92,0.4519,0,0,0.459986,0,0,0.666667,1,0,0.897156,1,0,0.925874,1,0,0.142895,0,0,0.925874,1,0,0.0,0,0,0.0,0,0,0.0,0,0,0.0,0,0,0.03199,0,0,0.0,0,0,0.0,0,0,0.460567,0,0,0.683323,1,0,0.666667,1,0,0.916495,1,0,0.914403,1,0,0.190361,0,0,0.914403,1,0,0.703593,1,0,0.52322,1,0,0.333333,0,0,0.752162,1,0,0.588307,1,0,0.875832,1,0,0.586932,1,0,0.450276,0,0,0.492823,0,0,0.333333,0,0,0.764691,1,0,0.703116,1,0,0.605116,1,0,0.701092,1,0,1
93,0.053437,0,1,0.084364,0,1,0.666667,1,1,0.907369,1,1,0.935781,1,1,0.125989,0,1,0.935781,1,1,0.0,0,1,0.0,0,1,0.0,0,1,0.0,0,1,0.03199,0,1,0.0,0,1,0.0,0,1,0.127321,0,1,0.179731,0,1,0.333333,0,1,0.909401,1,1,0.910167,1,1,0.183077,0,1,0.910167,1,1,0.013294,0,1,0.012946,0,1,0.0,0,1,0.178181,0,1,0.067916,0,1,0.074811,0,1,0.064843,0,1,0.233271,0,1,0.206416,0,1,0.333333,0,1,0.764527,1,1,0.702974,1,1,0.604854,1,1,0.700949,1,1,1
94,4.5e-05,0,0,3.9e-05,0,0,1.0,1,0,0.875595,1,0,0.926391,1,0,8.5e-05,0,0,0.926391,1,0,0.0,0,0,0.0,0,0,0.0,0,0,0.0,0,0,0.03199,0,0,0.0,0,0,0.0,0,0,6.4e-05,0,0,7.6e-05,0,0,1.0,1,0,0.992884,1,0,0.99549,1,0,9.1e-05,0,0,0.99549,1,0,1e-06,0,0,1e-06,0,0,1.0,1,0,0.001487,0,0,0.002808,0,0,5e-06,0,0,0.000634,0,0,4.6e-05,0,0,4e-05,0,0,1.0,1,0,0.013184,0,0,0.007572,0,0,0.000212,0,0,0.012038,0,0,1
95,0.0,0,1,0.0,0,1,0.0,0,1,0.875147,1,1,0.92606,1,1,0.0,0,1,0.92606,1,1,0.0,0,1,0.0,0,1,0.0,0,1,0.0,0,1,0.03199,0,1,0.0,0,1,0.0,0,1,0.0,0,1,0.0,0,1,0.0,0,1,0.992017,1,1,0.994875,1,1,0.0,0,1,0.994875,1,1,0.0,0,1,0.0,0,1,0.0,0,1,0.0,0,1,0.003327,0,1,0.0,0,1,0.0,0,1,0.0,0,1,0.0,0,1,0.0,0,1,0.0,0,1,0.006772,0,1,0.0,0,1,0.0,0,1,1
96,0.0,0,1,0.0,0,1,0.0,0,1,0.875147,1,1,0.92606,1,1,0.0,0,1,0.92606,1,1,0.0,0,1,0.0,0,1,0.0,0,1,0.0,0,1,0.03199,0,1,0.0,0,1,0.0,0,1,0.0,0,1,0.0,0,1,0.0,0,1,0.992017,1,1,0.994875,1,1,0.0,0,1,0.994875,1,1,0.0,0,1,0.0,0,1,0.0,0,1,0.0,0,1,0.003327,0,1,0.0,0,1,0.0,0,1,0.0,0,1,0.0,0,1,0.0,0,1,0.0,0,1,0.006772,0,1,0.0,0,1,0.0,0,1,1
97,0.0,0,1,0.0,0,1,0.0,0,1,0.875147,1,1,0.92606,1,1,0.0,0,1,0.92606,1,1,0.0,0,1,0.0,0,1,0.0,0,1,0.0,0,1,0.03199,0,1,0.0,0,1,0.0,0,1,0.0,0,1,0.0,0,1,0.0,0,1,0.992017,1,1,0.994875,1,1,0.0,0,1,0.994875,1,1,0.0,0,1,0.0,0,1,0.666667,1,1,0.002004,0,1,0.003327,0,1,1e-05,0,1,0.000917,0,1,0.0,0,1,0.0,0,1,0.0,0,1,0.0,0,1,0.006772,0,1,0.0,0,1,0.0,0,1,1
98,0.0,0,0,0.0,0,0,0.0,0,0,0.875147,1,0,0.92606,1,0,0.0,0,0,0.92606,1,0,0.0,0,0,0.0,0,0,0.0,0,0,0.0,0,0,0.03199,0,0,0.0,0,0,0.0,0,0,0.0,0,0,0.0,0,0,0.0,0,0,0.992017,1,0,0.994875,1,0,0.0,0,0,0.994875,1,0,0.000216,0,0,0.000197,0,0,1.0,1,0,0.313246,0,0,0.108134,0,0,0.234475,0,0,0.105157,0,0,0.0,0,0,0.0,0,0,0.0,0,0,0.0,0,0,0.006772,0,0,0.0,0,0,0.0,0,0,1
99,2e-06,0,0,3e-06,0,0,1.0,1,0,0.875917,1,0,0.926633,1,0,0.000113,0,0,0.926633,1,0,0.0,0,0,0.0,0,0,0.0,0,0,0.0,0,0,0.03199,0,0,0.0,0,0,0.0,0,0,0.0,0,0,1e-06,0,0,0.666667,1,0,0.991469,1,0,0.994475,1,0,3e-05,0,0,0.994475,1,0,0.586971,1,0,0.55561,1,0,0.666667,1,0,0.646943,1,0,0.427643,0,0,0.77275,1,0,0.425733,0,0,0.0,0,0,0.0,0,0,0.333333,0,0,0.003171,0,0,0.00732,0,0,1.2e-05,0,0,0.002527,0,0,1
100,0.003355,0,0,0.002849,0,0,1.0,1,0,0.807251,1,0,0.848307,1,0,0.204805,0,0,0.848307,1,0,0.0,0,0,0.0,0,0,0.0,0,0,0.0,0,0,0.03199,0,0,0.0,0,0,0.0,0,0,0.001241,0,0,0.001365,0,0,1.0,1,0,0.955336,1,0,0.955083,1,0,0.100626,0,0,0.955083,1,0,0.885938,1,0,0.940939,1,0,0.333333,0,0,0.929493,1,0,0.861556,1,0,0.972191,1,0,0.861094,1,0,0.000161,0,0,0.000136,0,0,1.0,1,0,0.390439,0,0,0.24332,0,0,0.173353,0,0,0.238161,0,0,1
101,0.833507,1,0,0.964882,1,0,0.666667,1,0,0.874308,1,0,0.888395,1,0,0.304295,0,0,0.888395,1,0,0.0,0,0,0.0,0,0,0.0,0,0,0.0,0,0,0.03199,0,0,0.0,0,0,0.0,0,0,0.471921,0,0,0.766064,1,0,0.666667,1,0,0.91895,1,0,0.916091,1,0,0.191278,0,0,0.916091,1,0,0.478199,0,0,0.450783,0,0,0.333333,0,0,0.737405,1,0,0.54242,1,0,0.907161,1,0,0.540893,1,0,0.4576,0,0,0.54879,1,0,0.333333,0,0,0.695812,1,0,0.625985,1,0,0.505013,1,0,0.623435,1,0,1
102,0.022373,0,0,0.03341,0,0,0.0,0,0,0.940026,1,0,0.966774,1,0,0.076003,0,0,0.966774,1,0,0.0,0,0,0.0,0,0,0.0,0,0,0.0,0,0,0.03199,0,0,0.0,0,0,0.0,0,0,0.022446,0,0,0.030565,0,0,0.0,0,0,0.955336,1,0,0.955083,1,0,0.100626,0,0,0.955083,1,0,0.000259,0,0,0.000222,0,0,1.0,1,0,0.015028,0,0,0.003503,0,0,0.000583,0,0,0.007651,0,0,0.046944,0,0,0.044156,0,0,0.0,0,0,0.575986,1,0,0.390194,0,0,0.371679,0,0,0.386036,0,0,1
103,2.1e-05,0,1,2e-05,0,1,1.0,1,1,0.875223,1,1,0.926113,1,1,4.6e-05,0,1,0.926113,1,1,0.0,0,1,0.0,0,1,0.0,0,1,0.0,0,1,0.03199,0,1,0.0,0,1,0.0,0,1,1.3e-05,0,1,2e-05,0,1,1.0,1,1,0.991469,1,1,0.994475,1,1,3e-05,0,1,0.994475,1,1,0.0,0,1,0.0,0,1,0.333333,0,1,0.000874,0,1,0.003072,0,1,2e-06,0,1,0.00034,0,1,1.1e-05,0,1,1e-05,0,1,1.0,1,1,0.006185,0,1,0.006981,0,1,4.7e-05,0,1,0.005235,0,1,1
104,0.0,0,1,0.0,0,1,0.0,0,1,0.875147,1,1,0.92606,1,1,0.0,0,1,0.92606,1,1,0.0,0,1,0.0,0,1,0.0,0,1,0.0,0,1,0.03199,0,1,0.0,0,1,0.0,0,1,0.0,0,1,0.0,0,1,0.0,0,1,0.992017,1,1,0.994875,1,1,0.0,0,1,0.994875,1,1,5e-06,0,1,5e-06,0,1,1.0,1,1,0.005478,0,1,0.003738,0,1,7.7e-05,0,1,0.002683,0,1,0.0,0,1,0.0,0,1,0.0,0,1,0.0,0,1,0.006772,0,1,0.0,0,1,0.0,0,1,1
105,0.0,0,0,0.0,0,0,0.0,0,0,0.875147,1,0,0.92606,1,0,0.0,0,0,0.92606,1,0,0.0,0,0,0.0,0,0,0.0,0,0,0.0,0,0,0.03199,0,0,0.0,0,0,0.0,0,0,0.0,0,0,0.0,0,0,0.0,0,0,0.992017,1,0,0.994875,1,0,0.0,0,0,0.994875,1,0,0.006828,0,0,0.008499,0,0,0.0,0,0,0.457942,0,0,0.212616,0,0,0.466424,0,0,0.209988,0,0,0.0,0,0,0.0,0,0,0.0,0,0,0.0,0,0,0.006772,0,0,0.0,0,0,0.0,0,0,1
106,0.0,0,0,0.0,0,0,0.0,0,0,0.875147,1,0,0.92606,1,0,0.0,0,0,0.92606,1,0,0.0,0,0,0.0,0,0,0.0,0,0,0.0,0,0,0.03199,0,0,0.0,0,0,0.0,0,0,0.0,0,0,0.0,0,0,0.0,0,0,0.992017,1,0,0.994875,1,0,0.0,0,0,0.994875,1,0,0.972036,1,0,0.999655,1,0,0.666667,1,0,0.686785,1,0,0.484153,0,0,0.822564,1,0,0.482432,0,0,0.0,0,0,0.0,0,0,0.0,0,0,0.0,0,0,0.006772,0,0,0.0,0,0,0.0,0,0,1
107,0.0,0,1,0.0,0,1,0.0,0,1,0.875147,1,1,0.92606,1,1,0.0,0,1,0.92606,1,1,0.0,0,1,0.0,0,1,0.0,0,1,0.0,0,1,0.03199,0,1,0.0,0,1,0.0,0,1,0.0,0,1,0.0,0,1,0.0,0,1,0.992017,1,1,0.994875,1,1,0.0,0,1,0.994875,1,1,0.329538,0,1,0.256988,0,1,0.333333,0,1,0.511871,1,1,0.2757,0,1,0.549525,1,1,0.273283,0,1,0.0,0,1,0.0,0,1,0.0,0,1,0.0,0,1,0.006772,0,1,0.0,0,1,0.0,0,1,1
108,0.0,0,0,0.0,0,0,0.0,0,0,0.875147,1,0,0.92606,1,0,0.0,0,0,0.92606,1,0,0.0,0,0,0.0,0,0,0.0,0,0,0.0,0,0,0.03199,0,0,0.0,0,0,0.0,0,0,0.0,0,0,0.0,0,0,0.0,0,0,0.992017,1,0,0.994875,1,0,0.0,0,0,0.994875,1,0,1.5e-05,0,0,1.5e-05,0,0,1.0,1,0,0.004319,0,0,0.003695,0,0,4.8e-05,0,0,0.002121,0,0,0.0,0,0,0.0,0,0,0.0,0,0,0.0,0,0,0.006772,0,0,0.0,0,0,0.0,0,0,1
109,0.0,0,0,0.0,0,0,0.0,0,0,0.875147,1,0,0.92606,1,0,0.0,0,0,0.92606,1,0,0.0,0,0,0.0,0,0,0.0,0,0,0.0,0,0,0.03199,0,0,0.0,0,0,0.0,0,0,0.0,0,0,0.0,0,0,0.0,0,0,0.992017,1,0,0.994875,1,0,0.0,0,0,0.994875,1,0,0.0,0,0,0.0,0,0,0.0,0,0,0.0,0,0,0.003327,0,0,0.0,0,0,0.0,0,0,0.0,0,0,0.0,0,0,0.0,0,0,0.0,0,0,0.006772,0,0,0.0,0,0,0.0,0,0,1
110,0.0,0,1,0.0,0,1,0.0,0,1,0.875147,1,1,0.92606,1,1,0.0,0,1,0.92606,1,1,0.0,0,1,0.0,0,1,0.0,0,1,0.0,0,1,0.03199,0,1,0.0,0,1,0.0,0,1,0.0,0,1,0.0,0,1,0.0,0,1,0.992017,1,1,0.994875,1,1,0.0,0,1,0.994875,1,1,0.0,0,1,0.0,0,1,0.0,0,1,0.0,0,1,0.003327,0,1,0.0,0,1,0.0,0,1,0.0,0,1,0.0,0,1,0.0,0,1,0.0,0,1,0.006772,0,1,0.0,0,1,0.0,0,1,1
111,0.0,0,1,0.0,0,1,0.0,0,1,0.875147,1,1,0.92606,1,1,0.0,0,1,0.92606,1,1,0.0,0,1,0.0,0,1,0.0,0,1,0.0,0,1,0.03199,0,1,0.0,0,1,0.0,0,1,0.0,0,1,0.0,0,1,0.0,0,1,0.992017,1,1,0.994875,1,1,0.0,0,1,0.994875,1,1,0.0,0,1,0.0,0,1,0.0,0,1,0.0,0,1,0.003327,0,1,0.0,0,1,0.0,0,1,0.0,0,1,0.0,0,1,0.0,0,1,0.0,0,1,0.006772,0,1,0.0,0,1,0.0,0,1,1
112,0.0,0,1,0.0,0,1,0.0,0,1,0.875147,1,1,0.92606,1,1,0.0,0,1,0.92606,1,1,0.0,0,1,0.0,0,1,0.0,0,1,0.0,0,1,0.03199,0,1,0.0,0,1,0.0,0,1,0.0,0,1,0.0,0,1,0.0,0,1,0.992017,1,1,0.994875,1,1,0.0,0,1,0.994875,1,1,0.0,0,1,0.0,0,1,0.0,0,1,0.0,0,1,0.003327,0,1,0.0,0,1,0.0,0,1,0.0,0,1,0.0,0,1,0.0,0,1,0.0,0,1,0.006772,0,1,0.0,0,1,0.0,0,1,1
113,0.0,0,1,0.0,0,1,0.0,0,1,0.875147,1,1,0.92606,1,1,0.0,0,1,0.92606,1,1,0.0,0,1,0.0,0,1,0.0,0,1,0.0,0,1,0.03199,0,1,0.0,0,1,0.0,0,1,0.0,0,1,0.0,0,1,0.0,0,1,0.992017,1,1,0.994875,1,1,0.0,0,1,0.994875,1,1,0.0,0,1,0.0,0,1,0.666667,1,1,0.002004,0,1,0.003327,0,1,1e-05,0,1,0.000917,0,1,0.0,0,1,0.0,0,1,0.0,0,1,0.0,0,1,0.006772,0,1,0.0,0,1,0.0,0,1,1
114,0.0,0,1,0.0,0,1,0.0,0,1,0.875147,1,1,0.92606,1,1,0.0,0,1,0.92606,1,1,0.0,0,1,0.0,0,1,0.0,0,1,0.0,0,1,0.03199,0,1,0.0,0,1,0.0,0,1,0.0,0,1,0.0,0,1,0.0,0,1,0.992017,1,1,0.994875,1,1,0.0,0,1,0.994875,1,1,0.000216,0,1,0.000197,0,1,1.0,1,1,0.313246,0,1,0.108134,0,1,0.234475,0,1,0.105157,0,1,0.0,0,1,0.0,0,1,0.0,0,1,0.0,0,1,0.006772,0,1,0.0,0,1,0.0,0,1,1
115,1e-06,0,0,1e-06,0,0,1.0,1,0,0.875511,1,0,0.926336,1,0,1.6e-05,0,0,0.926336,1,0,3e-06,0,0,4e-06,0,0,1.0,1,0,0.02121,0,0,0.027498,0,0,0.000491,0,0,0.025213,0,0,0.0,0,0,0.0,0,0,0.333333,0,0,0.991827,1,0,0.994735,1,0,2.4e-05,0,0,0.994735,1,0,0.587111,1,0,0.55561,1,0,0.666667,1,0,0.647035,1,0,0.427912,0,0,0.772668,1,0,0.426003,0,0,0.0,0,0,0.0,0,0,0.333333,0,0,0.001614,0,0,0.006177,0,0,3e-06,0,0,0.001116,0,0,1
116,0.000476,0,0,0.0004,0,0,1.0,1,0,0.826255,1,0,0.882012,1,0,0.054659,0,0,0.882012,1,0,0.006963,0,0,0.004725,0,0,1.0,1,0,0.972248,1,0,0.970153,1,0,0.940773,1,0,0.969166,1,0,0.000846,0,0,0.000948,0,0,1.0,1,0,0.980812,1,0,0.983039,1,0,0.028889,0,0,0.983039,1,0,0.885925,1,0,0.949518,1,0,0.333333,0,0,0.933289,1,0,0.899028,1,0,0.878237,1,0,0.898691,1,0,6.8e-05,0,0,6.1e-05,0,0,1.0,1,0,0.291036,0,0,0.178764,0,0,0.096654,0,0,0.173164,0,0,1
117,0.37215,0,0,0.407547,0,0,0.666667,1,0,0.894457,1,0,0.92606,1,0,0.123887,0,0,0.92606,1,0,0.937729,1,0,1.0,1,0,0.333333,0,0,1.0,1,0,0.973898,1,0,1.0,1,0,0.977299,1,0,0.527147,1,0,0.779625,1,0,0.666667,1,0,0.918006,1,0,0.915441,1,0,0.190934,0,0,0.915441,1,0,0.376366,0,0,0.340553,0,0,0.333333,0,0,0.745838,1,0,0.595394,1,0,0.837143,1,0,0.594044,1,0,0.67767,1,0,0.788979,1,0,0.333333,0,0,0.867189,1,0,0.827966,1,0,0.766966,1,0,0.826793,1,0,1
118,0.029709,0,1,0.031777,0,1,0.333333,0,1,0.941168,1,1,0.970108,1,1,0.054659,0,1,0.970108,1,1,0.015262,0,1,0.009811,0,1,1.0,1,1,0.2351,0,1,0.029847,0,1,0.060579,0,1,0.29237,0,1,0.056764,0,1,0.07827,0,1,0.0,0,1,0.929451,1,1,0.927127,1,1,0.167266,0,1,0.927127,1,1,0.001433,0,1,0.001932,0,1,1.0,1,1,0.07606,0,1,0.019543,0,1,0.014481,0,1,0.030235,0,1,0.113325,0,1,0.126637,0,1,0.333333,0,1,0.816957,1,1,0.6524,1,1,0.720912,1,1,0.65003,1,1,1
119,1.2e-05,0,0,1.1e-05,0,0,1.0,1,0,0.874788,1,0,0.925785,1,0,1.6e-05,0,0,0.925785,1,0,1.5e-05,0,0,1.4e-05,0,0,1.0,1,0,0.009429,0,0,0.030593,0,0,9.7e-05,0,0,0.010163,0,0,2.3e-05,0,0,2.8e-05,0,0,1.0,1,0,0.992013,1,0,0.994866,1,0,4.6e-05,0,0,0.994866,1,0,1e-06,0,0,2e-06,0,0,1.0,1,0,0.001922,0,0,0.003341,0,0,1e-05,0,0,0.000824,0,0,2.1e-05,0,0,1.9e-05,0,0,1.0,1,0,0.010028,0,0,0.003793,0,0,0.000121,0,0,0.008862,0,0,1
120,0.0,0,1,0.0,0,1,0.0,0,1,0.875147,1,1,0.92606,1,1,0.0,0,1,0.92606,1,1,0.0,0,1,0.0,0,1,0.0,0,1,0.0,0,1,0.03199,0,1,0.0,0,1,0.0,0,1,0.0,0,1,0.0,0,1,0.0,0,1,0.992017,1,1,0.994875,1,1,0.0,0,1,0.994875,1,1,5e-06,0,1,5e-06,0,1,1.0,1,1,0.006503,0,1,0.003818,0,1,0.000109,0,1,0.003115,0,1,0.0,0,1,0.0,0,1,0.0,0,1,0.0,0,1,0.006772,0,1,0.0,0,1,0.0,0,1,1
121,0.0,0,1,0.0,0,1,0.0,0,1,0.875147,1,1,0.92606,1,1,0.0,0,1,0.92606,1,1,0.0,0,1,0.0,0,1,0.0,0,1,0.0,0,1,0.03199,0,1,0.0,0,1,0.0,0,1,0.0,0,1,0.0,0,1,0.0,0,1,0.992017,1,1,0.994875,1,1,0.0,0,1,0.994875,1,1,0.007334,0,1,0.009772,0,1,0.0,0,1,0.455062,0,1,0.212739,0,1,0.45955,0,1,0.210111,0,1,0.0,0,1,0.0,0,1,0.0,0,1,0.0,0,1,0.006772,0,1,0.0,0,1,0.0,0,1,1
122,0.0,0,1,0.0,0,1,0.0,0,1,0.875147,1,1,0.92606,1,1,0.0,0,1,0.92606,1,1,0.0,0,1,0.0,0,1,0.0,0,1,0.0,0,1,0.03199,0,1,0.0,0,1,0.0,0,1,0.0,0,1,0.0,0,1,0.0,0,1,0.992017,1,1,0.994875,1,1,0.0,0,1,0.994875,1,1,0.94417,1,1,1.0,1,1,0.666667,1,1,0.64213,1,1,0.430305,0,1,0.752869,1,1,0.428403,0,1,0.0,0,1,0.0,0,1,0.0,0,1,0.0,0,1,0.006772,0,1,0.0,0,1,0.0,0,1,1
123,0.0,0,0,0.0,0,0,0.0,0,0,0.875147,1,0,0.92606,1,0,0.0,0,0,0.92606,1,0,0.0,0,0,0.0,0,0,0.0,0,0,0.0,0,0,0.03199,0,0,0.0,0,0,0.0,0,0,0.0,0,0,0.0,0,0,0.0,0,0,0.992017,1,0,0.994875,1,0,0.0,0,0,0.994875,1,0,0.271177,0,0,0.237766,0,0,0.333333,0,0,0.453138,0,0,0.222066,0,0,0.448223,0,0,0.219469,0,0,0.0,0,0,0.0,0,0,0.0,0,0,0.0,0,0,0.006772,0,0,0.0,0,0,0.0,0,0,1
124,0.0,0,0,0.0,0,0,0.0,0,0,0.875147,1,0,0.92606,1,0,0.0,0,0,0.92606,1,0,0.0,0,0,0.0,0,0,0.0,0,0,0.0,0,0,0.03199,0,0,0.0,0,0,0.0,0,0,0.0,0,0,0.0,0,0,0.0,0,0,0.992017,1,0,0.994875,1,0,0.0,0,0,0.994875,1,0,2.7e-05,0,0,2.6e-05,0,0,1.0,1,0,0.006475,0,0,0.003952,0,0,0.000108,0,0,0.003101,0,0,0.0,0,0,0.0,0,0,0.0,0,0,0.0,0,0,0.006772,0,0,0.0,0,0,0.0,0,0,1
