segment_idx,segment_start,segment_end,m1_speed_psd_peak_baseband,m1_speed_psd_peak_am_demodulated,m1_speed_psd_mean_energy_baseband,m1_speed_psd_mean_energy_am_demodulated,m1_speed_psd_peak_freq_baseband,m1_speed_psd_peak_freq_am_demodulated,m1_speed_rms_baseband,m1_speed_rms_am_demodulated,m1_speed_mean_baseband,m1_speed_mean_am_demodulated,m1_speed_variance_baseband,m1_speed_variance_am_demodulated,m1_speed_fft_peak_baseband,m1_speed_fft_peak_am_demodulated,o8_compressor_psd_peak_baseband,o8_compressor_psd_peak_am_demodulated,o8_compressor_psd_mean_energy_baseband,o8_compressor_psd_mean_energy_am_demodulated,o8_compressor_psd_peak_freq_baseband,o8_compressor_psd_peak_freq_am_demodulated,o8_compressor_rms_baseband,o8_compressor_rms_am_demodulated,o8_compressor_mean_baseband,o8_compressor_mean_am_demodulated,o8_compressor_variance_baseband,o8_compressor_variance_am_demodulated,o8_compressor_fft_peak_baseband,o8_compressor_fft_peak_am_demodulated,current_task_duration_psd_peak_baseband,current_task_duration_psd_peak_am_demodulated,current_task_duration_psd_mean_energy_baseband,current_task_duration_psd_mean_energy_am_demodulated,current_task_duration_psd_peak_freq_baseband,current_task_duration_psd_peak_freq_am_demodulated,current_task_duration_rms_baseband,current_task_duration_rms_am_demodulated,current_task_duration_mean_baseband,current_task_duration_mean_am_demodulated,current_task_duration_variance_baseband,current_task_duration_variance_am_demodulated,current_task_duration_fft_peak_baseband,current_task_duration_fft_peak_am_demodulated,current_state_binary
0,2023-02-06T14:08:10.000000000,2023-02-06T14:09:08.000000000,0.001638,0.814387,0.001034,0.712706,1.0,1.0,0.0,0.342324,0.0,0.282647,0.613478,1.0,0.0,0.282647,0.0,0.518388,0.0,0.53128,0.0,0.454906,0.0,0.515169,0.079554,0.566896,0.0,0.517283,0.0,0.532745,0.0,0.434049,0.0,0.435855,0.0,0.665607,0.0,0.403059,0.005896,0.489718,0.0,0.425571,0.0,0.485645,1
1,2023-02-06T14:08:40.000000000,2023-02-06T14:09:38.000000000,0.699513,0.820829,0.395961,0.606362,0.333333,0.440425,0.559359,0.170249,0.533949,0.098282,1.0,0.884483,0.533949,0.098282,0.0,0.337067,0.0,0.344833,0.0,0.277952,0.0,0.310622,0.079554,0.356657,0.0,0.318316,0.0,0.323223,0.0,0.262812,0.0,0.261489,0.0,0.269917,0.0,0.179402,0.005896,0.27057,0.0,0.207533,0.0,0.267284,1
2,2023-02-06T14:09:10.000000000,2023-02-06T14:10:08.000000000,0.000234,0.433933,0.000144,0.28116,1.0,0.142769,0.814006,0.141618,0.88973,0.108082,0.000475,0.447056,0.88973,0.108082,0.0,0.150327,0.0,0.150203,0.0,0.171199,0.0,0.163,0.079554,0.183267,0.0,0.162865,0.0,0.169785,0.0,0.11344,0.0,0.106476,0.0,0.0,0.0,0.0,0.005896,0.068458,0.0,0.047,0.0,0.066312,1
3,2023-02-06T14:09:40.000000000,2023-02-06T14:10:38.000000000,0.0,0.468634,0.0,0.485475,0.333333,0.456081,0.813973,0.809227,0.889759,0.820394,1e-06,0.449265,0.889759,0.820394,0.0,0.435423,0.0,0.445961,0.0,0.331265,0.0,0.378049,0.079554,0.441625,0.0,0.394339,0.0,0.394881,0.0,0.369058,0.0,0.370586,0.0,0.360935,0.0,0.290891,0.005896,0.389207,0.0,0.325977,0.0,0.385668,1
4,2023-02-06T14:10:10.000000000,2023-02-06T14:11:08.000000000,0.0,0.470175,0.0,0.449568,0.0,0.152613,0.813854,0.784267,0.889665,0.787408,0.0,0.388026,0.889665,0.787408,0.0,0.362272,0.0,0.368519,0.0,0.338621,0.0,0.361152,0.079554,0.400357,0.0,0.364113,0.0,0.375813,0.0,0.327935,0.0,0.326084,0.0,0.280873,0.0,0.254172,0.005896,0.331269,0.0,0.299827,0.0,0.32821,1
5,2023-02-06T14:10:40.000000000,2023-02-06T14:11:38.000000000,0.0,0.375263,0.0,0.382812,0.0,0.189988,0.813854,0.817168,0.889665,0.834006,0.0,0.302444,0.889665,0.834006,0.0,0.375617,0.0,0.383419,0.0,0.348562,0.0,0.379685,0.079554,0.412712,0.0,0.37971,0.0,0.3928,0.0,0.308927,0.0,0.307178,0.0,0.311353,0.0,0.247522,0.005896,0.325473,0.0,0.279112,0.0,0.322378,1
6,2023-02-06T14:11:10.000000000,2023-02-06T14:12:08.000000000,0.0,0.290662,0.0,0.312798,0.0,0.240831,0.813854,0.795435,0.889665,0.822287,0.0,0.230483,0.889665,0.822287,0.0,0.39352,0.0,0.40363,0.0,0.352413,0.0,0.396107,0.079554,0.422699,0.0,0.395604,0.0,0.406796,0.0,0.275719,0.0,0.273215,0.0,0.33847,0.0,0.230105,0.005896,0.309373,0.0,0.242646,0.0,0.306376,1
7,2023-02-06T14:11:40.000000000,2023-02-06T14:12:38.000000000,0.0,0.2669,0.0,0.267417,0.0,0.168927,0.813854,0.702864,0.889665,0.722927,0.0,0.20318,0.889665,0.722927,0.0,0.30542,0.0,0.310448,0.0,0.403929,0.0,0.406862,0.079554,0.395632,0.0,0.377545,0.0,0.417293,0.0,0.241553,0.0,0.236928,0.0,0.322171,0.0,0.220797,0.005896,0.272112,0.0,0.232398,0.0,0.269198,1
8,2023-02-06T14:12:10.000000000,2023-02-06T14:13:08.000000000,0.0,0.299887,0.0,0.319922,0.0,0.469597,0.813854,0.789154,0.889665,0.814775,0.0,0.229599,0.889665,0.814775,0.0,0.451586,0.0,0.464918,0.0,0.437588,0.0,0.452728,0.079554,0.471568,0.0,0.45023,0.0,0.462054,0.0,0.275699,0.0,0.271217,0.0,0.438411,9e-06,0.26128,0.005894,0.337929,0.0,0.25294,2e-06,0.335186,1
9,2023-02-06T14:12:40.000000000,2023-02-06T14:13:38.000000000,1e-06,0.244216,1e-06,0.245816,1.0,0.693895,0.814061,0.649675,0.889821,0.671688,5.8e-05,0.214533,0.889821,0.671688,0.0,0.294033,0.0,0.29902,0.333333,0.617625,0.014115,0.478283,0.083782,0.420258,0.000215,0.407681,0.015189,0.491364,0.0,0.229364,0.0,0.225693,0.333333,0.617472,0.00087,0.249615,0.005729,0.28033,2e-06,0.232255,0.000298,0.277673,0
10,2023-02-06T14:13:10.000000000,2023-02-06T14:14:08.000000000,0.001755,0.358013,0.001143,0.363927,1.0,0.779656,0.77719,0.737185,0.854191,0.758158,0.05577,0.325735,0.854191,0.758158,0.002443,0.445373,0.001807,0.458415,1.0,0.860648,0.54039,0.7414,0.331602,0.613103,0.31058,0.620937,0.537737,0.762866,3.6e-05,0.298086,5.4e-05,0.295059,1.0,1.0,0.216218,0.439969,0.105354,0.420628,0.092051,0.352719,0.100048,0.418145,0
11,2023-02-06T14:13:40.000000000,2023-02-06T14:14:38.000000000,0.174185,0.48744,0.138147,0.471289,0.333333,0.570856,0.830569,0.782666,0.888934,0.789693,0.121618,0.374992,0.888934,0.789693,0.943055,0.805393,0.966962,0.836592,0.666667,0.768552,1.0,0.835304,0.911991,0.796969,1.0,0.815652,0.930721,0.845639,0.255174,0.400708,0.239307,0.390299,0.333333,0.816822,0.646556,0.592006,0.539139,0.586876,0.450707,0.499833,0.536405,0.585459,0
12,2023-02-06T14:14:10.000000000,2023-02-06T14:15:08.000000000,0.038287,0.381981,0.041607,0.356808,0.333333,0.450446,0.866761,0.66826,0.925138,0.670161,0.05577,0.300634,0.925138,0.670161,0.067727,0.607016,0.063567,0.627915,0.0,0.597822,0.841652,0.655689,0.668398,0.64631,0.727646,0.655097,0.721352,0.653445,0.359494,0.456646,0.416315,0.470461,0.333333,0.473653,1.0,0.634553,0.947529,0.622169,0.685646,0.603384,0.947217,0.621013,1
13,2023-02-06T14:14:40.000000000,2023-02-06T14:15:38.000000000,3.9e-05,0.285177,2.6e-05,0.292975,1.0,0.400286,0.814601,0.691483,0.890239,0.710028,0.000122,0.272912,0.890239,0.710028,4.1e-05,0.336952,3.8e-05,0.343668,1.0,0.45635,0.014115,0.486168,0.083782,0.463153,0.000215,0.44769,0.015189,0.490366,0.783315,0.357441,0.909473,0.3789,0.333333,0.828998,0.793146,0.446987,0.514472,0.472607,1.0,0.418743,0.511592,0.473759,1
14,2023-02-06T14:15:10.000000000,2023-02-06T14:16:08.000000000,0.0,0.349126,0.0,0.343794,0.0,0.143593,0.813854,0.730157,0.889665,0.743907,0.0,0.28777,0.889665,0.743907,0.0,0.404663,0.0,0.414708,0.0,0.304147,0.0,0.412215,0.079554,0.438352,0.0,0.416113,0.0,0.422062,0.000353,0.224762,0.000377,0.208074,1.0,0.824049,0.019157,0.193984,0.006306,0.276552,0.00087,0.179469,0.0088,0.278201,1
15,2023-02-06T14:15:40.000000000,2023-02-06T14:16:38.000000000,0.0,0.344708,0.0,0.351465,0.0,0.186657,0.813854,0.779354,0.889665,0.797575,0.0,0.282681,0.889665,0.797575,0.0,0.358042,0.0,0.365402,0.0,0.333986,0.0,0.36522,0.079554,0.396059,0.0,0.364206,0.0,0.377465,0.0,0.290041,0.0,0.288259,0.333333,0.547657,0.000866,0.229426,0.005744,0.306367,2e-06,0.257419,0.000252,0.303362,1
16,2023-02-06T14:16:10.000000000,2023-02-06T14:17:08.000000000,0.0,0.235596,0.0,0.247247,0.0,0.108706,0.813854,0.683369,0.889665,0.70972,0.0,0.208183,0.889665,0.70972,0.0,0.274701,0.0,0.279301,0.0,0.273407,0.0,0.277697,0.079554,0.309083,0.0,0.27619,0.0,0.288722,0.0,0.239621,0.0,0.242699,0.0,0.331636,0.0,0.14537,0.005896,0.221697,0.0,0.188348,0.0,0.218781,1
17,2023-02-06T14:16:40.000000000,2023-02-06T14:17:38.000000000,0.0,0.293275,0.0,0.296975,0.0,0.049467,0.813854,0.726332,0.889665,0.746136,0.0,0.231818,0.889665,0.746136,0.0,0.314148,0.0,0.320115,0.0,0.258514,0.0,0.285529,0.079554,0.332617,0.0,0.299055,0.0,0.297257,0.0,0.240268,0.0,0.232269,0.0,0.285941,0.0,0.12904,0.005896,0.209835,0.0,0.184639,0.0,0.207938,1
18,2023-02-06T14:17:10.000000000,2023-02-06T14:18:08.000000000,0.0,0.322516,0.0,0.339469,0.0,0.145277,0.813854,0.798194,0.889665,0.821905,0.0,0.261911,0.889665,0.821905,0.0,0.325192,0.0,0.331031,0.0,0.305343,0.0,0.317472,0.079554,0.354463,0.0,0.316778,0.0,0.330981,0.0,0.292681,0.0,0.29757,0.0,0.343455,0.0,0.201532,0.005896,0.283389,0.0,0.24587,0.0,0.280195,1
19,2023-02-06T14:17:40.000000000,2023-02-06T14:18:38.000000000,0.0,0.240947,0.0,0.243945,0.0,0.072967,0.813854,0.658918,0.889665,0.681238,0.0,0.206628,0.889665,0.681238,0.0,0.288182,0.0,0.293593,0.0,0.258277,0.0,0.283066,0.079554,0.318196,0.0,0.288414,0.0,0.293133,0.0,0.214369,0.0,0.208159,0.0,0.223327,0.0,0.119613,0.005896,0.197487,0.0,0.161525,0.0,0.194963,1
20,2023-02-06T14:18:10.000000000,2023-02-06T14:19:08.000000000,0.0,0.271985,0.0,0.276453,0.0,0.134179,0.813854,0.691664,0.889665,0.713112,0.0,0.235154,0.889665,0.713112,0.0,0.315161,0.0,0.321423,0.0,0.295466,0.0,0.322341,0.079554,0.35197,0.0,0.322537,0.0,0.332997,0.0,0.242441,0.0,0.239429,0.0,0.245338,0.0,0.170257,0.005896,0.246919,0.0,0.200003,0.0,0.24399,1
21,2023-02-06T14:18:40.000000000,2023-02-06T14:19:38.000000000,0.0,0.238129,0.0,0.242343,0.0,0.163319,0.813854,0.646146,0.889665,0.669518,0.0,0.221103,0.889665,0.669518,0.0,0.304816,0.0,0.31093,0.0,0.301478,0.0,0.324757,0.079554,0.346059,0.0,0.3189,0.0,0.334561,0.0,0.229383,0.0,0.229075,0.0,0.232111,0.0,0.173078,0.005896,0.247668,0.0,0.188821,0.0,0.24452,1
22,2023-02-06T14:19:10.000000000,2023-02-06T14:20:08.000000000,0.0,0.289116,0.0,0.286108,0.0,0.16159,0.813854,0.678414,0.889665,0.695388,0.0,0.251427,0.889665,0.695388,0.0,0.334415,0.0,0.341557,0.0,0.32184,0.0,0.354944,0.079554,0.382301,0.0,0.356361,0.0,0.365149,0.0,0.24875,0.0,0.240896,0.0,0.21914,0.0,0.197101,0.005896,0.267334,0.0,0.22082,0.0,0.264582,1
23,2023-02-06T14:19:40.000000000,2023-02-06T14:20:38.000000000,0.0,0.379897,0.0,0.388286,0.0,0.257238,0.813854,0.814495,0.889665,0.831889,0.0,0.315537,0.889665,0.831889,0.0,0.395642,0.0,0.404144,0.0,0.378684,0.0,0.410002,0.079554,0.436334,0.0,0.404381,0.0,0.42332,0.0,0.325254,0.0,0.328432,0.0,0.332875,0.0,0.291694,0.005896,0.368236,0.0,0.303564,0.0,0.364843,1
24,2023-02-06T14:20:10.000000000,2023-02-06T14:21:08.000000000,0.0,0.302544,0.0,0.303583,0.0,0.162698,0.813854,0.710946,0.889665,0.728927,0.0,0.257919,0.889665,0.728927,0.0,0.337261,0.0,0.344303,0.0,0.322759,0.0,0.352751,0.079554,0.382192,0.0,0.353869,0.0,0.363719,0.0,0.261699,0.0,0.256278,0.0,0.245305,0.0,0.203822,0.005896,0.276246,0.0,0.2313,0.0,0.273392,1
25,2023-02-06T14:20:40.000000000,2023-02-06T14:21:38.000000000,0.0,0.309122,0.0,0.314802,0.0,0.155982,0.813854,0.736725,0.889665,0.756501,0.0,0.259012,0.889665,0.756501,0.0,0.336857,0.0,0.343665,0.0,0.313218,0.0,0.341728,0.079554,0.373239,0.0,0.34213,0.0,0.353361,0.0,0.266493,0.0,0.264028,0.0,0.268682,0.0,0.198277,0.005896,0.27565,0.0,0.228364,0.0,0.272654,1
26,2023-02-06T14:21:10.000000000,2023-02-06T14:22:08.000000000,0.0,0.282858,0.0,0.292178,0.0,0.124788,0.813854,0.72128,0.889665,0.744309,0.0,0.238743,0.889665,0.744309,0.0,0.317458,0.0,0.32352,0.0,0.284255,0.0,0.310945,0.079554,0.343446,0.0,0.31071,0.0,0.322412,0.0,0.247749,0.0,0.247694,0.0,0.270736,0.0,0.163755,0.005896,0.246612,0.0,0.196346,0.0,0.24352,1
27,2023-02-06T14:21:40.000000000,2023-02-06T14:22:38.000000000,0.0,0.255848,0.0,0.259888,0.0,0.067091,0.813854,0.680207,0.889665,0.701719,0.0,0.216319,0.889665,0.701719,0.0,0.284335,0.0,0.289682,0.0,0.255597,0.0,0.283288,0.079554,0.319971,0.0,0.288772,0.0,0.293723,0.0,0.218346,0.0,0.210129,0.0,0.208279,0.0,0.117162,0.005896,0.195575,0.0,0.16666,0.0,0.192772,1
28,2023-02-06T14:22:10.000000000,2023-02-06T14:23:08.000000000,0.0,0.303812,0.0,0.315446,0.0,0.125609,0.813854,0.753955,0.889665,0.777145,0.0,0.250675,0.889665,0.777145,0.0,0.328987,0.0,0.335191,0.0,0.282125,0.0,0.311828,0.079554,0.346667,0.0,0.311694,0.0,0.324021,0.0,0.256902,0.0,0.2583,0.0,0.290973,0.0,0.16747,0.005896,0.255064,0.0,0.200856,0.0,0.25185,1
29,2023-02-06T14:22:40.000000000,2023-02-06T14:23:38.000000000,0.0,0.320782,0.0,0.32693,0.0,0.12648,0.813854,0.755916,0.889665,0.774857,0.0,0.262074,0.889665,0.774857,0.0,0.329393,0.0,0.33597,0.0,0.298359,0.0,0.329316,0.079554,0.366005,0.0,0.333086,0.0,0.34131,0.0,0.265081,0.0,0.259538,0.0,0.257958,0.0,0.180877,0.005896,0.259626,0.0,0.223887,0.0,0.256636,1
30,2023-02-06T14:23:10.000000000,2023-02-06T14:24:08.000000000,0.0,0.433926,0.0,0.443099,0.0,0.22135,0.813854,0.886893,0.889665,0.901178,0.0,0.339623,0.889665,0.901178,0.0,0.410328,0.0,0.419041,0.0,0.373078,0.0,0.409216,0.079554,0.447115,0.0,0.411541,0.0,0.423899,0.0,0.346887,0.0,0.345758,0.0,0.347524,0.0,0.291281,0.005896,0.370365,0.0,0.324146,0.0,0.367186,1
31,2023-02-06T14:23:40.000000000,2023-02-06T14:24:38.000000000,0.0,0.366441,0.0,0.373389,0.0,0.224687,0.813854,0.796257,0.889665,0.813759,0.0,0.300366,0.889665,0.813759,0.0,0.389164,0.0,0.397326,0.0,0.364761,0.0,0.394452,0.079554,0.423629,0.0,0.392443,0.0,0.407423,0.0,0.314106,0.0,0.316173,0.0,0.328721,0.0,0.271585,0.005896,0.348635,0.0,0.287878,0.0,0.345622,1
32,2023-02-06T14:24:10.000000000,2023-02-06T14:25:08.000000000,0.0,0.276085,0.0,0.275499,0.0,0.168476,0.813854,0.676016,0.889665,0.694096,0.0,0.242511,0.889665,0.694096,0.0,0.320313,0.0,0.327239,0.0,0.334593,0.0,0.356422,0.079554,0.382579,0.0,0.357121,0.0,0.36665,0.0,0.258484,0.0,0.251825,0.0,0.224723,0.0,0.210341,0.005896,0.273668,0.0,0.238833,0.0,0.270994,1
33,2023-02-06T14:24:40.000000000,2023-02-06T14:25:38.000000000,0.0,0.336841,0.0,0.342353,0.0,0.225564,0.813854,0.759747,0.889665,0.778612,0.0,0.282168,0.889665,0.778612,0.0,0.382903,0.0,0.390853,0.0,0.364208,0.0,0.390093,0.079554,0.41604,0.0,0.386659,0.0,0.402287,0.0,0.300681,0.0,0.304282,0.0,0.324456,0.0,0.265303,0.005896,0.341314,0.0,0.27354,0.0,0.338394,1
34,2023-02-06T14:25:10.000000000,2023-02-06T14:26:08.000000000,0.0,0.196997,0.0,0.196543,0.0,0.116406,0.813854,0.589323,0.889665,0.612099,0.0,0.189523,0.889665,0.612099,0.0,0.272102,0.0,0.277634,0.0,0.286385,0.0,0.303931,0.079554,0.327219,0.0,0.3033,0.0,0.312409,0.0,0.204603,0.0,0.198537,0.0,0.184886,0.0,0.141072,0.005896,0.20698,0.0,0.168956,0.0,0.204338,1
35,2023-02-06T14:25:40.000000000,2023-02-06T14:26:38.000000000,0.0,0.20978,0.0,0.21247,0.0,0.108081,0.813854,0.614525,0.889665,0.638671,0.0,0.195264,0.889665,0.638671,0.0,0.281756,0.0,0.287125,0.0,0.270759,0.0,0.292167,0.079554,0.317505,0.0,0.290865,0.0,0.301305,0.0,0.204242,0.0,0.201147,0.0,0.210285,0.0,0.129513,0.005896,0.2049,0.0,0.155195,0.0,0.202135,1
36,2023-02-06T14:26:10.000000000,2023-02-06T14:27:08.000000000,0.0,0.260834,0.0,0.267886,0.0,0.102136,0.813854,0.689471,0.889665,0.713441,0.0,0.22483,0.889665,0.713441,0.0,0.306959,0.0,0.312476,0.0,0.260071,0.0,0.290012,0.079554,0.32197,0.0,0.289804,0.0,0.300794,0.0,0.22266,0.0,0.22154,0.0,0.249795,0.0,0.131048,0.005896,0.217983,0.0,0.161239,0.0,0.214901,1
37,2023-02-06T14:26:40.000000000,2023-02-06T14:27:38.000000000,0.0,0.221229,0.0,0.226567,0.0,0.040015,0.813854,0.643202,0.889665,0.66687,0.0,0.198823,0.889665,0.66687,0.0,0.243856,0.0,0.248429,0.0,0.217954,0.0,0.250801,0.079554,0.28631,0.0,0.254528,0.0,0.260471,0.0,0.189854,0.0,0.179378,0.0,0.156457,0.0,0.074289,0.005896,0.152271,0.0,0.131612,0.0,0.149128,1
38,2023-02-06T14:27:10.000000000,2023-02-06T14:28:08.000000000,0.0,0.337882,0.0,0.348981,0.0,0.111604,0.813854,0.789645,0.889665,0.811926,0.0,0.27178,0.889665,0.811926,0.0,0.351822,0.0,0.357784,0.0,0.258411,0.0,0.299424,0.079554,0.339174,0.0,0.300221,0.0,0.312575,0.0,0.256458,0.0,0.257877,0.0,0.305926,0.0,0.149795,0.005896,0.251148,0.0,0.181749,0.0,0.247752,1
39,2023-02-06T14:27:40.000000000,2023-02-06T14:28:38.000000000,0.0,0.323783,0.0,0.331908,0.0,0.114454,0.813854,0.765021,0.889665,0.784366,0.0,0.266936,0.889665,0.784366,0.0,0.314783,0.0,0.321162,0.0,0.278844,0.0,0.317639,0.079554,0.35573,0.0,0.321101,0.0,0.32969,0.0,0.261554,0.0,0.25449,0.0,0.232942,0.0,0.167436,0.005896,0.24635,0.0,0.21807,0.0,0.243084,1
40,2023-02-06T14:28:10.000000000,2023-02-06T14:29:08.000000000,0.0,0.336355,0.0,0.342868,0.0,0.171465,0.813854,0.76972,0.889665,0.788359,0.0,0.276528,0.889665,0.788359,0.0,0.352719,0.0,0.359924,0.0,0.331169,0.0,0.359367,0.079554,0.39134,0.0,0.360276,0.0,0.371419,0.0,0.284415,0.0,0.282074,0.0,0.28603,0.0,0.22128,0.005896,0.297034,0.0,0.252255,0.0,0.294029,1
41,2023-02-06T14:28:40.000000000,2023-02-06T14:29:38.000000000,0.0,0.378736,0.0,0.383046,0.0,0.275485,0.813854,0.804955,0.889665,0.821155,0.0,0.304647,0.889665,0.821155,0.0,0.425698,0.0,0.434536,0.0,0.424518,0.0,0.4279,0.079554,0.453025,0.0,0.424946,0.0,0.441223,0.0,0.330975,0.0,0.335941,0.0,0.400994,0.0,0.310559,0.005896,0.387472,0.0,0.311341,0.0,0.384931,1
42,2023-02-06T14:29:10.000000000,2023-02-06T14:30:08.000000000,0.0,0.287916,0.0,0.288305,0.0,0.258371,0.813854,0.686496,0.889665,0.701021,0.0,0.255261,0.889665,0.701021,0.0,0.325039,0.0,0.334792,0.0,0.443755,0.0,0.455692,0.079554,0.472821,0.0,0.456248,0.0,0.464978,0.0,0.302133,0.0,0.295034,0.0,0.24663,0.0,0.322023,0.005896,0.351986,0.0,0.349146,0.0,0.349624,1
43,2023-02-06T14:29:40.000000000,2023-02-06T14:30:38.000000000,0.0,0.310448,0.0,0.306853,0.0,0.475557,0.813804,0.700039,0.889625,0.717942,1e-06,0.258724,0.889625,0.717942,0.0,0.448727,0.0,0.457895,0.0,0.618565,0.001702,0.462094,0.078666,0.463283,3e-06,0.446755,0.000965,0.476026,0.0,0.309891,0.0,0.321075,0.0,0.640347,0.000241,0.333943,0.005784,0.407863,0.0,0.295701,0.000113,0.40662,1
44,2023-02-06T14:30:10.000000000,2023-02-06T14:31:08.000000000,6.2e-05,0.302612,4.1e-05,0.303996,1.0,0.711693,0.811745,0.697566,0.887905,0.708853,0.000867,0.271766,0.887905,0.708853,7.1e-05,0.331965,6e-05,0.345223,1.0,0.875503,0.056236,0.621367,0.070463,0.602092,0.003444,0.608939,0.069185,0.631574,1e-06,0.310826,1e-06,0.302924,1.0,0.786135,0.004177,0.438975,0.005169,0.423586,4e-05,0.453607,0.001711,0.422687,0
45,2023-02-06T14:30:40.000000000,2023-02-06T14:31:38.000000000,0.064315,0.343997,0.060131,0.344276,0.666667,0.548188,0.835991,0.718536,0.893568,0.715377,0.118923,0.319928,0.893568,0.715377,0.056018,0.425354,0.081787,0.450095,1.0,0.824172,0.997528,0.951,0.927161,0.937076,0.991198,0.966133,0.937947,0.949133,0.064523,0.301644,0.051218,0.296051,0.333333,0.5061,0.580783,0.705472,0.389136,0.631869,0.520631,0.658771,0.385513,0.630638,0
46,2023-02-06T14:31:10.000000000,2023-02-06T14:32:08.000000000,0.160093,0.38188,0.110175,0.352696,0.333333,0.304176,0.833799,0.688859,0.891593,0.687655,0.120902,0.301374,0.891593,0.687655,1.0,0.766191,1.0,0.788642,0.666667,0.625491,0.998614,0.900619,0.930268,0.895165,0.99286,0.917016,0.940818,0.899471,0.403599,0.349734,0.468827,0.383074,0.333333,0.517869,0.922151,0.733521,0.887152,0.772513,0.540046,0.527669,0.886483,0.771921,1
47,2023-02-06T14:31:40.000000000,2023-02-06T14:32:38.000000000,0.001162,0.306817,0.000794,0.285471,1.0,0.442337,0.80935,0.650518,0.885801,0.662314,0.002754,0.242071,0.885801,0.662314,0.001656,0.575774,0.001227,0.589776,1.0,0.611039,0.073031,0.564789,0.073727,0.564074,0.005823,0.562217,0.091215,0.573047,0.989217,0.418946,1.0,0.436959,0.333333,0.475514,0.827087,0.573591,0.631836,0.591062,0.877275,0.484845,0.629652,0.589789,1
48,2023-02-06T14:32:10.000000000,2023-02-06T14:33:08.000000000,1e-06,0.31477,1e-06,0.322867,1.0,0.360361,0.813641,0.742265,0.889496,0.759752,4e-06,0.268998,0.889496,0.759752,0.0,0.336738,0.0,0.347048,0.333333,0.486667,0.002609,0.442621,0.078823,0.461002,7e-06,0.438877,0.001962,0.453934,0.07002,0.35491,0.080231,0.358555,0.0,0.716798,0.413541,0.389998,0.134272,0.399651,0.374191,0.414184,0.129137,0.397606,1
49,2023-02-06T14:32:40.000000000,2023-02-06T14:33:38.000000000,0.0,0.245868,0.0,0.245848,0.0,0.086539,0.813854,0.65034,0.889665,0.671405,0.0,0.215144,0.889665,0.671405,0.0,0.324831,0.0,0.332303,0.0,0.323268,0.0,0.331136,0.079554,0.354034,0.0,0.329861,0.0,0.341134,1.1e-05,0.220955,1.3e-05,0.216118,1.0,0.788428,0.003665,0.127975,0.005734,0.231924,3.2e-05,0.149607,0.001469,0.229974,1
50,2023-02-06T14:33:10.000000000,2023-02-06T14:34:08.000000000,0.0,0.305032,0.0,0.310661,0.0,0.151382,0.813854,0.731718,0.889665,0.751672,0.0,0.256413,0.889665,0.751672,0.0,0.334195,0.0,0.340965,0.0,0.311823,0.0,0.34058,0.079554,0.371903,0.0,0.341173,0.0,0.351996,0.0,0.263742,0.0,0.261081,0.0,0.29497,0.0,0.194468,0.005896,0.271882,0.0,0.224952,0.0,0.268878,1
51,2023-02-06T14:33:40.000000000,2023-02-06T14:34:38.000000000,0.0,0.409625,0.0,0.417968,0.0,0.179891,0.813952,0.851222,0.889741,0.866896,3e-06,0.32481,0.889741,0.866896,0.0,0.414159,0.0,0.420988,0.0,0.295818,0.002105,0.410167,0.078019,0.452087,5e-06,0.415824,0.001668,0.422778,0.0,0.349315,0.0,0.354518,0.333333,0.400542,0.000296,0.335491,0.005755,0.393074,0.0,0.347549,0.000142,0.390322,1
52,2023-02-06T14:34:10.000000000,2023-02-06T14:35:08.000000000,9.9e-05,0.300779,6.5e-05,0.301542,1.0,0.31955,0.815523,0.704761,0.890764,0.72169,0.001875,0.254918,0.890764,0.72169,0.000117,0.340616,9.2e-05,0.347581,1.0,0.421459,0.063583,0.398474,0.054976,0.414225,0.004337,0.392156,0.079277,0.412978,1e-06,0.371545,1e-06,0.363217,1.0,0.626746,0.005152,0.330845,0.004676,0.365617,6e-05,0.367572,0.002156,0.363942,0
53,2023-02-06T14:34:40.000000000,2023-02-06T14:35:38.000000000,0.089524,0.382644,0.077891,0.370194,0.666667,0.476371,0.832521,0.74413,0.890687,0.753531,0.119914,0.302168,0.890687,0.753531,0.152662,0.594736,0.169648,0.599806,0.333333,0.55193,0.998174,0.651133,0.946559,0.658165,0.98816,0.648992,0.95705,0.665643,0.083571,0.408641,0.063057,0.438534,0.333333,0.486657,0.571473,0.621593,0.393098,0.643861,0.489389,0.501739,0.389498,0.644095,0
54,2023-02-06T14:35:10.000000000,2023-02-06T14:36:08.000000000,0.151198,0.406577,0.105428,0.379164,0.333333,0.422759,0.829957,0.738549,0.888642,0.746216,0.119914,0.303003,0.888642,0.746216,0.935321,0.765744,0.906294,0.767382,0.666667,0.681779,0.998174,0.722902,0.946559,0.718527,0.98816,0.723508,0.95705,0.735695,0.423164,0.714279,0.509475,0.752244,0.333333,0.554279,0.953549,0.87524,0.92285,0.913982,0.557665,0.726602,0.922392,0.913782,1
55,2023-02-06T14:35:40.000000000,2023-02-06T14:36:38.000000000,0.000789,0.331723,0.000485,0.336429,1.0,0.779518,0.812731,0.759327,0.888565,0.77845,0.001875,0.273709,0.888565,0.77845,0.001096,0.41568,0.00089,0.420554,1.0,0.860701,0.063583,0.454417,0.054976,0.423651,0.004337,0.424646,0.079277,0.47468,1.0,1.0,0.980166,1.0,0.333333,0.521053,0.804551,0.903585,0.595977,0.835596,0.872977,0.989645,0.59358,0.833845,1
56,2023-02-06T14:36:10.000000000,2023-02-06T14:37:08.000000000,0.0,0.375361,0.0,0.383498,1.0,0.850971,0.813757,0.811776,0.889588,0.827964,3e-06,0.30443,0.889588,0.827964,0.0,0.377246,0.0,0.386559,0.0,0.639848,0.002105,0.440729,0.078019,0.445825,5e-06,0.425119,0.001668,0.458934,0.018115,0.672606,0.020619,0.672063,0.0,0.295395,0.254187,0.719272,0.067473,0.617201,0.146001,0.738142,0.073484,0.620101,1
57,2023-02-06T14:36:40.000000000,2023-02-06T14:37:38.000000000,0.0,0.239108,0.0,0.228585,0.0,0.423208,0.813854,0.608412,0.889665,0.626562,0.0,0.207093,0.889665,0.626562,0.0,0.410143,0.0,0.415272,0.0,0.332163,0.0,0.416054,0.079554,0.436385,0.0,0.418881,0.0,0.424921,6e-06,0.257601,9e-06,0.265215,1.0,0.320001,0.003237,0.380363,0.006066,0.379604,2.5e-05,0.295003,0.001289,0.382653,1
58,2023-02-06T14:37:10.000000000,2023-02-06T14:38:08.000000000,0.0,0.265401,0.0,0.270997,0.0,0.315718,0.813854,0.681139,0.889665,0.702359,0.0,0.23389,0.889665,0.702359,0.0,0.312299,0.0,0.320335,0.0,0.446298,0.0,0.375709,0.079554,0.388543,0.0,0.367132,0.0,0.388786,0.0,0.40607,0.0,0.404806,0.0,0.401189,0.0,0.360666,0.005896,0.385757,0.0,0.399352,0.0,0.383191,1
59,2023-02-06T14:37:40.000000000,2023-02-06T14:38:38.000000000,0.0,0.331885,0.0,0.332265,0.0,0.231642,0.813854,0.746615,0.889665,0.763242,0.0,0.270974,0.889665,0.763242,0.0,0.396468,0.0,0.403394,0.0,0.34518,0.0,0.399273,0.079554,0.429174,0.0,0.401912,0.0,0.41099,0.0,0.291052,0.0,0.291954,0.0,0.29165,0.0,0.285813,0.005896,0.348733,0.0,0.277611,0.0,0.347152,1
60,2023-02-06T14:38:10.000000000,2023-02-06T14:39:08.000000000,0.0,0.16872,0.0,0.170288,0.0,0.086104,0.813854,0.566774,0.889665,0.59272,0.0,0.168297,0.889665,0.59272,0.0,0.253883,0.0,0.258477,0.0,0.251322,0.0,0.265704,0.079554,0.290049,0.0,0.264288,0.0,0.273872,0.0,0.179033,0.0,0.174826,0.0,0.178917,0.0,0.097534,0.005896,0.169447,0.0,0.125698,0.0,0.1667,1
61,2023-02-06T14:38:40.000000000,2023-02-06T14:39:38.000000000,0.0,0.204226,0.0,0.211757,0.0,0.062165,0.813854,0.622733,0.889665,0.649008,0.0,0.193323,0.889665,0.649008,0.0,0.24367,0.0,0.248892,0.0,0.246837,0.0,0.25404,0.079554,0.281619,0.0,0.252021,0.0,0.263238,0.0,0.193921,0.0,0.188521,0.0,0.19495,0.0,0.07702,0.005896,0.15883,0.0,0.129586,0.0,0.155285,1
62,2023-02-06T14:39:10.000000000,2023-02-06T14:40:08.000000000,0.0,0.257573,0.0,0.2606,0.0,0.022515,0.813854,0.675546,0.889665,0.697556,0.0,0.223116,0.889665,0.697556,0.0,0.305222,0.0,0.309669,0.0,0.207314,0.0,0.27572,0.079554,0.31398,0.0,0.280203,0.0,0.284883,0.0,0.155291,0.0,0.149946,0.0,0.198948,0.0,0.059055,0.005896,0.16155,0.0,0.088129,0.0,0.158727,1
63,2023-02-06T14:39:40.000000000,2023-02-06T14:40:38.000000000,0.0,0.221877,0.0,0.232717,0.0,0.054917,0.813854,0.651164,0.889665,0.677693,0.0,0.205461,0.889665,0.677693,0.0,0.237095,0.0,0.242622,0.0,0.246069,0.0,0.245404,0.079554,0.275363,0.0,0.242663,0.0,0.255205,0.0,0.206161,0.0,0.201261,0.0,0.20267,0.0,0.070669,0.005896,0.1545,0.0,0.137903,0.0,0.150505,1
64,2023-02-06T14:40:10.000000000,2023-02-06T14:41:08.000000000,0.0,0.245648,0.0,0.248803,0.0,0.065121,0.813854,0.660754,0.889665,0.683211,0.0,0.21637,0.889665,0.683211,0.0,0.298529,0.0,0.3034,0.0,0.241109,0.0,0.28629,0.079554,0.319664,0.0,0.288479,0.0,0.295718,0.0,0.186605,0.0,0.181898,0.0,0.209993,0.0,0.098979,0.005896,0.188078,0.0,0.129005,0.0,0.185287,1
65,2023-02-06T14:40:40.000000000,2023-02-06T14:41:38.000000000,0.0,0.229795,0.0,0.233368,0.0,0.111588,0.813854,0.641139,0.889665,0.664453,0.0,0.207865,0.889665,0.664453,0.0,0.290163,0.0,0.295726,0.0,0.274872,0.0,0.299166,0.079554,0.326706,0.0,0.298792,0.0,0.308799,0.0,0.215442,0.0,0.211924,0.0,0.217846,0.0,0.138955,0.005896,0.214849,0.0,0.167656,0.0,0.212011,1
66,2023-02-06T14:41:10.000000000,2023-02-06T14:42:08.000000000,0.0,0.265964,0.0,0.270955,0.0,0.183227,0.813854,0.6828,0.889665,0.704631,0.0,0.232699,0.889665,0.704631,0.0,0.312009,0.0,0.319011,0.0,0.329431,0.0,0.336203,0.079554,0.361465,0.0,0.334044,0.0,0.34737,0.0,0.271193,0.0,0.269614,0.0,0.255846,0.0,0.210259,0.005896,0.275073,0.0,0.238586,0.0,0.272011,1
67,2023-02-06T14:41:40.000000000,2023-02-06T14:42:38.000000000,0.0,0.324492,0.0,0.32388,0.0,0.204092,0.813854,0.738735,0.889665,0.75511,0.0,0.267325,0.889665,0.75511,0.0,0.382706,0.0,0.389773,0.0,0.340364,0.0,0.389168,0.079554,0.4198,0.0,0.391977,0.0,0.401068,0.0,0.273688,0.0,0.270508,0.0,0.286222,0.0,0.252098,0.005896,0.326195,0.0,0.251991,0.0,0.323994,1
68,2023-02-06T14:42:10.000000000,2023-02-06T14:43:08.000000000,0.0,0.296161,0.0,0.30229,0.0,0.22827,0.813854,0.718193,0.889665,0.738909,0.0,0.253433,0.889665,0.738909,0.0,0.3306,0.0,0.338672,0.0,0.361812,0.0,0.36251,0.079554,0.387014,0.0,0.35955,0.0,0.374771,0.0,0.305202,0.0,0.30504,0.0,0.28398,0.0,0.25421,0.005896,0.31438,0.0,0.281047,0.0,0.311126,1
69,2023-02-06T14:42:40.000000000,2023-02-06T14:43:38.000000000,0.0,0.218469,0.0,0.217765,0.0,0.130468,0.813854,0.617109,0.889665,0.639236,0.0,0.199875,0.889665,0.639236,0.0,0.303098,0.0,0.308557,0.0,0.280985,0.0,0.314889,0.079554,0.340898,0.0,0.315448,0.0,0.324232,0.0,0.204946,0.0,0.200296,0.0,0.215216,0.0,0.15232,0.005896,0.226801,0.0,0.163795,0.0,0.224391,1
70,2023-02-06T14:43:10.000000000,2023-02-06T14:44:08.000000000,0.0,0.19619,0.0,0.19859,0.0,0.096695,0.813854,0.600351,0.889665,0.625085,0.0,0.186074,0.889665,0.625085,0.0,0.270082,0.0,0.275137,0.0,0.260399,0.0,0.280748,0.079554,0.306665,0.0,0.279795,0.0,0.289618,0.0,0.194149,0.0,0.190295,0.0,0.196522,0.0,0.114641,0.005896,0.189471,0.0,0.142943,0.0,0.186651,1
71,2023-02-06T14:43:40.000000000,2023-02-06T14:44:38.000000000,0.0,0.214698,0.0,0.221876,0.0,0.074481,0.813854,0.632349,0.889665,0.658045,0.0,0.198499,0.889665,0.658045,0.0,0.261387,0.0,0.266652,0.0,0.255911,0.0,0.268024,0.079554,0.296057,0.0,0.266271,0.0,0.27735,0.0,0.211536,0.0,0.209618,0.0,0.203318,0.0,0.10671,0.005896,0.183253,0.0,0.154047,0.0,0.179998,1
72,2023-02-06T14:44:10.000000000,2023-02-06T14:45:08.000000000,0.0,0.181503,0.0,0.183001,0.0,0.000362,0.813854,0.586887,0.889665,0.611698,0.0,0.173204,0.889665,0.611698,0.0,0.259061,0.0,0.262343,0.0,0.201668,0.0,0.246175,0.079554,0.277819,0.0,0.248436,0.0,0.253754,0.0,0.14555,0.0,0.138612,0.0,0.160273,0.0,0.044599,0.005896,0.135096,0.0,0.079196,0.0,0.132723,1
73,2023-02-06T14:44:40.000000000,2023-02-06T14:45:38.000000000,0.0,0.215146,0.0,0.224807,0.0,0.049494,0.813854,0.639027,0.889665,0.665852,0.0,0.198622,0.889665,0.665852,0.0,0.251775,0.0,0.256926,0.0,0.249341,0.0,0.254991,0.079554,0.283845,0.0,0.252589,0.0,0.264336,0.0,0.218964,0.0,0.219178,0.0,0.199119,0.0,0.098663,0.005896,0.174536,0.0,0.157538,0.0,0.171069,1
74,2023-02-06T14:45:10.000000000,2023-02-06T14:46:08.000000000,0.0,0.258416,0.0,0.262467,0.0,0.075395,0.813854,0.679152,0.889665,0.700731,0.0,0.223866,0.889665,0.700731,0.0,0.304981,0.0,0.31002,0.0,0.260083,0.0,0.298371,0.079554,0.331257,0.0,0.30027,0.0,0.308209,0.0,0.212961,0.0,0.208092,0.0,0.217146,0.0,0.127489,0.005896,0.212667,0.0,0.161764,0.0,0.210048,1
75,2023-02-06T14:45:40.000000000,2023-02-06T14:46:38.000000000,0.0,0.236634,0.0,0.240198,0.0,0.118892,0.813854,0.649231,0.889665,0.672211,0.0,0.212225,0.889665,0.672211,0.0,0.294667,0.0,0.300364,0.0,0.278611,0.0,0.303601,0.079554,0.331464,0.0,0.303346,0.0,0.313432,0.0,0.219955,0.0,0.21663,0.0,0.222559,0.0,0.144277,0.005896,0.220513,0.0,0.173084,0.0,0.217659,1
76,2023-02-06T14:46:10.000000000,2023-02-06T14:47:08.000000000,0.0,0.297707,0.0,0.303067,0.0,0.216316,0.813854,0.717529,0.889665,0.738354,0.0,0.254632,0.889665,0.738354,0.0,0.332258,0.0,0.339943,0.0,0.338134,0.0,0.351658,0.079554,0.378817,0.0,0.349964,0.0,0.363669,0.0,0.278849,0.0,0.278074,0.0,0.288381,0.0,0.222496,0.005896,0.289633,0.0,0.246212,0.0,0.286276,1
77,2023-02-06T14:46:40.000000000,2023-02-06T14:47:38.000000000,0.0,0.339938,0.0,0.338902,0.0,0.28335,0.813854,0.755111,0.889665,0.770113,0.0,0.279217,0.889665,0.770113,0.0,0.381954,0.0,0.389674,0.0,0.346612,0.0,0.395273,0.079554,0.426319,0.0,0.398018,0.0,0.40769,0.0,0.260263,0.0,0.250505,0.0,0.316495,0.0,0.241787,0.005896,0.322807,0.0,0.237205,0.0,0.320375,1
78,2023-02-06T14:47:10.000000000,2023-02-06T14:48:08.000000000,0.0,0.275587,0.0,0.280005,0.0,0.278904,0.813854,0.682394,0.889665,0.704992,0.0,0.244729,0.889665,0.704992,0.0,0.321939,0.0,0.330135,0.0,0.347973,0.0,0.351775,0.079554,0.374977,0.0,0.348287,0.0,0.363745,0.0,0.273489,0.0,0.273585,0.0,0.324593,0.0,0.227761,0.005896,0.28501,0.0,0.242188,0.0,0.281298,1
79,2023-02-06T14:47:40.000000000,2023-02-06T14:48:38.000000000,0.0,0.269186,0.0,0.268066,0.0,0.389299,0.813854,0.673957,0.889665,0.692983,0.0,0.233386,0.889665,0.692983,0.0,0.329137,0.0,0.335722,0.0,0.306195,0.0,0.344675,0.079554,0.372435,0.0,0.345828,0.0,0.355258,0.0,0.216608,0.0,0.206811,0.0,0.321191,0.0,0.178339,0.005896,0.258556,0.0,0.180765,0.0,0.256133,1
80,2023-02-06T14:48:10.000000000,2023-02-06T14:49:08.000000000,1e-06,0.316415,1e-06,0.322312,1.0,0.795345,0.81446,0.746637,0.890137,0.765837,4.5e-05,0.263847,0.890137,0.765837,0.0,0.340968,0.0,0.347888,0.0,0.318209,0.0,0.345645,0.079554,0.377528,0.0,0.346208,0.0,0.357509,0.0,0.27129,0.0,0.268892,0.333333,0.546214,0.000641,0.206513,0.005606,0.280858,1e-06,0.234376,0.000292,0.278311,0
81,2023-02-06T14:48:40.000000000,2023-02-06T14:49:38.000000000,0.001162,0.259295,0.000712,0.273734,1.0,0.763555,0.774295,0.673084,0.852041,0.701795,0.054564,0.253189,0.852041,0.701795,0.0,0.297933,0.0,0.303554,0.0,0.280077,0.0,0.293605,0.079554,0.325682,0.0,0.292734,0.0,0.304403,2.4e-05,0.280695,2.9e-05,0.292905,1.0,0.815705,0.160247,0.23045,0.073333,0.252431,0.052245,0.24676,0.067837,0.24948,0
82,2023-02-06T14:49:10.000000000,2023-02-06T14:50:08.000000000,0.160228,0.267236,0.110225,0.266056,0.333333,0.427093,0.830059,0.64786,0.888527,0.666537,0.121626,0.246163,0.888527,0.666537,0.0,0.286952,0.0,0.290168,0.0,0.216128,0.0,0.267394,0.079554,0.304473,0.0,0.271797,0.0,0.275745,0.205374,0.247757,0.166783,0.243856,0.333333,0.735204,0.62548,0.343663,0.503388,0.37325,0.457188,0.286709,0.500442,0.372706,0
83,2023-02-06T14:49:40.000000000,2023-02-06T14:50:38.000000000,0.064315,0.372858,0.060042,0.37491,0.666667,0.602187,0.869467,0.791134,0.927288,0.806578,0.055695,0.290964,0.927288,0.806578,0.0,0.313027,0.0,0.318427,0.0,0.287878,0.0,0.293607,0.079554,0.33061,0.0,0.292743,0.0,0.305771,0.392827,0.588478,0.448127,0.636878,0.333333,0.54219,0.988206,0.640359,0.935628,0.606027,0.672382,0.724572,0.935246,0.604073,1
84,2023-02-06T14:50:10.000000000,2023-02-06T14:51:08.000000000,6.2e-05,0.304208,4.2e-05,0.311297,1.0,0.570432,0.814717,0.733035,0.89033,0.756204,0.000122,0.259846,0.89033,0.756204,0.0,0.333063,0.0,0.338265,0.0,0.27516,0.0,0.319907,0.079554,0.357196,0.0,0.323599,0.0,0.330572,0.767929,0.634748,0.895275,0.706941,0.333333,0.704215,0.781897,0.604803,0.506356,0.504647,0.973554,0.786569,0.503428,0.504376,1
85,2023-02-06T14:50:40.000000000,2023-02-06T14:51:38.000000000,0.0,0.251255,0.0,0.255198,0.0,0.18842,0.813854,0.666564,0.889665,0.688836,0.0,0.221855,0.889665,0.688836,0.0,0.305962,0.0,0.312148,0.0,0.289113,0.0,0.318117,0.079554,0.345296,0.0,0.31817,0.0,0.32812,0.000348,0.287907,0.000371,0.303587,1.0,0.938523,0.018944,0.255973,0.006239,0.273661,0.000851,0.302203,0.008711,0.278114,1
86,2023-02-06T14:51:10.000000000,2023-02-06T14:52:08.000000000,0.0,0.329528,0.0,0.333738,0.0,0.225302,0.813854,0.751571,0.889665,0.768378,0.0,0.269233,0.889665,0.768378,0.0,0.355578,0.0,0.365205,0.0,0.396793,0.0,0.389129,0.079554,0.4112,0.0,0.383864,0.0,0.403338,0.0,0.319191,0.0,0.325559,0.333333,0.763853,0.000858,0.312286,0.005746,0.379519,2e-06,0.304615,0.00025,0.37986,1
87,2023-02-06T14:51:40.000000000,2023-02-06T14:52:38.000000000,0.0,0.350737,0.0,0.353438,0.0,0.34806,0.813854,0.767321,0.889665,0.779571,0.0,0.292957,0.889665,0.779571,0.0,0.433119,0.0,0.446584,0.0,0.413733,0.0,0.492218,0.079554,0.514764,0.0,0.49584,0.0,0.503834,0.0,0.4112,0.0,0.42417,0.0,0.478708,0.0,0.453123,0.005896,0.464413,0.0,0.490878,0.0,0.462478,1
88,2023-02-06T14:52:10.000000000,2023-02-06T14:53:08.000000000,0.0,0.355704,0.0,0.357894,0.333333,0.496102,0.813922,0.762609,0.889718,0.77612,5e-06,0.284878,0.889718,0.77612,0.0,0.385983,0.0,0.39993,0.0,0.627701,0.004116,0.476725,0.080485,0.476499,1.8e-05,0.451614,0.003563,0.4992,0.0,0.366082,0.0,0.381419,0.333333,0.760412,0.000305,0.413712,0.005731,0.477396,0.0,0.36523,0.000166,0.476497,1
89,2023-02-06T14:52:40.000000000,2023-02-06T14:53:38.000000000,0.000235,0.350627,0.000156,0.353844,1.0,0.702861,0.815191,0.744247,0.890243,0.753381,0.004133,0.295443,0.890243,0.753381,0.000472,0.489331,0.000372,0.512602,1.0,0.808764,0.102025,0.652588,0.110914,0.6334,0.011242,0.632986,0.129322,0.668743,3e-06,0.363438,4e-06,0.359541,1.0,0.818771,0.028096,0.506548,0.011951,0.486658,0.001802,0.499271,0.008133,0.485785,0
90,2023-02-06T14:53:10.000000000,2023-02-06T14:54:08.000000000,0.104775,0.449305,0.103666,0.457353,0.666667,0.58154,0.829438,0.783902,0.888114,0.779842,0.120914,0.360463,0.888114,0.779842,0.532343,0.704134,0.578289,0.753009,0.666667,0.687198,0.999406,0.974036,0.907765,0.948163,0.999642,0.996044,0.933434,0.970694,0.13033,0.392428,0.091826,0.373742,0.333333,0.54366,0.583597,0.761765,0.41406,0.710479,0.490903,0.682004,0.410584,0.709165,0
91,2023-02-06T14:53:40.000000000,2023-02-06T14:54:38.000000000,0.137746,0.471183,0.131632,0.480345,0.333333,0.373571,0.830139,0.779461,0.889046,0.777076,0.117664,0.354976,0.889046,0.777076,0.34038,0.622367,0.39232,0.672474,0.333333,0.506858,0.994982,0.945324,0.889086,0.916338,0.99409,0.963681,0.960266,0.953097,0.4552,0.447115,0.555696,0.48921,0.333333,0.547748,0.997722,0.828179,1.0,0.89868,0.481767,0.538926,1.0,0.898161,1
92,2023-02-06T14:54:10.000000000,2023-02-06T14:55:08.000000000,0.000353,0.337034,0.000231,0.348313,1.0,0.39689,0.815882,0.709326,0.891162,0.7213,0.000862,0.275358,0.891162,0.7213,0.000302,0.413289,0.000245,0.439583,1.0,0.501373,0.0396,0.627171,0.091304,0.619246,0.001695,0.625125,0.047459,0.645155,0.850878,0.432336,0.878134,0.465742,0.333333,0.603567,0.81074,0.592662,0.592741,0.661439,0.903921,0.425071,0.590325,0.663687,1
93,2023-02-06T14:54:40.000000000,2023-02-06T14:55:38.000000000,0.0,0.384137,0.0,0.398494,0.0,0.367958,0.813904,0.803729,0.889704,0.820526,1e-06,0.302549,0.889704,0.820526,0.0,0.430561,0.0,0.448806,0.0,0.505676,0.0,0.466557,0.079554,0.485919,0.0,0.467352,0.0,0.473578,0.001577,0.399077,0.001753,0.389439,1.0,0.766313,0.040602,0.391014,0.0,0.412821,0.003843,0.439086,0.017936,0.412022,1
94,2023-02-06T14:55:10.000000000,2023-02-06T14:56:08.000000000,0.0,0.400797,0.0,0.41655,0.0,0.26846,0.813854,0.852667,0.889665,0.86831,0.0,0.321651,0.889665,0.86831,0.0,0.396603,0.0,0.408729,0.0,0.386647,0.0,0.448597,0.079554,0.47733,0.0,0.448931,0.0,0.465061,2e-06,0.332057,3e-06,0.334954,1.0,0.818606,0.001951,0.303819,0.005315,0.397052,8e-06,0.294068,0.000687,0.392305,1
95,2023-02-06T14:55:40.000000000,2023-02-06T14:56:38.000000000,0.0,0.385347,0.0,0.393165,0.0,0.195657,0.813854,0.828708,0.889665,0.8451,0.0,0.308289,0.889665,0.8451,0.0,0.381839,0.0,0.390011,0.0,0.35047,0.0,0.382133,0.079554,0.417717,0.0,0.383855,0.0,0.395527,0.0,0.315346,0.0,0.313805,0.0,0.39887,0.0,0.25403,0.005896,0.333158,0.0,0.286231,0.0,0.330068,1
96,2023-02-06T14:56:10.000000000,2023-02-06T14:57:08.000000000,0.0,0.426012,0.0,0.418659,0.0,0.130161,0.813854,0.839395,0.889665,0.851676,0.0,0.325399,0.889665,0.851676,0.0,0.414433,0.0,0.42003,0.0,0.355858,0.0,0.373818,0.079554,0.412822,0.0,0.377248,0.0,0.385198,0.0,0.339593,0.0,0.33769,0.0,0.305682,0.0,0.279996,0.005896,0.340781,0.0,0.338837,0.0,0.338419,1
97,2023-02-06T14:56:40.000000000,2023-02-06T14:57:38.000000000,0.0,0.417217,1e-06,0.4146,1.0,0.336855,0.813729,0.848464,0.88956,0.854304,5.4e-05,0.348924,0.88956,0.854304,0.0,0.371393,0.0,0.37347,0.0,0.388809,0.007857,0.434047,0.075579,0.455628,6.5e-05,0.420794,0.007885,0.462307,0.0,0.344516,0.0,0.354727,0.333333,0.60673,0.000579,0.350543,0.005581,0.43468,1e-06,0.327568,0.000317,0.43253,1
98,2023-02-06T14:57:10.000000000,2023-02-06T14:58:08.000000000,0.001728,0.639479,0.001115,0.559744,1.0,0.456385,0.762917,0.842018,0.827794,0.824913,0.180415,0.432804,0.827794,0.824913,0.001096,0.627646,0.00083,0.632471,1.0,0.553799,0.182056,0.567924,0.0,0.577128,0.035369,0.566159,0.225627,0.575502,1.4e-05,0.417755,1.6e-05,0.415259,1.0,0.531112,0.099507,0.497464,0.042403,0.497285,0.020946,0.528678,0.036724,0.495731,0
99,2023-02-06T14:57:40.000000000,2023-02-06T14:58:38.000000000,0.571542,0.749108,0.388749,0.610151,0.333333,0.240606,0.8766,0.753693,0.891319,0.704273,0.425576,0.438888,0.891319,0.704273,0.935321,0.734213,0.910718,0.738036,0.666667,0.478593,0.999873,0.839198,0.93465,0.873357,0.994611,0.855003,0.929001,0.847834,0.168893,0.383374,0.120944,0.380019,0.333333,0.409307,0.579482,0.690495,0.441408,0.709142,0.435691,0.557155,0.438095,0.70868,0
100,2023-02-06T14:58:10.000000000,2023-02-06T14:59:08.000000000,0.33372,0.642301,0.301084,0.609989,0.666667,0.542945,0.92189,0.824635,0.951637,0.78461,0.214829,0.383834,0.951637,0.78461,0.173597,0.459116,0.188086,0.476234,0.333333,0.465171,0.983491,0.943328,1.0,0.977096,0.943597,0.935677,1.0,0.985597,0.403574,0.552573,0.458458,0.613,0.333333,0.472942,0.953314,0.949358,0.907946,1.0,0.608143,0.726208,0.9074,1.0,1
101,2023-02-06T14:58:40.000000000,2023-02-06T14:59:38.000000000,0.00033,0.559738,0.000225,0.559471,1.0,0.847681,0.81201,0.84439,0.888114,0.833237,0.000858,0.372388,0.888114,0.833237,0.000117,0.437603,0.000102,0.45806,1.0,0.847962,0.024302,0.720115,0.069325,0.723058,0.000631,0.699439,0.027858,0.752011,0.67679,0.747907,0.842581,0.850987,0.333333,0.507073,0.763802,1.0,0.512115,0.928894,0.896213,1.0,0.509221,0.927354,1
102,2023-02-06T14:59:10.000000000,2023-02-06T15:00:08.000000000,0.0,0.400429,0.0,0.363282,0.0,0.589784,0.813724,0.664515,0.889562,0.664212,1e-06,0.313257,0.889562,0.664212,0.0,0.450474,0.0,0.457354,0.0,0.77274,0.0,0.585896,0.079554,0.582103,0.0,0.577491,0.0,0.594052,0.000478,0.511936,0.000547,0.572984,1.0,0.564778,0.022017,0.66475,0.008695,0.584456,0.001135,0.698414,0.010221,0.583105,1
103,2023-02-06T14:59:40.000000000,2023-02-06T15:00:38.000000000,0.0,0.50128,0.0,0.509567,0.0,0.638848,0.813902,0.7308,0.889702,0.725765,0.0,0.326336,0.889702,0.725765,0.0,0.417579,0.0,0.444427,0.0,0.672232,0.0,0.597614,0.079554,0.599266,0.0,0.583087,0.0,0.615868,0.0,0.367583,0.0,0.37826,0.333333,0.608288,0.000937,0.467491,0.00581,0.501138,2e-06,0.416771,0.000331,0.500494,1
104,2023-02-06T15:00:10.000000000,2023-02-06T15:01:08.000000000,1.7e-05,0.425217,1.3e-05,0.412987,1.0,0.883155,0.813447,0.759594,0.889291,0.763652,0.000464,0.370726,0.889291,0.763652,2e-06,0.432332,4e-06,0.439825,1.0,1.0,0.021208,0.722197,0.075519,0.710467,0.000489,0.708665,0.023821,0.72967,0.0,0.368456,0.0,0.381945,0.333333,0.561513,0.001353,0.497586,0.005512,0.471791,4e-06,0.474101,0.000521,0.469765,1
105,2023-02-06T15:00:40.000000000,2023-02-06T15:01:38.000000000,0.018084,0.397303,0.019358,0.407444,1.0,0.743069,0.749026,0.637384,0.814764,0.648357,0.195429,0.405715,0.814764,0.648357,0.005304,0.365364,0.003971,0.385608,1.0,0.843365,0.97218,0.974284,0.922371,0.964723,0.937727,0.968405,0.915661,0.974471,0.001762,0.280259,0.002222,0.282634,0.333333,0.498431,0.323918,0.51086,0.17929,0.447302,0.191642,0.420587,0.174423,0.44528,1
106,2023-02-06T15:01:10.000000000,2023-02-06T15:02:08.000000000,0.828526,0.960201,0.832483,1.0,0.666667,0.543712,0.838647,0.753681,0.855563,0.730673,0.46358,0.52333,0.855563,0.730673,0.71426,0.649418,0.840323,0.729754,0.333333,0.508014,0.99993,0.896324,0.925736,0.909901,0.996762,0.913465,0.923345,0.889577,0.443654,0.460132,0.488926,0.480537,0.333333,0.484927,0.609953,0.550658,0.421749,0.516219,0.55345,0.532282,0.41832,0.514217,1
107,2023-02-06T15:01:40.000000000,2023-02-06T15:02:38.000000000,0.10634,0.841379,0.099265,0.863696,1.0,0.556739,0.897754,0.866493,0.928943,0.844338,0.244612,0.486891,0.928943,0.844338,0.011625,0.619797,0.008244,0.673736,1.0,0.604744,0.235083,0.598803,0.077629,0.614168,0.060383,0.606441,0.276229,0.600607,0.287899,0.464269,0.309423,0.480572,0.333333,0.545458,0.516876,0.438898,0.247983,0.429989,0.52209,0.496838,0.243522,0.427661,1
108,2023-02-06T15:02:10.000000000,2023-02-06T15:03:08.000000000,0.000124,0.229897,8.6e-05,0.261378,1.0,0.390339,0.812505,0.719159,0.888555,0.738774,0.000413,0.28192,0.888555,0.738774,1.1e-05,0.231244,1.2e-05,0.236881,1.0,0.470131,0.009428,0.385015,0.078299,0.391463,9.7e-05,0.361474,0.009602,0.402508,3e-05,0.2361,3.4e-05,0.22761,1.0,0.404747,0.006206,0.195518,0.005881,0.234416,9.1e-05,0.217647,0.002686,0.231611,1
109,2023-02-06T15:02:40.000000000,2023-02-06T15:03:38.000000000,0.0,0.2891,0.0,0.294479,0.0,0.031934,0.813854,0.604276,0.889665,0.624003,0.0,0.218199,0.889665,0.624003,0.0,0.32489,0.0,0.339944,0.0,0.198735,0.0,0.28158,0.079554,0.315858,0.0,0.29104,0.0,0.284854,0.0,0.207605,0.0,0.205685,0.0,0.098032,0.0,0.094976,0.005896,0.162016,0.0,0.148747,0.0,0.158868,1
110,2023-02-06T15:03:10.000000000,2023-02-06T15:04:08.000000000,0.0,0.315366,0.0,0.322653,0.0,0.167201,0.813854,0.748355,0.889665,0.768127,0.0,0.266566,0.889665,0.768127,0.0,0.340984,0.0,0.347764,0.0,0.317288,0.0,0.345818,0.079554,0.377932,0.0,0.345948,0.0,0.358027,0.0,0.271109,0.0,0.268415,0.0,0.276161,0.0,0.202216,0.005896,0.279836,0.0,0.233061,0.0,0.276818,1
111,2023-02-06T15:03:40.000000000,2023-02-06T15:04:38.000000000,0.0,0.272533,0.0,0.276244,0.0,0.224518,0.813854,0.735544,0.889665,0.756194,0.0,0.250699,0.889665,0.756194,0.0,0.309825,0.0,0.312372,0.0,0.373635,0.0,0.377738,0.079554,0.393516,0.0,0.364717,0.0,0.395148,0.0,0.271821,0.0,0.269805,0.0,0.366586,0.0,0.249674,0.005896,0.328073,0.0,0.248813,0.0,0.32532,1
112,2023-02-06T15:04:10.000000000,2023-02-06T15:05:08.000000000,0.0,0.386883,0.0,0.345365,0.0,0.179679,0.813854,0.659421,0.889665,0.664654,0.0,0.250175,0.889665,0.664654,0.0,0.463221,0.0,0.468471,0.0,0.371122,0.0,0.39607,0.079554,0.41906,0.0,0.404607,0.0,0.40138,0.0,0.281288,0.0,0.282043,0.0,0.284304,0.0,0.272492,0.005896,0.330856,0.0,0.293709,0.0,0.328628,1
113,2023-02-06T15:04:40.000000000,2023-02-06T15:05:38.000000000,0.0,0.260359,1e-06,0.257674,1.0,0.509306,0.813729,0.664707,0.88956,0.679149,5.4e-05,0.275332,0.88956,0.679149,0.0,0.284119,0.0,0.286179,0.333333,0.567083,0.009428,0.466477,0.078299,0.422913,9.7e-05,0.412283,0.009602,0.494666,0.0,0.272,0.0,0.273974,0.333333,0.633101,0.000539,0.325403,0.005601,0.383829,1e-06,0.270861,0.000297,0.381412,1
114,2023-02-06T15:05:10.000000000,2023-02-06T15:06:08.000000000,0.001882,0.443608,0.00122,0.364141,1.0,0.511992,0.763166,0.55671,0.827297,0.54442,0.186129,0.370079,0.827297,0.54442,0.001656,0.567665,0.001296,0.568479,1.0,0.72538,0.235083,0.586608,0.077629,0.51277,0.060383,0.539071,0.276229,0.604112,9e-06,0.258659,1.1e-05,0.250409,1.0,0.742487,0.093414,0.380909,0.039214,0.376177,0.018581,0.342261,0.033515,0.374339,0
115,2023-02-06T15:05:40.000000000,2023-02-06T15:06:38.000000000,0.554313,0.943058,0.384719,0.770598,0.333333,0.37686,0.840211,0.787004,0.857062,0.728644,0.461861,0.600063,0.857062,0.728644,1.0,1.0,0.964451,1.0,0.666667,0.710891,0.99993,0.956064,0.925736,0.95255,0.996762,0.976505,0.923345,0.945183,0.159878,0.393908,0.11193,0.361491,0.333333,0.555084,0.621209,0.752498,0.475476,0.721541,0.495876,0.669415,0.472365,0.720493,0
116,2023-02-06T15:06:10.000000000,2023-02-06T15:07:08.000000000,0.534161,1.0,0.431867,0.879005,0.666667,0.565293,0.885165,0.91198,0.91659,0.860991,0.264257,0.5995,0.91659,0.860991,0.115659,0.7182,0.128011,0.726514,0.0,0.463125,0.97218,1.0,0.922371,1.0,0.937727,1.0,0.915661,1.0,0.412934,0.487873,0.477403,0.496357,0.333333,0.588562,0.969257,0.904314,0.936871,0.947639,0.580028,0.678137,0.936497,0.946778,1
117,2023-02-06T15:06:40.000000000,2023-02-06T15:07:38.000000000,0.001195,0.778475,0.0008,0.719643,1.0,0.630025,0.810626,0.845888,0.886787,0.819973,0.002922,0.475952,0.886787,0.819973,7.1e-05,0.440271,5.7e-05,0.456762,1.0,0.481057,0.021208,0.691482,0.075519,0.686603,0.000489,0.673416,0.023821,0.70303,0.654289,0.505813,0.810254,0.545926,0.333333,0.697368,0.750187,0.71533,0.503792,0.750841,0.86322,0.598071,0.500849,0.750477,1
118,2023-02-06T15:07:10.000000000,2023-02-06T15:08:08.000000000,0.0,0.620899,0.0,0.604693,0.0,0.622783,0.813674,1.0,0.889523,1.0,3e-06,0.513134,0.889523,1.0,0.0,0.564292,0.0,0.572066,0.0,0.605919,0.0,0.591726,0.079554,0.620991,0.0,0.588373,0.0,0.605,0.000471,0.491443,0.000539,0.502836,1.0,0.728908,0.022308,0.595679,0.008725,0.596047,0.001165,0.613526,0.010282,0.59354,1
119,2023-02-06T15:07:40.000000000,2023-02-06T15:08:38.000000000,0.0,0.397108,0.0,0.374656,0.0,0.457943,0.813902,0.663017,0.889702,0.669956,0.0,0.293846,0.889702,0.669956,0.0,0.320015,0.0,0.328783,0.0,0.308558,0.0,0.376179,0.079554,0.391455,0.0,0.369215,0.0,0.385364,0.0,0.259834,0.0,0.263894,0.333333,0.418497,0.000925,0.244405,0.005808,0.310581,2e-06,0.235612,0.000328,0.307578,1
120,2023-02-06T15:08:10.000000000,2023-02-06T15:09:08.000000000,1.7e-05,0.267035,1.3e-05,0.267541,1.0,0.858201,0.813388,0.648493,0.889254,0.670035,0.000384,0.271461,0.889254,0.670035,0.0,0.318029,0.0,0.323421,0.0,0.317414,0.0,0.338191,0.079554,0.361949,0.0,0.335543,0.0,0.347426,0.0,0.235041,0.0,0.23145,0.333333,0.471546,0.001254,0.227581,0.005502,0.270147,3e-06,0.233099,0.000492,0.268065,1
121,2023-02-06T15:08:40.000000000,2023-02-06T15:09:38.000000000,0.014746,0.085673,0.016958,0.100316,1.0,0.694024,0.749521,0.540422,0.814875,0.579957,0.197762,0.231349,0.814875,0.579957,0.0,0.267401,0.0,0.270921,0.0,0.254532,0.0,0.259509,0.079554,0.291264,0.0,0.261801,0.0,0.269336,0.002321,0.172183,0.002814,0.163882,0.333333,0.480842,0.339663,0.271204,0.18952,0.261015,0.209474,0.235795,0.184713,0.25916,1
122,2023-02-06T15:09:10.000000000,2023-02-06T15:10:08.000000000,1.0,0.0,1.0,0.0,0.333333,0.0,0.945049,0.0,0.926388,0.0,0.617496,0.0,0.926388,0.0,0.0,0.0,0.0,0.0,0.0,0.0,0.0,0.0,0.079554,0.0,0.0,0.0,0.0,0.0,0.432207,0.0,0.457065,0.0,0.333333,0.114696,0.606272,0.026819,0.425525,0.0,0.536837,0.0,0.422118,0.0,1
123,2023-02-06T15:09:40.000000000,2023-02-06T15:10:38.000000000,0.153873,0.083345,0.114256,0.143814,0.333333,0.386717,1.0,0.387516,1.0,0.401104,0.35328,0.059991,1.0,0.401104,0.0,0.144576,0.0,0.143873,0.0,0.159821,0.0,0.143458,0.079554,0.165725,0.0,0.145042,0.0,0.14961,0.26738,0.158952,0.286311,0.155001,0.333333,0.532599,0.502225,0.092586,0.241523,0.112759,0.492552,0.133694,0.237024,0.112402,1
124,2023-02-06T15:10:10.000000000,2023-02-06T15:11:08.000000000,4e-05,0.25051,2.8e-05,0.243223,1.0,0.746794,0.812943,0.300554,0.888936,0.301012,0.0001,0.425495,0.888936,0.301012,0.0,0.293117,0.0,0.297743,0.0,0.309292,0.0,0.329061,0.079554,0.346542,0.0,0.322641,0.0,0.337521,2.6e-05,0.234902,2.9e-05,0.23168,1.0,0.720986,0.005755,0.182821,0.005882,0.229613,7.9e-05,0.217058,0.002494,0.228166,1
