segment_idx,segment_start,segment_end,m2_speed_psd_peak_baseband,m2_speed_psd_peak_fm_demodulated,m2_speed_psd_mean_energy_baseband,m2_speed_psd_mean_energy_fm_demodulated,m2_speed_psd_peak_freq_baseband,m2_speed_psd_peak_freq_fm_demodulated,m2_speed_rms_baseband,m2_speed_rms_fm_demodulated,m2_speed_mean_baseband,m2_speed_mean_fm_demodulated,m2_speed_variance_baseband,m2_speed_variance_fm_demodulated,m2_speed_fft_peak_baseband,m2_speed_fft_peak_fm_demodulated,o8_compressor_psd_peak_baseband,o8_compressor_psd_peak_fm_demodulated,o8_compressor_psd_mean_energy_baseband,o8_compressor_psd_mean_energy_fm_demodulated,o8_compressor_psd_peak_freq_baseband,o8_compressor_psd_peak_freq_fm_demodulated,o8_compressor_rms_baseband,o8_compressor_rms_fm_demodulated,o8_compressor_mean_baseband,o8_compressor_mean_fm_demodulated,o8_compressor_variance_baseband,o8_compressor_variance_fm_demodulated,o8_compressor_fft_peak_baseband,o8_compressor_fft_peak_fm_demodulated,current_task_duration_psd_peak_baseband,current_task_duration_psd_peak_fm_demodulated,current_task_duration_psd_mean_energy_baseband,current_task_duration_psd_mean_energy_fm_demodulated,current_task_duration_psd_peak_freq_baseband,current_task_duration_psd_peak_freq_fm_demodulated,current_task_duration_rms_baseband,current_task_duration_rms_fm_demodulated,current_task_duration_mean_baseband,current_task_duration_mean_fm_demodulated,current_task_duration_variance_baseband,current_task_duration_variance_fm_demodulated,current_task_duration_fft_peak_baseband,current_task_duration_fft_peak_fm_demodulated,current_state_binary
0,2023-02-06T14:08:10.000000000,2023-02-06T14:09:08.000000000,0.000463,0.264738,0.000597,0.469107,1.0,0.967304,0.0,0.757312,0.0,0.025804,0.325645,0.46393,0.0,0.025804,0.0,0.845274,0.0,0.319063,0.0,0.212563,0.0,0.176172,0.044168,0.677125,0.0,0.124929,0.0,0.284883,0.0,0.620633,0.0,0.620633,0.0,0.620633,0.0,0.620633,0.0,0.620633,0.0,0.620633,0.0,0.620633,1
1,2023-02-06T14:08:40.000000000,2023-02-06T14:09:38.000000000,0.197852,0.09498,0.228529,0.069209,0.333333,0.587881,0.456975,0.278784,0.466182,0.200616,0.530818,0.275045,0.466182,0.200616,0.0,0.686887,0.0,0.049103,0.0,0.0,0.0,0.118505,0.044168,0.131617,0.0,0.079814,0.0,0.130263,0.0,0.028296,0.0,0.028296,0.0,0.028296,0.0,0.028296,0.0,0.028296,0.0,0.028296,0.0,0.028296,1
2,2023-02-06T14:09:10.000000000,2023-02-06T14:10:08.000000000,6.6e-05,0.1744,8.3e-05,0.125877,1.0,0.36673,0.665012,0.0,0.776808,0.550386,0.000252,0.075787,0.776808,0.550386,0.0,0.730654,0.0,0.112397,0.0,0.089381,0.0,0.136055,0.044168,0.229248,0.0,0.150049,0.0,0.147678,0.0,0.190362,0.0,0.190362,0.0,0.190362,0.0,0.190362,0.0,0.190362,0.0,0.190362,0.0,0.190362,1
3,2023-02-06T14:09:40.000000000,2023-02-06T14:10:38.000000000,0.0,0.321618,0.0,0.267546,0.333333,0.157129,0.664985,0.287544,0.776833,0.670507,1e-06,0.276835,0.776833,0.670507,0.0,0.763481,0.0,0.154723,0.0,0.17447,0.0,0.164255,0.044168,0.293557,0.0,0.213362,0.0,0.165546,0.0,0.258017,0.0,0.258017,0.0,0.258017,0.0,0.258017,0.0,0.258017,0.0,0.258017,0.0,0.258017,1
4,2023-02-06T14:10:10.000000000,2023-02-06T14:11:08.000000000,0.0,0.249242,0.0,0.160009,0.0,0.104006,0.664887,0.394011,0.776751,0.383121,0.0,0.184519,0.776751,0.383121,0.0,0.765114,0.0,0.151257,0.0,0.026691,0.0,0.212306,0.044168,0.190975,0.0,0.219891,0.0,0.203262,0.0,0.143219,0.0,0.143219,0.0,0.143219,0.0,0.143219,0.0,0.143219,0.0,0.143219,0.0,0.143219,1
5,2023-02-06T14:10:40.000000000,2023-02-06T14:11:38.000000000,0.0,0.28223,0.0,0.263304,0.0,0.221602,0.664887,0.220525,0.776751,0.230793,0.0,0.190204,0.776751,0.230793,0.0,0.748038,0.0,0.131559,0.0,0.186281,0.0,0.066162,0.044168,0.187832,0.0,0.141083,0.0,0.061527,0.0,0.205133,0.0,0.205133,0.0,0.205133,0.0,0.205133,0.0,0.205133,0.0,0.205133,0.0,0.205133,1
6,2023-02-06T14:11:10.000000000,2023-02-06T14:12:08.000000000,0.0,0.201656,0.0,0.175409,0.0,0.246846,0.664887,0.170617,0.776751,0.456588,0.0,0.153419,0.776751,0.456588,0.0,0.787242,0.0,0.183579,0.0,0.004689,0.0,0.173791,0.044168,0.152233,0.0,0.194163,0.0,0.167006,0.0,0.127596,0.0,0.127596,0.0,0.127596,0.0,0.127596,0.0,0.127596,0.0,0.127596,0.0,0.127596,1
7,2023-02-06T14:11:40.000000000,2023-02-06T14:12:38.000000000,0.0,0.245472,0.0,0.205038,0.0,0.276092,0.664887,0.295172,0.776751,0.672738,0.0,0.143972,0.776751,0.672738,0.0,0.820559,0.0,0.232119,0.0,0.204025,0.0,0.199257,0.044168,0.211082,0.0,0.238579,0.0,0.197226,0.0,0.184676,0.0,0.184676,0.0,0.184676,0.0,0.184676,0.0,0.184676,0.0,0.184676,0.0,0.184676,1
8,2023-02-06T14:12:10.000000000,2023-02-06T14:13:08.000000000,0.0,0.296785,0.0,0.263118,0.0,0.473494,0.664887,0.295742,0.776751,0.429158,0.0,0.197366,0.776751,0.429158,0.0,0.77301,0.0,0.164372,0.0,0.739186,0.0,0.16235,0.044168,0.239195,0.0,0.193866,0.0,0.151012,0.0,0.163306,0.0,0.163306,0.0,0.163306,0.0,0.163306,0.0,0.163306,0.0,0.163306,0.0,0.163306,1
9,2023-02-06T14:12:40.000000000,2023-02-06T14:13:38.000000000,0.0,0.111798,0.0,0.076721,0.0,0.547303,0.664994,0.185631,0.77684,0.0,0.0,0.220843,0.77684,0.0,0.0,0.89785,1e-06,0.348927,0.666667,0.851116,0.012095,0.647199,0.048751,0.512823,0.000159,0.605277,0.012829,0.601096,0.0,0.140548,0.0,0.140548,0.0,0.140548,0.0,0.140548,0.0,0.140548,0.0,0.140548,0.0,0.140548,1
10,2023-02-06T14:13:10.000000000,2023-02-06T14:14:08.000000000,3e-06,0.497385,4e-06,0.368502,1.0,0.444988,0.665599,0.258726,0.777331,0.124384,9.9e-05,0.65749,0.777331,0.124384,0.002358,0.930823,0.001782,0.399596,1.0,0.484829,0.70721,0.937579,0.5,0.810106,0.526071,0.840353,0.596918,0.817068,0.0,0.232746,0.0,0.232746,0.0,0.232746,0.0,0.232746,0.0,0.232746,0.0,0.232746,0.0,0.232746,1
11,2023-02-06T14:13:40.000000000,2023-02-06T14:14:38.000000000,0.013825,0.754539,0.021751,0.553913,0.333333,0.328118,0.530468,0.474056,0.58457,0.69705,0.349958,0.904044,0.58457,0.69705,0.896984,0.818445,1.0,0.2436,0.666667,0.3428,1.0,0.761266,0.946665,0.715561,1.0,0.692597,0.960901,0.659034,0.0,0.157453,0.0,0.157453,0.0,0.157453,0.0,0.157453,0.0,0.157453,0.0,0.157453,0.0,0.157453,1
12,2023-02-06T14:14:10.000000000,2023-02-06T14:15:08.000000000,0.865162,0.638068,0.948179,0.500557,0.333333,0.437594,0.899712,0.567297,0.808014,0.960904,0.988318,0.622972,0.808014,0.960904,0.042664,0.733463,0.039899,0.10193,0.0,0.52172,0.70721,0.269432,0.5,0.296736,0.526071,0.241496,0.596918,0.250994,0.0,0.143005,0.0,0.143005,0.0,0.143005,0.0,0.143005,0.0,0.143005,0.0,0.143005,0.0,0.143005,1
13,2023-02-06T14:14:40.000000000,2023-02-06T14:15:38.000000000,0.225556,0.206444,0.243973,0.207455,0.333333,0.541681,1.0,0.462069,1.0,0.633764,0.395031,0.284507,1.0,0.633764,2.5e-05,0.770936,2.6e-05,0.171573,1.0,0.451534,0.012095,0.13297,0.048751,0.175335,0.000159,0.216007,0.012829,0.176969,0.0,0.171006,0.0,0.171006,0.0,0.171006,0.0,0.171006,0.0,0.171006,0.0,0.171006,0.0,0.171006,1
14,2023-02-06T14:15:10.000000000,2023-02-06T14:16:08.000000000,3.5e-05,0.38197,4.8e-05,0.301188,1.0,0.476819,0.664,0.324009,0.775975,0.324425,0.000155,0.150355,0.775975,0.324425,0.0,0.752742,0.0,0.132993,0.0,0.039522,0.0,0.162719,0.044168,0.215218,0.0,0.200733,0.0,0.144833,0.0,0.200017,0.0,0.200017,0.0,0.200017,0.0,0.200017,0.0,0.200017,0.0,0.200017,0.0,0.200017,1
15,2023-02-06T14:15:40.000000000,2023-02-06T14:16:38.000000000,0.0,0.39249,0.0,0.316241,0.0,0.269454,0.664781,0.253827,0.776661,0.49607,0.0,0.159413,0.776661,0.49607,0.0,0.784184,0.0,0.179907,0.0,0.160297,0.0,0.074093,0.044168,0.123628,0.0,0.130207,0.0,0.10766,0.0,0.192411,0.0,0.192411,0.0,0.192411,0.0,0.192411,0.0,0.192411,0.0,0.192411,0.0,0.192411,1
16,2023-02-06T14:16:10.000000000,2023-02-06T14:17:08.000000000,0.0,0.165604,0.0,0.142014,0.0,0.17966,0.664887,0.206743,0.776751,0.716939,0.0,0.218042,0.776751,0.716939,0.0,0.749344,0.0,0.140247,0.0,0.211836,0.0,0.17108,0.044168,0.237931,0.0,0.23635,0.0,0.163827,0.0,0.138348,0.0,0.138348,0.0,0.138348,0.0,0.138348,0.0,0.138348,0.0,0.138348,0.0,0.138348,1
17,2023-02-06T14:16:40.000000000,2023-02-06T14:17:38.000000000,0.0,0.253774,0.0,0.179146,0.0,0.226091,0.664887,0.21542,0.776751,0.542302,0.0,0.144037,0.776751,0.542302,0.0,0.758444,0.0,0.136105,0.0,0.034945,0.0,0.068602,0.044168,0.153147,0.0,0.091998,0.0,0.059691,0.0,0.224435,0.0,0.224435,0.0,0.224435,0.0,0.224435,0.0,0.224435,0.0,0.224435,0.0,0.224435,1
18,2023-02-06T14:17:10.000000000,2023-02-06T14:18:08.000000000,0.0,0.23295,0.0,0.178222,0.0,0.189373,0.664887,0.285281,0.776751,0.254184,0.0,0.181827,0.776751,0.254184,0.0,0.789043,0.0,0.190828,0.0,0.118876,0.0,0.122596,0.044168,0.167943,0.0,0.1994,0.0,0.139002,0.0,0.182436,0.0,0.182436,0.0,0.182436,0.0,0.182436,0.0,0.182436,0.0,0.182436,0.0,0.182436,1
19,2023-02-06T14:17:40.000000000,2023-02-06T14:18:38.000000000,0.0,0.205026,0.0,0.15691,0.0,0.163442,0.664887,0.284745,0.776751,0.371613,0.0,0.248416,0.776751,0.371613,0.0,0.75209,0.0,0.13613,0.0,0.066282,0.0,0.174925,0.044168,0.249646,0.0,0.212225,0.0,0.151057,0.0,0.145526,0.0,0.145526,0.0,0.145526,0.0,0.145526,0.0,0.145526,0.0,0.145526,0.0,0.145526,1
20,2023-02-06T14:18:10.000000000,2023-02-06T14:19:08.000000000,0.0,0.249988,0.0,0.196337,0.0,0.180131,0.664887,0.208646,0.776751,0.647956,0.0,0.187761,0.776751,0.647956,0.0,0.773372,0.0,0.164242,0.0,0.083882,0.0,0.133323,0.044168,0.174256,0.0,0.154881,0.0,0.136633,0.0,0.183116,0.0,0.183116,0.0,0.183116,0.0,0.183116,0.0,0.183116,0.0,0.183116,0.0,0.183116,1
21,2023-02-06T14:18:40.000000000,2023-02-06T14:19:38.000000000,0.0,0.167289,0.0,0.148644,0.0,0.134127,0.664887,0.211086,0.776751,0.572262,0.0,0.272003,0.776751,0.572262,0.0,0.747021,0.0,0.135638,0.0,0.147454,0.0,0.219974,0.044168,0.251123,0.0,0.249972,0.0,0.197808,0.0,0.120626,0.0,0.120626,0.0,0.120626,0.0,0.120626,0.0,0.120626,0.0,0.120626,0.0,0.120626,1
22,2023-02-06T14:19:10.000000000,2023-02-06T14:20:08.000000000,0.0,0.219858,0.0,0.183255,0.0,0.179868,0.664887,0.304787,0.776751,0.280445,0.0,0.185008,0.776751,0.280445,0.0,0.74766,0.0,0.122797,0.0,0.088663,0.0,0.124728,0.044168,0.195777,0.0,0.110664,0.0,0.10179,0.0,0.210566,0.0,0.210566,0.0,0.210566,0.0,0.210566,0.0,0.210566,0.0,0.210566,0.0,0.210566,1
23,2023-02-06T14:19:40.000000000,2023-02-06T14:20:38.000000000,0.0,0.280995,0.0,0.232402,0.0,0.217742,0.664887,0.307943,0.776751,0.318141,0.0,0.156335,0.776751,0.318141,0.0,0.784953,0.0,0.182883,0.0,0.104882,0.0,0.129814,0.044168,0.140439,0.0,0.187724,0.0,0.150934,0.0,0.202191,0.0,0.202191,0.0,0.202191,0.0,0.202191,0.0,0.202191,0.0,0.202191,0.0,0.202191,1
24,2023-02-06T14:20:10.000000000,2023-02-06T14:21:08.000000000,0.0,0.27826,0.0,0.230133,0.0,0.179253,0.664887,0.219583,0.776751,0.608249,0.0,0.243091,0.776751,0.608249,0.0,0.756618,0.0,0.142478,0.0,0.098998,0.0,0.177301,0.044168,0.228808,0.0,0.214248,0.0,0.168798,0.0,0.156508,0.0,0.156508,0.0,0.156508,0.0,0.156508,0.0,0.156508,0.0,0.156508,0.0,0.156508,1
25,2023-02-06T14:20:40.000000000,2023-02-06T14:21:38.000000000,0.0,0.299681,0.0,0.241335,0.0,0.205169,0.664887,0.21539,0.776751,0.596248,0.0,0.150182,0.776751,0.596248,0.0,0.770895,0.0,0.160887,0.0,0.101973,0.0,0.103875,0.044168,0.167892,0.0,0.139364,0.0,0.117539,0.0,0.205584,0.0,0.205584,0.0,0.205584,0.0,0.205584,0.0,0.205584,0.0,0.205584,0.0,0.205584,1
26,2023-02-06T14:21:10.000000000,2023-02-06T14:22:08.000000000,0.0,0.248468,0.0,0.19621,0.0,0.177886,0.664887,0.308819,0.776751,0.311718,0.0,0.243654,0.776751,0.311718,0.0,0.762602,0.0,0.155018,0.0,0.127963,0.0,0.163559,0.044168,0.219157,0.0,0.232425,0.0,0.162546,0.0,0.14843,0.0,0.14843,0.0,0.14843,0.0,0.14843,0.0,0.14843,0.0,0.14843,0.0,0.14843,1
27,2023-02-06T14:21:40.000000000,2023-02-06T14:22:38.000000000,0.0,0.243255,0.0,0.192148,0.0,0.166014,0.664887,0.315686,0.776751,0.275149,0.0,0.215041,0.776751,0.275149,0.0,0.752612,0.0,0.134932,0.0,0.101159,0.0,0.125015,0.044168,0.229711,0.0,0.149105,0.0,0.113728,0.0,0.173939,0.0,0.173939,0.0,0.173939,0.0,0.173939,0.0,0.173939,0.0,0.173939,0.0,0.173939,1
28,2023-02-06T14:22:10.000000000,2023-02-06T14:23:08.000000000,0.0,0.189316,0.0,0.15461,0.0,0.172744,0.664887,0.232059,0.776751,0.576682,0.0,0.20122,0.776751,0.576682,0.0,0.75667,0.0,0.146133,0.0,0.144191,0.0,0.134994,0.044168,0.206284,0.0,0.180463,0.0,0.129426,0.0,0.164831,0.0,0.164831,0.0,0.164831,0.0,0.164831,0.0,0.164831,0.0,0.164831,0.0,0.164831,1
29,2023-02-06T14:22:40.000000000,2023-02-06T14:23:38.000000000,0.0,0.155526,0.0,0.126274,0.0,0.159648,0.664887,0.228457,0.776751,0.707669,0.0,0.235205,0.776751,0.707669,0.0,0.746111,0.0,0.124141,0.0,0.122188,0.0,0.125705,0.044168,0.235684,0.0,0.14924,0.0,0.093318,0.0,0.182024,0.0,0.182024,0.0,0.182024,0.0,0.182024,0.0,0.182024,0.0,0.182024,0.0,0.182024,1
30,2023-02-06T14:23:10.000000000,2023-02-06T14:24:08.000000000,0.0,0.26345,0.0,0.205076,0.0,0.241617,0.664887,0.279233,0.776751,0.428345,0.0,0.1073,0.776751,0.428345,0.0,0.791385,0.0,0.1868,0.0,0.04281,0.0,0.083041,0.044168,0.121888,0.0,0.130933,0.0,0.099384,0.0,0.231025,0.0,0.231025,0.0,0.231025,0.0,0.231025,0.0,0.231025,0.0,0.231025,0.0,0.231025,1
31,2023-02-06T14:23:40.000000000,2023-02-06T14:24:38.000000000,0.0,0.240183,0.0,0.195723,0.0,0.190159,0.664887,0.255318,0.776751,0.261523,0.0,0.268823,0.776751,0.261523,0.0,0.772275,0.0,0.168878,0.0,0.107721,0.0,0.231251,0.044168,0.187833,0.0,0.275817,0.0,0.223011,0.0,0.123396,0.0,0.123396,0.0,0.123396,0.0,0.123396,0.0,0.123396,0.0,0.123396,0.0,0.123396,1
32,2023-02-06T14:24:10.000000000,2023-02-06T14:25:08.000000000,0.0,0.237644,0.0,0.204049,0.0,0.169093,0.664887,0.188851,0.776751,0.501134,0.0,0.197169,0.776751,0.501134,0.0,0.755325,0.0,0.137619,0.0,0.107372,0.0,0.158801,0.044168,0.214923,0.0,0.154541,0.0,0.143226,0.0,0.179838,0.0,0.179838,0.0,0.179838,0.0,0.179838,0.0,0.179838,0.0,0.179838,0.0,0.179838,1
33,2023-02-06T14:24:40.000000000,2023-02-06T14:25:38.000000000,0.0,0.324158,0.0,0.256678,0.0,0.242657,0.664887,0.227215,0.776751,0.662342,0.0,0.165873,0.776751,0.662342,0.0,0.789414,0.0,0.189687,0.0,0.075761,0.0,0.162615,0.044168,0.139769,0.0,0.227172,0.0,0.191192,0.0,0.184411,0.0,0.184411,0.0,0.184411,0.0,0.184411,0.0,0.184411,0.0,0.184411,0.0,0.184411,1
34,2023-02-06T14:25:10.000000000,2023-02-06T14:26:08.000000000,0.0,0.301796,0.0,0.248892,0.0,0.125834,0.664887,0.293704,0.776751,0.47531,0.0,0.301021,0.776751,0.47531,0.0,0.748835,0.0,0.13668,0.0,0.128896,0.0,0.233938,0.044168,0.245941,0.0,0.268858,0.0,0.230647,0.0,0.098909,0.0,0.098909,0.0,0.098909,0.0,0.098909,0.0,0.098909,0.0,0.098909,0.0,0.098909,1
35,2023-02-06T14:25:40.000000000,2023-02-06T14:26:38.000000000,0.0,0.271472,0.0,0.222687,0.0,0.173585,0.664887,0.267038,0.776751,0.238809,0.0,0.154061,0.776751,0.238809,0.0,0.750264,0.0,0.133083,0.0,0.118497,0.0,0.106896,0.044168,0.228723,0.0,0.127232,0.0,0.106535,0.0,0.201895,0.0,0.201895,0.0,0.201895,0.0,0.201895,0.0,0.201895,0.0,0.201895,0.0,0.201895,1
36,2023-02-06T14:26:10.000000000,2023-02-06T14:27:08.000000000,0.0,0.260381,0.0,0.191465,0.0,0.171552,0.664887,0.210539,0.776751,0.357045,0.0,0.251765,0.776751,0.357045,0.0,0.761027,0.0,0.152429,0.0,0.101053,0.0,0.150668,0.044168,0.205864,0.0,0.22603,0.0,0.155417,0.0,0.151854,0.0,0.151854,0.0,0.151854,0.0,0.151854,0.0,0.151854,0.0,0.151854,0.0,0.151854,1
37,2023-02-06T14:26:40.000000000,2023-02-06T14:27:38.000000000,0.0,0.211868,0.0,0.178048,0.0,0.115946,0.664887,0.242051,0.776751,0.537977,0.0,0.238714,0.776751,0.537977,0.0,0.740815,0.0,0.11911,0.0,0.122685,0.0,0.113703,0.044168,0.247304,0.0,0.128012,0.0,0.090251,0.0,0.176246,0.0,0.176246,0.0,0.176246,0.0,0.176246,0.0,0.176246,0.0,0.176246,0.0,0.176246,1
38,2023-02-06T14:27:10.000000000,2023-02-06T14:28:08.000000000,0.0,0.173388,0.0,0.133431,0.0,0.232224,0.664887,0.294389,0.776751,0.451722,0.0,0.130578,0.776751,0.451722,0.0,0.768355,0.0,0.158209,0.0,0.093289,0.0,0.059882,0.044168,0.188627,0.0,0.125139,0.0,0.062619,0.0,0.215686,0.0,0.215686,0.0,0.215686,0.0,0.215686,0.0,0.215686,0.0,0.215686,0.0,0.215686,1
39,2023-02-06T14:27:40.000000000,2023-02-06T14:28:38.000000000,0.0,0.194481,0.0,0.157588,0.0,0.139004,0.664887,0.281998,0.776751,0.286853,0.0,0.281319,0.776751,0.286853,0.0,0.766951,0.0,0.155634,0.0,0.108851,0.0,0.151533,0.044168,0.179567,0.0,0.191064,0.0,0.127926,0.0,0.155425,0.0,0.155425,0.0,0.155425,0.0,0.155425,0.0,0.155425,0.0,0.155425,0.0,0.155425,1
40,2023-02-06T14:28:10.000000000,2023-02-06T14:29:08.000000000,0.0,0.17449,0.0,0.156591,0.0,0.246004,0.664887,0.254005,0.776751,0.403517,0.0,0.107728,0.776751,0.403517,0.0,0.768025,0.0,0.155812,0.0,0.139663,0.0,0.070198,0.044168,0.181507,0.0,0.095724,0.0,0.055032,0.0,0.207686,0.0,0.207686,0.0,0.207686,0.0,0.207686,0.0,0.207686,0.0,0.207686,0.0,0.207686,1
41,2023-02-06T14:28:40.000000000,2023-02-06T14:29:38.000000000,0.0,0.185305,0.0,0.141987,0.0,0.303817,0.664887,0.254487,0.776751,0.60144,0.0,0.22823,0.776751,0.60144,0.0,0.783265,0.0,0.178072,0.0,0.13326,0.0,0.214811,0.044168,0.164467,0.0,0.253455,0.0,0.206714,0.0,0.173023,0.0,0.173023,0.0,0.173023,0.0,0.173023,0.0,0.173023,0.0,0.173023,0.0,0.173023,1
42,2023-02-06T14:29:10.000000000,2023-02-06T14:30:08.000000000,0.0,0.282382,0.0,0.258195,0.0,0.173956,0.664887,0.248688,0.776751,0.539349,0.0,0.243464,0.776751,0.539349,0.0,0.776362,0.0,0.167488,0.0,0.356923,0.0,0.277172,0.044168,0.154969,0.0,0.205805,0.0,0.2225,0.0,0.147092,0.0,0.147092,0.0,0.147092,0.0,0.147092,0.0,0.147092,0.0,0.147092,0.0,0.147092,1
43,2023-02-06T14:29:40.000000000,2023-02-06T14:30:38.000000000,0.0,0.179948,0.0,0.155035,0.0,0.490073,0.664887,0.280146,0.776751,0.403714,0.0,0.140148,0.776751,0.403714,0.0,0.7494,0.0,0.135393,0.0,0.614986,0.000904,0.280273,0.043687,0.298472,1e-06,0.224376,0.000504,0.275865,0.0,0.183681,0.0,0.183681,0.0,0.183681,0.0,0.183681,0.0,0.183681,0.0,0.183681,0.0,0.183681,1
44,2023-02-06T14:30:10.000000000,2023-02-06T14:31:08.000000000,0.0,0.448202,0.0,0.342977,0.333333,0.586308,0.664932,0.422174,0.776788,0.548377,3e-06,0.497545,0.776788,0.548377,2.1e-05,0.782762,1.8e-05,0.173179,1.0,0.795083,0.029869,0.484564,0.03924,0.492869,0.000983,0.403917,0.036115,0.516721,0.0,0.172473,0.0,0.172473,0.0,0.172473,0.0,0.172473,0.0,0.172473,0.0,0.172473,0.0,0.172473,1
45,2023-02-06T14:30:40.000000000,2023-02-06T14:31:38.000000000,4.3e-05,0.864732,5.8e-05,0.682699,1.0,0.460998,0.658971,0.570894,0.770412,0.767248,0.00716,0.659274,0.770412,0.767248,0.016776,0.835284,0.024912,0.247563,1.0,0.878814,0.529834,0.449085,0.50364,0.477835,0.283001,0.329858,0.489621,0.450588,0.0,0.194951,0.0,0.194951,0.0,0.194951,0.0,0.194951,0.0,0.194951,0.0,0.194951,0.0,0.194951,1
46,2023-02-06T14:31:10.000000000,2023-02-06T14:32:08.000000000,0.306407,0.732954,0.442168,0.581982,0.333333,0.513038,0.906105,0.538421,0.831469,0.635314,0.893048,0.63413,0.831469,0.635314,0.29947,0.786274,0.304599,0.192796,0.666667,0.729823,0.53041,0.226432,0.505324,0.29,0.283476,0.253282,0.491119,0.211305,0.0,0.150297,0.0,0.150297,0.0,0.150297,0.0,0.150297,0.0,0.150297,0.0,0.150297,0.0,0.150297,1
47,2023-02-06T14:31:40.000000000,2023-02-06T14:32:38.000000000,0.781394,0.287724,0.78855,0.222883,0.333333,0.899895,0.920001,0.34335,0.845288,0.333258,0.890819,0.523271,0.845288,0.333258,0.000496,0.73661,0.000374,0.117186,1.0,0.49206,0.03879,0.126718,0.04101,0.285014,0.001663,0.191439,0.047615,0.11991,0.0,0.194374,0.0,0.194374,0.0,0.194374,0.0,0.194374,0.0,0.194374,0.0,0.194374,0.0,0.194374,1
48,2023-02-06T14:32:10.000000000,2023-02-06T14:33:08.000000000,0.000581,0.23384,0.000992,0.148442,1.0,0.861929,0.675824,0.234528,0.784132,0.374777,0.009729,0.233637,0.784132,0.374777,0.0,0.793783,0.0,0.195352,0.333333,0.248301,0.001386,0.125621,0.043772,0.2191,2e-06,0.155575,0.001024,0.108677,0.0,0.192432,0.0,0.192432,0.0,0.192432,0.0,0.192432,0.0,0.192432,0.0,0.192432,0.0,0.192432,1
49,2023-02-06T14:32:40.000000000,2023-02-06T14:33:38.000000000,1e-06,0.244678,1e-06,0.214389,1.0,0.474811,0.664815,0.301259,0.776689,0.707782,7e-06,0.141473,0.776689,0.707782,0.0,0.758503,0.0,0.153425,0.0,0.062543,0.0,0.192148,0.044168,0.150667,0.0,0.246855,0.0,0.18094,0.0,0.121961,0.0,0.121961,0.0,0.121961,0.0,0.121961,0.0,0.121961,0.0,0.121961,0.0,0.121961,1
50,2023-02-06T14:33:10.000000000,2023-02-06T14:34:08.000000000,0.0,0.159817,0.0,0.157488,0.0,0.036705,0.664887,0.332896,0.776751,0.733492,0.0,0.339071,0.776751,0.733492,0.0,0.758402,0.0,0.140258,0.0,0.294939,0.0,0.247185,0.044168,0.205451,0.0,0.097594,0.0,0.182089,0.0,0.226266,0.0,0.226266,0.0,0.226266,0.0,0.226266,0.0,0.226266,0.0,0.226266,0.0,0.226266,1
51,2023-02-06T14:33:40.000000000,2023-02-06T14:34:38.000000000,0.0,0.181664,0.0,0.170591,0.0,0.409616,0.664887,0.267979,0.776751,0.367476,0.0,0.0,0.776751,0.367476,0.0,0.802474,0.0,0.201495,0.0,0.495179,0.001118,0.233472,0.043336,0.239612,1e-06,0.1988,0.000871,0.192412,0.0,0.184732,0.0,0.184732,0.0,0.184732,0.0,0.184732,0.0,0.184732,0.0,0.184732,0.0,0.184732,1
52,2023-02-06T14:34:10.000000000,2023-02-06T14:35:08.000000000,0.0,0.405027,0.0,0.313376,0.333333,0.516963,0.66468,0.288985,0.776575,0.171487,9e-06,0.403874,0.776575,0.171487,3.5e-05,0.805111,2.8e-05,0.20598,1.0,0.595293,0.033772,0.469476,0.030845,0.436875,0.001238,0.389173,0.041384,0.521191,0.0,0.132277,0.0,0.132277,0.0,0.132277,0.0,0.132277,0.0,0.132277,0.0,0.132277,0.0,0.132277,1
53,2023-02-06T14:34:40.000000000,2023-02-06T14:35:38.000000000,0.000113,0.884655,0.000142,0.682957,1.0,0.503655,0.641213,0.46548,0.747592,0.458331,0.047607,0.918516,0.747592,0.458331,0.045718,0.82255,0.051675,0.232388,0.333333,0.646129,0.530177,0.510755,0.514155,0.518975,0.282134,0.333767,0.499593,0.553844,0.0,0.180562,0.0,0.180562,0.0,0.180562,0.0,0.180562,0.0,0.180562,0.0,0.180562,0.0,0.180562,1
54,2023-02-06T14:35:10.000000000,2023-02-06T14:36:08.000000000,0.421659,1.0,0.551815,0.734537,0.333333,0.78631,0.904566,0.584311,0.81099,0.750655,0.998258,1.0,0.81099,0.750655,0.280101,0.763178,0.276057,0.156111,0.666667,0.568208,0.530177,0.275544,0.514155,0.27039,0.282134,0.295183,0.499593,0.2683,0.0,0.146382,0.0,0.146382,0.0,0.146382,0.0,0.146382,0.0,0.146382,0.0,0.146382,0.0,0.146382,1
55,2023-02-06T14:35:40.000000000,2023-02-06T14:36:38.000000000,0.837056,0.470685,0.942384,0.445053,0.333333,0.787452,0.921196,0.445664,0.837253,0.607105,0.942838,0.399024,0.837253,0.607105,0.000328,0.736388,0.000271,0.106254,1.0,0.428279,0.033772,0.135394,0.030845,0.27705,0.001238,0.219299,0.041384,0.135269,0.0,0.223665,0.0,0.223665,0.0,0.223665,0.0,0.223665,0.0,0.223665,0.0,0.223665,0.0,0.223665,1
56,2023-02-06T14:36:10.000000000,2023-02-06T14:37:08.000000000,0.000433,0.025337,0.000577,0.0,1.0,0.59681,0.661695,0.20171,0.773755,0.289175,0.001633,0.137034,0.773755,0.289175,0.0,0.806944,0.0,0.210579,0.0,0.185828,0.001118,0.147922,0.043336,0.342578,1e-06,0.147406,0.000871,0.13115,0.0,0.17769,0.0,0.17769,0.0,0.17769,0.0,0.17769,0.0,0.17769,0.0,0.17769,0.0,0.17769,1
57,2023-02-06T14:36:40.000000000,2023-02-06T14:37:38.000000000,0.0,0.346578,1e-06,0.226879,1.0,0.409507,0.664561,0.194705,0.776476,0.367075,3e-06,0.240683,0.776476,0.367075,0.0,0.755818,0.0,0.149062,0.0,0.03078,0.0,0.051559,0.044168,0.115448,0.0,0.255829,0.0,0.046609,0.0,0.107945,0.0,0.107945,0.0,0.107945,0.0,0.107945,0.0,0.107945,0.0,0.107945,0.0,0.107945,1
58,2023-02-06T14:37:10.000000000,2023-02-06T14:38:08.000000000,0.0,0.166986,0.0,0.179826,0.0,0.160988,0.664887,0.330495,0.776751,0.630093,0.0,0.07148,0.776751,0.630093,0.0,0.742606,0.0,0.122207,0.0,0.164542,0.0,0.172427,0.044168,0.161418,0.0,0.157746,0.0,0.172289,0.0,0.234172,0.0,0.234172,0.0,0.234172,0.0,0.234172,0.0,0.234172,0.0,0.234172,0.0,0.234172,1
59,2023-02-06T14:37:40.000000000,2023-02-06T14:38:38.000000000,0.0,0.126296,0.0,0.095818,0.0,0.175312,0.664887,0.358003,0.776751,0.633025,0.0,0.218845,0.776751,0.633025,0.0,0.795942,0.0,0.197214,0.0,0.111552,0.0,0.121124,0.044168,0.214312,0.0,0.126409,0.0,0.075172,0.0,0.168572,0.0,0.168572,0.0,0.168572,0.0,0.168572,0.0,0.168572,0.0,0.168572,0.0,0.168572,1
60,2023-02-06T14:38:10.000000000,2023-02-06T14:39:08.000000000,0.0,0.245318,0.0,0.198416,0.0,0.234093,0.664887,0.248445,0.776751,0.41306,0.0,0.174076,0.776751,0.41306,0.0,0.76383,0.0,0.157164,0.0,0.045158,0.0,0.071699,0.044168,0.142788,0.0,0.220667,0.0,0.0838,0.0,0.118633,0.0,0.118633,0.0,0.118633,0.0,0.118633,0.0,0.118633,0.0,0.118633,0.0,0.118633,1
61,2023-02-06T14:38:40.000000000,2023-02-06T14:39:38.000000000,0.0,0.217806,0.0,0.1801,0.0,0.201656,0.664887,0.169112,0.776751,0.286579,0.0,0.136149,0.776751,0.286579,0.0,0.754425,0.0,0.140851,0.0,0.106367,0.0,0.213529,0.044168,0.192221,0.0,0.180699,0.0,0.210914,0.0,0.19105,0.0,0.19105,0.0,0.19105,0.0,0.19105,0.0,0.19105,0.0,0.19105,0.0,0.19105,1
62,2023-02-06T14:39:10.000000000,2023-02-06T14:40:08.000000000,0.0,0.269864,0.0,0.232977,0.0,0.182746,0.664887,0.203089,0.776751,0.36871,0.0,0.255301,0.776751,0.36871,0.0,0.764664,0.0,0.150873,0.0,0.10235,0.0,0.15162,0.044168,0.190967,0.0,0.181914,0.0,0.120038,0.0,0.169455,0.0,0.169455,0.0,0.169455,0.0,0.169455,0.0,0.169455,0.0,0.169455,0.0,0.169455,1
63,2023-02-06T14:39:40.000000000,2023-02-06T14:40:38.000000000,0.0,0.234505,0.0,0.214002,0.0,0.174597,0.664887,0.243581,0.776751,0.471856,0.0,0.217476,0.776751,0.471856,0.0,0.761077,0.0,0.146973,0.0,0.10396,0.0,0.165129,0.044168,0.24375,0.0,0.183987,0.0,0.176527,0.0,0.172443,0.0,0.172443,0.0,0.172443,0.0,0.172443,0.0,0.172443,0.0,0.172443,0.0,0.172443,1
64,2023-02-06T14:40:10.000000000,2023-02-06T14:41:08.000000000,0.0,0.271122,0.0,0.211459,0.0,0.164991,0.664887,0.242107,0.776751,0.5141,0.0,0.262641,0.776751,0.5141,0.0,0.76518,0.0,0.153484,0.0,0.103393,0.0,0.170425,0.044168,0.245571,0.0,0.189243,0.0,0.161679,0.0,0.1656,0.0,0.1656,0.0,0.1656,0.0,0.1656,0.0,0.1656,0.0,0.1656,0.0,0.1656,1
65,2023-02-06T14:40:40.000000000,2023-02-06T14:41:38.000000000,0.0,0.284612,0.0,0.235013,0.0,0.183533,0.664887,0.244375,0.776751,0.526999,0.0,0.231966,0.776751,0.526999,0.0,0.753816,0.0,0.138656,0.0,0.089106,0.0,0.117513,0.044168,0.190629,0.0,0.198806,0.0,0.124583,0.0,0.163878,0.0,0.163878,0.0,0.163878,0.0,0.163878,0.0,0.163878,0.0,0.163878,0.0,0.163878,1
66,2023-02-06T14:41:10.000000000,2023-02-06T14:42:08.000000000,0.0,0.25181,0.0,0.204328,0.0,0.191813,0.664887,0.272388,0.776751,0.460203,0.0,0.176878,0.776751,0.460203,0.0,0.748436,0.0,0.133173,0.0,0.120794,0.0,0.178728,0.044168,0.196101,0.0,0.180568,0.0,0.198133,0.0,0.195559,0.0,0.195559,0.0,0.195559,0.0,0.195559,0.0,0.195559,0.0,0.195559,0.0,0.195559,1
67,2023-02-06T14:41:40.000000000,2023-02-06T14:42:38.000000000,0.0,0.246421,0.0,0.208232,0.0,0.167373,0.664887,0.283124,0.776751,0.321051,0.0,0.202502,0.776751,0.321051,0.0,0.758712,0.0,0.14262,0.0,0.150661,0.0,0.153918,0.044168,0.150134,0.0,0.150746,0.0,0.130997,0.0,0.213843,0.0,0.213843,0.0,0.213843,0.0,0.213843,0.0,0.213843,0.0,0.213843,0.0,0.213843,1
68,2023-02-06T14:42:10.000000000,2023-02-06T14:43:08.000000000,0.0,0.154612,0.0,0.143469,0.0,0.155734,0.664887,0.256798,0.776751,0.316702,0.0,0.21341,0.776751,0.316702,0.0,0.782983,0.0,0.178765,0.0,0.129731,0.0,0.118112,0.044168,0.207908,0.0,0.133951,0.0,0.11424,0.0,0.187868,0.0,0.187868,0.0,0.187868,0.0,0.187868,0.0,0.187868,0.0,0.187868,0.0,0.187868,1
69,2023-02-06T14:42:40.000000000,2023-02-06T14:43:38.000000000,0.0,0.250114,0.0,0.157917,0.0,0.194647,0.664887,0.22631,0.776751,0.570026,0.0,0.190755,0.776751,0.570026,0.0,0.776316,0.0,0.173618,0.0,0.095,0.0,0.123347,0.044168,0.201753,0.0,0.20638,0.0,0.125215,0.0,0.1468,0.0,0.1468,0.0,0.1468,0.0,0.1468,0.0,0.1468,0.0,0.1468,0.0,0.1468,1
70,2023-02-06T14:43:10.000000000,2023-02-06T14:44:08.000000000,0.0,0.265405,0.0,0.201894,0.0,0.208551,0.664887,0.224863,0.776751,0.760848,0.0,0.171352,0.776751,0.760848,0.0,0.759672,0.0,0.146346,0.0,0.098858,0.0,0.139613,0.044168,0.155127,0.0,0.189622,0.0,0.130509,0.0,0.183946,0.0,0.183946,0.0,0.183946,0.0,0.183946,0.0,0.183946,0.0,0.183946,0.0,0.183946,1
71,2023-02-06T14:43:40.000000000,2023-02-06T14:44:38.000000000,0.0,0.216185,0.0,0.169323,0.0,0.180675,0.664887,0.254933,0.776751,0.584547,0.0,0.220355,0.776751,0.584547,0.0,0.774526,0.0,0.166581,0.0,0.106006,0.0,0.160161,0.044168,0.237816,0.0,0.184912,0.0,0.158878,0.0,0.166598,0.0,0.166598,0.0,0.166598,0.0,0.166598,0.0,0.166598,0.0,0.166598,0.0,0.166598,1
72,2023-02-06T14:44:10.000000000,2023-02-06T14:45:08.000000000,0.0,0.304401,0.0,0.218193,0.0,0.205883,0.664887,0.298881,0.776751,0.288748,0.0,0.186174,0.776751,0.288748,0.0,0.757,0.0,0.143109,0.0,0.075636,0.0,0.140049,0.044168,0.203448,0.0,0.233042,0.0,0.123843,0.0,0.147353,0.0,0.147353,0.0,0.147353,0.0,0.147353,0.0,0.147353,0.0,0.147353,0.0,0.147353,1
73,2023-02-06T14:44:40.000000000,2023-02-06T14:45:38.000000000,0.0,0.241147,0.0,0.232209,0.0,0.187588,0.664887,0.316792,0.776751,0.282001,0.0,0.215583,0.776751,0.282001,0.0,0.74702,0.0,0.127114,0.0,0.089998,0.0,0.179272,0.044168,0.198491,0.0,0.177834,0.0,0.172546,0.0,0.190787,0.0,0.190787,0.0,0.190787,0.0,0.190787,0.0,0.190787,0.0,0.190787,0.0,0.190787,1
74,2023-02-06T14:45:10.000000000,2023-02-06T14:46:08.000000000,0.0,0.220777,0.0,0.198106,0.0,0.163032,0.664887,0.285297,0.776751,0.485972,0.0,0.237583,0.776751,0.485972,0.0,0.761549,0.0,0.14779,0.0,0.124583,0.0,0.149586,0.044168,0.239708,0.0,0.183575,0.0,0.131499,0.0,0.161033,0.0,0.161033,0.0,0.161033,0.0,0.161033,0.0,0.161033,0.0,0.161033,0.0,0.161033,1
75,2023-02-06T14:45:40.000000000,2023-02-06T14:46:38.000000000,0.0,0.250308,0.0,0.213182,0.0,0.193573,0.664887,0.219064,0.776751,0.549498,0.0,0.179679,0.776751,0.549498,0.0,0.74491,0.0,0.127713,0.0,0.058492,0.0,0.125449,0.044168,0.179724,0.0,0.191845,0.0,0.120568,0.0,0.162142,0.0,0.162142,0.0,0.162142,0.0,0.162142,0.0,0.162142,0.0,0.162142,0.0,0.162142,1
76,2023-02-06T14:46:10.000000000,2023-02-06T14:47:08.000000000,0.0,0.206581,0.0,0.226492,0.0,0.16855,0.664887,0.181839,0.776751,0.455055,0.0,0.215168,0.776751,0.455055,0.0,0.746283,0.0,0.128792,0.0,0.152138,0.0,0.177173,0.044168,0.173434,0.0,0.152528,0.0,0.187428,0.0,0.201464,0.0,0.201464,0.0,0.201464,0.0,0.201464,0.0,0.201464,0.0,0.201464,0.0,0.201464,1
77,2023-02-06T14:46:40.000000000,2023-02-06T14:47:38.000000000,0.0,0.190107,0.0,0.158952,0.0,0.179007,0.664887,0.260277,0.776751,0.460843,0.0,0.178987,0.776751,0.460843,0.0,0.774662,0.0,0.168463,0.0,0.200806,0.0,0.140996,0.044168,0.181753,0.0,0.146352,0.0,0.11493,0.0,0.187195,0.0,0.187195,0.0,0.187195,0.0,0.187195,0.0,0.187195,0.0,0.187195,0.0,0.187195,1
78,2023-02-06T14:47:10.000000000,2023-02-06T14:48:08.000000000,0.0,0.231047,0.0,0.183879,0.0,0.150558,0.664887,0.333941,0.776751,0.533335,0.0,0.23921,0.776751,0.533335,0.0,0.781675,0.0,0.18455,0.0,0.077608,0.0,0.137743,0.044168,0.22227,0.0,0.18125,0.0,0.159095,0.0,0.152665,0.0,0.152665,0.0,0.152665,0.0,0.152665,0.0,0.152665,0.0,0.152665,0.0,0.152665,1
79,2023-02-06T14:47:40.000000000,2023-02-06T14:48:38.000000000,0.0,0.353953,0.0,0.247175,0.0,0.258769,0.664887,0.266367,0.776751,0.390008,0.0,0.182456,0.776751,0.390008,0.0,0.769114,0.0,0.166138,0.0,0.416553,0.0,0.224115,0.044168,0.221712,0.0,0.229314,0.0,0.253692,0.0,0.177682,0.0,0.177682,0.0,0.177682,0.0,0.177682,0.0,0.177682,0.0,0.177682,0.0,0.177682,1
80,2023-02-06T14:48:10.000000000,2023-02-06T14:49:08.000000000,0.0,0.379812,0.0,0.188261,0.0,0.470614,0.664926,0.136458,0.776784,0.088224,0.0,0.22238,0.776784,0.088224,0.0,0.795795,0.0,0.201836,0.333333,0.675003,0.007497,0.381784,0.04646,0.318376,6.1e-05,0.240972,0.007929,0.363068,0.0,0.20552,0.0,0.20552,0.0,0.20552,0.0,0.20552,0.0,0.20552,0.0,0.20552,0.0,0.20552,1
81,2023-02-06T14:48:40.000000000,2023-02-06T14:49:38.000000000,1e-06,0.567972,3e-06,0.414503,1.0,0.527953,0.664507,0.240199,0.776423,0.226304,4.1e-05,0.613516,0.776423,0.226304,0.000732,0.818773,0.00055,0.230699,1.0,0.678581,0.287026,0.490219,0.180798,0.510598,0.088675,0.370535,0.280705,0.469417,0.0,0.143001,0.0,0.143001,0.0,0.143001,0.0,0.143001,0.0,0.143001,0.0,0.143001,0.0,0.143001,1
82,2023-02-06T14:49:10.000000000,2023-02-06T14:50:08.000000000,0.002935,0.720121,0.005363,0.574186,0.0,0.533579,0.553665,0.547031,0.616602,0.768832,0.30432,0.733763,0.616602,0.768832,0.282417,0.77667,0.294536,0.159854,0.666667,0.267921,0.531147,0.403439,0.495417,0.463824,0.285515,0.400682,0.485848,0.381948,0.0,0.170157,0.0,0.170157,0.0,0.170157,0.0,0.170157,0.0,0.170157,0.0,0.170157,0.0,0.170157,1
83,2023-02-06T14:49:40.000000000,2023-02-06T14:50:38.000000000,0.821926,0.521198,0.905045,0.444894,0.333333,0.643022,0.916224,0.637188,0.840047,1.0,0.899857,0.489225,0.840047,1.0,0.020282,0.759044,0.019363,0.13719,0.0,0.397575,0.44704,0.246146,0.36337,0.210144,0.207754,0.193658,0.376555,0.21764,0.0,0.214724,0.0,0.214724,0.0,0.214724,0.0,0.214724,0.0,0.214724,0.0,0.214724,0.0,0.214724,1
84,2023-02-06T14:50:10.000000000,2023-02-06T14:51:08.000000000,0.225494,0.196758,0.242188,0.181212,0.333333,0.632393,0.998786,0.496328,0.999092,0.781635,0.393946,0.272412,0.999092,0.781635,1.2e-05,0.78242,1.2e-05,0.174662,1.0,0.572791,0.007497,0.195923,0.04646,0.21417,6.1e-05,0.180413,0.007929,0.167358,0.0,0.142963,0.0,0.142963,0.0,0.142963,0.0,0.142963,0.0,0.142963,0.0,0.142963,0.0,0.142963,1
85,2023-02-06T14:50:40.000000000,2023-02-06T14:51:38.000000000,3.5e-05,0.231535,4.9e-05,0.196315,1.0,0.335513,0.663934,0.303796,0.775918,0.427414,0.000161,0.227329,0.775918,0.427414,0.0,0.75862,0.0,0.142234,0.0,0.209294,0.0,0.10319,0.044168,0.209262,0.0,0.220086,0.0,0.076013,0.0,0.153327,0.0,0.153327,0.0,0.153327,0.0,0.153327,0.0,0.153327,0.0,0.153327,0.0,0.153327,1
86,2023-02-06T14:51:10.000000000,2023-02-06T14:52:08.000000000,0.0,0.222688,0.0,0.181174,0.0,0.018293,0.664781,0.22996,0.776661,0.365409,0.0,0.158518,0.776661,0.365409,0.0,0.749993,0.0,0.139723,0.0,0.092052,0.0,0.124094,0.044168,0.168796,0.0,0.161194,0.0,0.149811,0.0,0.188263,0.0,0.188263,0.0,0.188263,0.0,0.188263,0.0,0.188263,0.0,0.188263,0.0,0.188263,1
87,2023-02-06T14:51:40.000000000,2023-02-06T14:52:38.000000000,0.0,0.272131,0.0,0.187241,0.0,0.399445,0.664887,0.229379,0.776751,0.531042,0.0,0.193236,0.776751,0.531042,0.0,0.765947,0.0,0.157077,0.0,0.512863,0.0,0.174131,0.044168,0.206766,0.0,0.200527,0.0,0.203936,0.0,0.178282,0.0,0.178282,0.0,0.178282,0.0,0.178282,0.0,0.178282,0.0,0.178282,0.0,0.178282,1
88,2023-02-06T14:52:10.000000000,2023-02-06T14:53:08.000000000,0.0,0.340349,0.0,0.179552,0.0,0.420598,0.664887,0.158412,0.776751,0.484742,0.0,0.135706,0.776751,0.484742,0.0,0.771661,0.0,0.170784,0.0,0.500308,0.002186,0.255248,0.044673,0.27399,5e-06,0.198595,0.00186,0.233103,0.0,0.173708,0.0,0.173708,0.0,0.173708,0.0,0.173708,0.0,0.173708,0.0,0.173708,0.0,0.173708,1
89,2023-02-06T14:52:40.000000000,2023-02-06T14:53:38.000000000,0.0,0.472097,0.0,0.365128,0.666667,0.458512,0.665279,0.210994,0.777077,0.287795,2.1e-05,0.532757,0.777077,0.287795,0.000141,0.804097,0.000113,0.219699,1.0,0.487438,0.05419,0.475218,0.061168,0.514287,0.00321,0.375918,0.067508,0.460767,0.0,0.172692,0.0,0.172692,0.0,0.172692,0.0,0.172692,0.0,0.172692,0.0,0.172692,0.0,0.172692,1
90,2023-02-06T14:53:10.000000000,2023-02-06T14:54:08.000000000,0.000252,0.753776,0.000317,0.639431,1.0,0.918512,0.602948,0.565262,0.684013,0.331629,0.198267,0.944424,0.684013,0.331629,0.159421,0.806358,0.176146,0.213319,0.666667,0.625994,0.530831,0.482582,0.493126,0.528476,0.285412,0.408004,0.487265,0.468832,0.0,0.196504,0.0,0.196504,0.0,0.196504,0.0,0.196504,0.0,0.196504,0.0,0.196504,0.0,0.196504,1
91,2023-02-06T14:53:40.000000000,2023-02-06T14:54:38.000000000,0.737245,0.690865,0.849518,0.626837,0.333333,0.860301,0.900702,0.778097,0.806855,0.608781,1.0,0.805521,0.806855,0.608781,0.101934,0.775694,0.1195,0.17117,0.333333,0.558598,0.528481,0.246564,0.483,0.222831,0.283827,0.177469,0.501271,0.247579,0.0,0.156262,0.0,0.156262,0.0,0.156262,0.0,0.156262,0.0,0.156262,0.0,0.156262,0.0,0.156262,1
92,2023-02-06T14:54:10.000000000,2023-02-06T14:55:08.000000000,0.533497,0.323249,0.693935,0.247504,0.333333,0.437626,0.950598,0.537277,0.900671,0.808808,0.736971,0.230074,0.900671,0.808808,9e-05,0.777881,7.5e-05,0.167291,1.0,0.244792,0.021034,0.213939,0.050538,0.235462,0.000484,0.25608,0.024774,0.166579,0.0,0.150176,0.0,0.150176,0.0,0.150176,0.0,0.150176,0.0,0.150176,0.0,0.150176,0.0,0.150176,1
93,2023-02-06T14:54:40.000000000,2023-02-06T14:55:38.000000000,0.000195,0.21988,0.000242,0.224612,1.0,0.299507,0.665793,0.15747,0.777389,0.699068,0.000658,0.175141,0.777389,0.699068,0.0,0.746313,0.0,0.127892,0.0,0.142604,0.0,0.107502,0.044168,0.207355,0.0,0.18857,0.0,0.060685,0.0,0.194644,0.0,0.194644,0.0,0.194644,0.0,0.194644,0.0,0.194644,0.0,0.194644,0.0,0.194644,1
94,2023-02-06T14:55:10.000000000,2023-02-06T14:56:08.000000000,0.0,0.225223,0.0,0.22204,0.333333,0.292986,0.664751,0.043638,0.776636,0.438445,1e-06,0.231021,0.776636,0.438445,0.0,0.740807,0.0,0.11646,0.0,0.169767,0.0,0.053392,0.044168,0.073766,0.0,0.098671,0.0,0.110145,0.0,0.169785,0.0,0.169785,0.0,0.169785,0.0,0.169785,0.0,0.169785,0.0,0.169785,0.0,0.169785,1
95,2023-02-06T14:55:40.000000000,2023-02-06T14:56:38.000000000,0.0,0.215666,0.0,0.099974,0.0,0.0,0.664887,0.27626,0.776751,0.30558,0.0,0.116441,0.776751,0.30558,0.0,0.793013,0.0,0.182652,0.0,0.143112,0.0,0.23011,0.044168,0.258143,0.0,0.235574,0.0,0.171199,0.0,0.158934,0.0,0.158934,0.0,0.158934,0.0,0.158934,0.0,0.158934,0.0,0.158934,0.0,0.158934,1
96,2023-02-06T14:56:10.000000000,2023-02-06T14:57:08.000000000,0.0,0.281687,0.0,0.265571,0.0,0.379245,0.664887,0.373506,0.776751,0.183876,0.0,0.21913,0.776751,0.183876,0.0,0.72335,0.0,0.122765,0.0,0.571094,0.0,0.003541,0.044168,0.033311,0.0,0.0,0.0,0.0,0.0,0.165111,0.0,0.165111,0.0,0.165111,0.0,0.165111,0.0,0.165111,0.0,0.165111,0.0,0.165111,1
97,2023-02-06T14:56:40.000000000,2023-02-06T14:57:38.000000000,0.0,0.190313,0.0,0.104517,0.0,0.819293,0.664887,0.213515,0.776751,0.101119,0.0,0.295543,0.776751,0.101119,0.0,0.809055,0.0,0.203741,0.333333,0.740477,0.006745,0.460118,0.041333,0.385174,4.9e-05,0.434898,0.006598,0.522284,0.0,0.191771,0.0,0.191771,0.0,0.191771,0.0,0.191771,0.0,0.191771,0.0,0.191771,0.0,0.191771,1
98,2023-02-06T14:57:10.000000000,2023-02-06T14:58:08.000000000,1e-06,0.623887,2e-06,0.378739,1.0,1.0,0.66412,0.228509,0.776094,0.414934,6.1e-05,0.66376,0.776094,0.414934,0.001077,0.983028,0.00085,0.447894,1.0,0.577782,0.157722,1.0,0.0,1.0,0.027255,0.941697,0.19007,1.0,0.0,0.15828,0.0,0.15828,0.0,0.15828,0.0,0.15828,0.0,0.15828,0.0,0.15828,0.0,0.15828,1
99,2023-02-06T14:57:40.000000000,2023-02-06T14:58:38.000000000,0.00096,0.858837,0.001443,0.72265,1.0,0.587055,0.543786,0.48556,0.594759,0.902731,0.359326,0.825977,0.594759,0.902731,1.0,1.0,0.990645,0.479534,0.666667,0.472653,0.999907,0.817987,0.966399,0.881089,0.995117,1.0,0.964846,0.857503,0.0,0.112652,0.0,0.112652,0.0,0.112652,0.0,0.112652,0.0,0.112652,0.0,0.112652,0.0,0.112652,1
100,2023-02-06T14:58:10.000000000,2023-02-06T14:59:08.000000000,1.0,0.620932,1.0,0.606501,0.333333,0.353334,0.903382,0.633991,0.809511,0.974754,0.999953,0.514633,0.809511,0.974754,0.156839,0.826816,0.170466,0.257111,0.333333,0.518031,0.987632,0.385997,1.0,0.354813,0.959941,0.319646,1.0,0.317217,0.0,0.223369,0.0,0.223369,0.0,0.223369,0.0,0.223369,0.0,0.223369,0.0,0.223369,0.0,0.223369,1
101,2023-02-06T14:58:40.000000000,2023-02-06T14:59:38.000000000,0.244454,0.197933,0.276453,0.229546,0.333333,0.491483,0.993096,0.49165,0.989927,0.584294,0.420871,0.216704,0.989927,0.584294,7.4e-05,0.745303,6.4e-05,0.105798,1.0,0.31595,0.020818,0.020414,0.036436,0.063748,0.000471,0.09155,0.023386,0.019997,0.0,0.206821,0.0,0.206821,0.0,0.206821,0.0,0.206821,0.0,0.206821,0.0,0.206821,0.0,0.206821,1
102,2023-02-06T14:59:10.000000000,2023-02-06T15:00:08.000000000,5.9e-05,0.394567,8e-05,0.221328,1.0,0.444608,0.663699,0.219504,0.775715,0.13941,0.000189,0.265426,0.775715,0.13941,0.0,0.811015,0.0,0.201074,0.0,0.267907,0.0,0.145736,0.044168,0.235615,0.0,0.221242,0.0,0.168554,0.0,0.143278,0.0,0.143278,0.0,0.143278,0.0,0.143278,0.0,0.143278,0.0,0.143278,0.0,0.143278,1
103,2023-02-06T14:59:40.000000000,2023-02-06T15:00:38.000000000,0.0,0.238508,0.0,0.192716,0.0,0.124226,0.664749,0.194409,0.776634,0.24724,0.0,0.121051,0.776634,0.24724,0.0,0.73479,0.0,0.114976,0.0,0.844148,0.0,0.201751,0.044168,0.149723,0.0,0.094217,0.0,0.1915,0.0,0.208821,0.0,0.208821,0.0,0.208821,0.0,0.208821,0.0,0.208821,0.0,0.208821,0.0,0.208821,1
104,2023-02-06T15:00:10.000000000,2023-02-06T15:01:08.000000000,0.0,0.193145,0.0,0.143894,0.0,0.255954,0.664887,0.304804,0.776751,0.680525,0.0,0.201686,0.776751,0.680525,1e-06,0.757535,1e-06,0.133768,1.0,1.0,0.011265,0.449751,0.041981,0.472866,0.00014,0.3159,0.012435,0.379545,0.0,0.181111,0.0,0.181111,0.0,0.181111,0.0,0.181111,0.0,0.181111,0.0,0.181111,0.0,0.181111,1
105,2023-02-06T15:00:40.000000000,2023-02-06T15:01:38.000000000,0.0,0.342802,0.0,0.194379,0.0,0.241201,0.664887,0.327205,0.776751,0.775918,0.0,0.252217,0.776751,0.775918,0.001588,0.809365,0.001209,0.225188,1.0,0.832592,0.51637,0.587301,0.501043,0.686048,0.267735,0.336894,0.477987,0.450601,0.0,0.142124,0.0,0.142124,0.0,0.142124,0.0,0.142124,0.0,0.142124,0.0,0.142124,0.0,0.142124,1
106,2023-02-06T15:01:10.000000000,2023-02-06T15:02:08.000000000,0.0,0.134019,0.0,0.175775,0.0,0.147097,0.664887,0.280274,0.776751,0.454088,0.0,0.114574,0.776751,0.454088,0.2139,0.772126,0.255962,0.186016,0.333333,0.596462,0.531109,0.368158,0.502868,0.356302,0.28459,0.19493,0.481998,0.350839,0.0,0.193563,0.0,0.193563,0.0,0.193563,0.0,0.193563,0.0,0.193563,0.0,0.193563,0.0,0.193563,1
107,2023-02-06T15:01:40.000000000,2023-02-06T15:02:38.000000000,0.0,0.241184,0.0,0.152304,0.0,0.200198,0.664887,0.231341,0.776751,0.171878,0.0,0.293731,0.776751,0.171878,0.003481,0.723794,0.002511,0.103112,1.0,0.418701,0.124864,0.230322,0.043125,0.102285,0.01724,0.29284,0.144195,0.258061,0.0,0.194291,0.0,0.194291,0.0,0.194291,0.0,0.194291,0.0,0.194291,0.0,0.194291,0.0,0.194291,1
108,2023-02-06T15:02:10.000000000,2023-02-06T15:03:08.000000000,0.0,0.324084,0.0,0.192372,0.0,0.083923,0.664887,0.151975,0.776751,0.291602,0.0,0.255014,0.776751,0.291602,3e-06,0.770083,4e-06,0.158981,1.0,0.441103,0.005008,0.17979,0.043488,0.297976,2.8e-05,0.292932,0.005012,0.104181,0.0,0.104015,0.0,0.104015,0.0,0.104015,0.0,0.104015,0.0,0.104015,0.0,0.104015,0.0,0.104015,1
109,2023-02-06T15:02:40.000000000,2023-02-06T15:03:38.000000000,0.0,0.186013,0.0,0.277908,0.0,0.259107,0.664887,0.161619,0.776751,0.520463,0.0,0.142017,0.776751,0.520463,0.0,0.800669,0.0,0.204614,0.0,0.311888,0.0,0.0,0.044168,0.137755,0.0,0.159473,0.0,0.11545,0.0,0.15202,0.0,0.15202,0.0,0.15202,0.0,0.15202,0.0,0.15202,0.0,0.15202,0.0,0.15202,1
110,2023-02-06T15:03:10.000000000,2023-02-06T15:04:08.000000000,0.0,0.181406,0.0,0.152011,0.0,0.222678,0.664887,0.338118,0.776751,0.53778,0.0,0.181833,0.776751,0.53778,0.0,0.768206,0.0,0.162233,0.0,0.187283,0.0,0.172645,0.044168,0.13668,0.0,0.109343,0.0,0.180417,0.0,0.240365,0.0,0.240365,0.0,0.240365,0.0,0.240365,0.0,0.240365,0.0,0.240365,0.0,0.240365,1
111,2023-02-06T15:03:40.000000000,2023-02-06T15:04:38.000000000,0.0,0.221032,0.0,0.168895,0.0,0.103472,0.664887,0.354083,0.776751,0.438159,0.0,0.166869,0.776751,0.438159,0.0,0.774652,0.0,0.167896,0.0,0.169529,0.0,0.134306,0.044168,0.151554,0.0,0.189869,0.0,0.127428,0.0,0.186021,0.0,0.186021,0.0,0.186021,0.0,0.186021,0.0,0.186021,0.0,0.186021,0.0,0.186021,1
112,2023-02-06T15:04:10.000000000,2023-02-06T15:05:08.000000000,0.0,0.255296,0.0,0.238721,0.0,0.474883,0.664887,0.130344,0.776751,0.385355,0.0,0.203924,0.776751,0.385355,0.0,0.750972,0.0,0.124704,0.0,0.280058,0.0,0.138712,0.044168,0.069756,0.0,0.121111,0.0,0.202962,0.0,0.214518,0.0,0.214518,0.0,0.214518,0.0,0.214518,0.0,0.214518,0.0,0.214518,0.0,0.214518,1
113,2023-02-06T15:04:40.000000000,2023-02-06T15:05:38.000000000,0.0,0.388108,0.0,0.087835,0.0,0.63372,0.664887,0.030295,0.776751,0.379063,0.0,0.278233,0.776751,0.379063,0.0,0.809257,0.0,0.194357,0.333333,0.547786,0.003007,0.428961,0.042504,0.484144,1e-05,0.269633,0.003016,0.358738,0.0,0.185347,0.0,0.185347,0.0,0.185347,0.0,0.185347,0.0,0.185347,0.0,0.185347,0.0,0.185347,1
114,2023-02-06T15:05:10.000000000,2023-02-06T15:06:08.000000000,1e-06,0.645749,1e-06,0.422909,1.0,0.6645,0.664628,0.443098,0.776528,0.419469,2.8e-05,0.538377,0.776528,0.419469,0.000185,0.911117,0.000142,0.354549,1.0,0.851373,0.069912,0.595561,0.027546,0.865468,0.005369,0.662707,0.08045,0.664988,0.0,0.134146,0.0,0.134146,0.0,0.134146,0.0,0.134146,0.0,0.134146,0.0,0.134146,0.0,0.134146,1
115,2023-02-06T15:05:40.000000000,2023-02-06T15:06:38.000000000,0.000346,0.779911,0.000444,0.597732,1.0,0.693348,0.564669,0.765193,0.624668,0.548128,0.313108,0.804904,0.624668,0.548128,0.556847,0.860628,0.596654,0.303907,0.666667,0.910569,0.847371,0.578619,0.96118,0.815704,0.684777,0.823834,0.959386,0.725861,0.0,0.220434,0.0,0.220434,0.0,0.220434,0.0,0.220434,0.0,0.220434,0.0,0.220434,0.0,0.220434,1
116,2023-02-06T15:06:10.000000000,2023-02-06T15:07:08.000000000,0.937512,0.610224,0.943078,0.493492,0.333333,0.681427,0.918475,0.599447,0.840111,0.696995,0.911806,0.661068,0.840111,0.696995,0.179985,0.74525,0.146108,0.112416,0.333333,0.349842,0.844533,0.391892,0.972454,0.283537,0.676764,0.437473,0.971181,0.460119,0.0,0.114075,0.0,0.114075,0.0,0.114075,0.0,0.114075,0.0,0.114075,0.0,0.114075,0.0,0.114075,1
117,2023-02-06T15:06:40.000000000,2023-02-06T15:07:38.000000000,0.244266,0.292941,0.27484,0.278671,0.333333,0.542694,0.993249,0.293702,0.991086,0.744845,0.414212,0.290532,0.991086,0.744845,2.3e-05,0.819996,1.9e-05,0.236746,1.0,0.185832,0.008747,0.126125,0.040485,0.223963,8.3e-05,0.081277,0.009983,0.026844,0.0,0.178247,0.0,0.178247,0.0,0.178247,0.0,0.178247,0.0,0.178247,0.0,0.178247,0.0,0.178247,1
118,2023-02-06T15:07:10.000000000,2023-02-06T15:08:08.000000000,5.8e-05,0.159833,7.9e-05,0.185487,1.0,0.274681,0.663738,0.255192,0.77575,0.594949,0.00018,0.113966,0.77575,0.594949,0.0,0.719054,0.0,0.121502,0.0,0.163866,0.0,0.166893,0.044168,0.296346,0.0,0.157532,0.0,0.184083,0.0,0.177114,0.0,0.177114,0.0,0.177114,0.0,0.177114,0.0,0.177114,0.0,0.177114,0.0,0.177114,1
119,2023-02-06T15:07:40.000000000,2023-02-06T15:08:38.000000000,0.0,0.218522,0.0,0.140169,0.0,0.17192,0.664749,0.367911,0.776634,0.390988,0.0,0.187414,0.776634,0.390988,0.0,0.718778,0.0,0.061953,0.0,0.095474,0.0,0.215805,0.044168,0.0,0.0,0.117055,0.0,0.188082,0.0,0.0,0.0,0.0,0.0,0.0,0.0,0.0,0.0,0.0,0.0,0.0,0.0,0.0,1
120,2023-02-06T15:08:10.000000000,2023-02-06T15:09:08.000000000,0.0,0.194743,0.0,0.213493,0.0,0.209859,0.664887,0.218057,0.776751,0.406658,0.0,0.162312,0.776751,0.406658,0.0,0.789797,0.0,0.212565,0.0,0.145262,0.0,0.083406,0.044168,0.282997,0.0,0.130706,0.0,0.017662,0.0,0.276563,0.0,0.276563,0.0,0.276563,0.0,0.276563,0.0,0.276563,0.0,0.276563,0.0,0.276563,1
121,2023-02-06T15:08:40.000000000,2023-02-06T15:09:38.000000000,0.0,0.129159,0.0,0.065244,0.0,0.134898,0.664887,0.002627,0.776751,0.59337,0.0,0.123772,0.776751,0.59337,0.0,0.657836,0.0,0.0,0.0,0.065078,0.0,0.191265,0.044168,0.252342,0.0,0.089967,0.0,0.247208,0.0,0.091132,0.0,0.091132,0.0,0.091132,0.0,0.091132,0.0,0.091132,0.0,0.091132,0.0,0.091132,1
122,2023-02-06T15:09:10.000000000,2023-02-06T15:10:08.000000000,0.0,0.191879,0.0,0.271243,0.0,0.212053,0.664887,0.389332,0.776751,0.676319,0.0,0.205491,0.776751,0.676319,0.0,0.82966,0.0,0.261167,0.0,0.157409,0.0,0.179274,0.044168,0.102894,0.0,0.115297,0.0,0.115002,0.0,0.295361,0.0,0.295361,0.0,0.295361,0.0,0.295361,0.0,0.295361,0.0,0.295361,0.0,0.295361,1
123,2023-02-06T15:09:40.000000000,2023-02-06T15:10:38.000000000,0.0,0.0,0.0,1.0,0.0,0.336531,0.664887,1.0,0.776751,0.428014,0.0,0.062507,0.776751,0.428014,0.0,0.0,0.0,1.0,0.0,0.15366,0.0,0.144353,0.044168,0.700617,0.0,0.037114,0.0,0.191411,0.0,1.0,0.0,1.0,0.0,1.0,0.0,1.0,0.0,1.0,0.0,1.0,0.0,1.0,1
124,2023-02-06T15:10:10.000000000,2023-02-06T15:11:08.000000000,0.0,0.0,0.0,1.0,0.0,0.336531,0.664887,1.0,0.776751,0.428014,0.0,0.062507,0.776751,0.428014,0.0,0.0,0.0,1.0,0.0,0.15366,0.0,0.144353,0.044168,0.700617,0.0,0.037114,0.0,0.191411,0.0,1.0,0.0,1.0,0.0,1.0,0.0,1.0,0.0,1.0,0.0,1.0,0.0,1.0,1
