segment_idx,m2_speed_psd_peak_baseband,m2_speed_psd_peak_am_demodulated,m2_speed_psd_mean_energy_baseband,m2_speed_psd_mean_energy_am_demodulated,m2_speed_psd_peak_freq_baseband,m2_speed_psd_peak_freq_am_demodulated,m2_speed_rms_baseband,m2_speed_rms_am_demodulated,m2_speed_mean_baseband,m2_speed_mean_am_demodulated,m2_speed_variance_baseband,m2_speed_variance_am_demodulated,m2_speed_fft_peak_baseband,m2_speed_fft_peak_am_demodulated,o8_compressor_psd_peak_baseband,o8_compressor_psd_peak_am_demodulated,o8_compressor_psd_mean_energy_baseband,o8_compressor_psd_mean_energy_am_demodulated,o8_compressor_psd_peak_freq_baseband,o8_compressor_psd_peak_freq_am_demodulated,o8_compressor_rms_baseband,o8_compressor_rms_am_demodulated,o8_compressor_mean_baseband,o8_compressor_mean_am_demodulated,o8_compressor_variance_baseband,o8_compressor_variance_am_demodulated,o8_compressor_fft_peak_baseband,o8_compressor_fft_peak_am_demodulated,current_task_duration_psd_peak_baseband,current_task_duration_psd_peak_am_demodulated,current_task_duration_psd_mean_energy_baseband,current_task_duration_psd_mean_energy_am_demodulated,current_task_duration_psd_peak_freq_baseband,current_task_duration_psd_peak_freq_am_demodulated,current_task_duration_rms_baseband,current_task_duration_rms_am_demodulated,current_task_duration_mean_baseband,current_task_duration_mean_am_demodulated,current_task_duration_variance_baseband,current_task_duration_variance_am_demodulated,current_task_duration_fft_peak_baseband,current_task_duration_fft_peak_am_demodulated,current_state_binary
0,0.000463,0.544858,0.000597,0.547482,1.0,1.0,0.0,0.394312,0.0,0.342381,0.325645,0.781463,0.0,0.342381,0.0,0.649317,0.0,0.612063,0.0,0.464382,0.0,0.541563,0.044168,0.535544,0.0,0.542923,0.0,0.516533,0.0,1.0,0.0,1.0,0.0,1.0,0.0,1.0,0.0,1.0,0.0,1.0,0.0,1.0,1
1,0.197852,0.420487,0.228529,0.431337,0.333333,0.620289,0.456975,0.239275,0.466182,0.158919,0.530818,0.646246,0.466182,0.158919,0.0,0.425813,0.0,0.400093,0.0,0.27658,0.0,0.328656,0.044168,0.331813,0.0,0.337097,0.0,0.314275,0.0,0.681906,0.0,0.681906,0.0,0.681906,0.0,0.681906,0.0,0.681906,0.0,0.681906,0.0,0.681906,1
2,6.6e-05,0.238341,8.3e-05,0.246197,1.0,0.447375,0.665012,0.164737,0.776808,0.126932,0.000252,0.355376,0.776808,0.126932,0.0,0.18457,0.0,0.171985,0.0,0.14404,0.0,0.176191,0.044168,0.173437,0.0,0.172272,0.0,0.166558,0.0,0.354736,0.0,0.354736,0.0,0.354736,0.0,0.354736,0.0,0.354736,0.0,0.354736,0.0,0.354736,1
3,0.0,0.434248,0.0,0.43171,0.333333,0.643455,0.664985,0.706539,0.776833,0.813005,1e-06,0.486912,0.776833,0.813005,0.0,0.553332,0.0,0.519314,0.0,0.331441,0.0,0.398427,0.044168,0.407444,0.0,0.416966,0.0,0.383215,0.0,0.890971,0.0,0.890971,0.0,0.890971,0.0,0.890971,0.0,0.890971,0.0,0.890971,0.0,0.890971,1
4,0.0,0.400875,0.0,0.399775,0.0,0.419061,0.664887,0.666027,0.776751,0.766975,0.0,0.425839,0.776751,0.766975,0.0,0.456787,0.0,0.427653,0.0,0.319538,0.0,0.385592,0.044168,0.379239,0.0,0.387316,0.0,0.366273,0.0,0.780921,0.0,0.780921,0.0,0.780921,0.0,0.780921,0.0,0.780921,0.0,0.780921,0.0,0.780921,1
5,0.0,0.371913,0.0,0.368942,0.0,0.413727,0.664887,0.678889,0.776751,0.796073,0.0,0.386259,0.776751,0.796073,0.0,0.469112,0.0,0.441805,0.0,0.343501,0.0,0.402712,0.044168,0.393151,0.0,0.400824,0.0,0.382428,0.0,0.745299,0.0,0.745299,0.0,0.745299,0.0,0.745299,0.0,0.745299,0.0,0.745299,0.0,0.745299,1
6,0.0,0.3308,0.0,0.326774,0.0,0.390236,0.664887,0.644338,0.776751,0.763953,0.0,0.346794,0.776751,0.763953,0.0,0.485366,0.0,0.462173,0.0,0.375406,0.0,0.416143,0.044168,0.404975,0.0,0.414003,0.0,0.395982,0.0,0.680485,0.0,0.680485,0.0,0.680485,0.0,0.680485,0.0,0.680485,0.0,0.680485,0.0,0.680485,1
7,0.0,0.313932,0.0,0.311311,0.0,0.37313,0.664887,0.578643,0.776751,0.679078,0.0,0.313366,0.776751,0.679078,0.0,0.376515,0.0,0.355999,0.0,0.395015,0.0,0.447292,0.044168,0.401688,0.0,0.416821,0.0,0.411624,0.0,0.590528,0.0,0.590528,0.0,0.590528,0.0,0.590528,0.0,0.590528,0.0,0.590528,0.0,0.590528,1
8,0.0,0.321652,0.0,0.317714,0.0,0.39671,0.664887,0.616585,0.776751,0.728444,0.0,0.356356,0.776751,0.728444,0.0,0.555896,0.0,0.536012,0.0,0.529915,0.0,0.476827,0.044168,0.456734,0.0,0.47429,0.0,0.451809,0.0,0.670582,0.0,0.670582,0.0,0.670582,0.0,0.670582,0.0,0.670582,0.0,0.670582,0.0,0.670582,1
9,0.0,0.30648,0.0,0.304791,0.0,0.517158,0.664994,0.552195,0.77684,0.644079,0.0,0.316392,0.77684,0.644079,0.0,0.36308,1e-06,0.342861,0.666667,0.709348,0.012095,0.555465,0.048751,0.456689,0.000159,0.489851,0.012829,0.493056,0.0,0.568524,0.0,0.568524,0.0,0.568524,0.0,0.568524,0.0,0.568524,0.0,0.568524,0.0,0.568524,1
10,3e-06,0.355205,4e-06,0.352372,1.0,0.919339,0.665599,0.650245,0.777331,0.762533,9.9e-05,0.381264,0.777331,0.762533,0.002358,0.549495,0.001782,0.533969,1.0,0.851747,0.70721,0.894728,0.5,0.713386,0.526071,0.800332,0.596918,0.781925,0.0,0.713408,0.0,0.713408,0.0,0.713408,0.0,0.713408,0.0,0.713408,0.0,0.713408,0.0,0.713408,1
11,0.013825,0.311026,0.021751,0.307833,0.333333,0.801365,0.530468,0.543664,0.58457,0.619816,0.349958,0.484556,0.58457,0.619816,0.896984,1.0,1.0,1.0,0.666667,0.766693,1.0,0.935574,0.946665,0.834381,1.0,0.931959,0.960901,0.855443,0.0,0.735669,0.0,0.735669,0.0,0.735669,0.0,0.735669,0.0,0.735669,0.0,0.735669,0.0,0.735669,1
12,0.865162,0.412447,0.948179,0.423499,0.333333,0.498781,0.899712,0.561628,0.808014,0.562833,0.988318,0.559869,0.808014,0.562833,0.042664,0.754003,0.039899,0.750385,0.0,0.614264,0.70721,0.691381,0.5,0.626575,0.526071,0.688682,0.596918,0.636494,0.0,0.593355,0.0,0.593355,0.0,0.593355,0.0,0.593355,0.0,0.593355,0.0,0.593355,0.0,0.593355,1
13,0.225556,0.445887,0.243973,0.456827,0.333333,0.81033,1.0,0.671606,1.0,0.717897,0.395031,0.495198,1.0,0.717897,2.5e-05,0.409054,2.6e-05,0.384141,1.0,0.45559,0.012095,0.521733,0.048751,0.446329,0.000159,0.478614,0.012829,0.46717,0.0,0.628456,0.0,0.628456,0.0,0.628456,0.0,0.628456,0.0,0.628456,0.0,0.628456,0.0,0.628456,1
14,3.5e-05,0.320501,4.8e-05,0.317666,1.0,0.741754,0.664,0.543423,0.775975,0.644612,0.000155,0.353742,0.775975,0.644612,0.0,0.505256,0.0,0.486043,0.0,0.305823,0.0,0.437129,0.044168,0.420107,0.0,0.43904,0.0,0.411599,0.0,0.665354,0.0,0.665354,0.0,0.665354,0.0,0.665354,0.0,0.665354,0.0,0.665354,0.0,0.665354,1
15,0.0,0.355074,0.0,0.352701,0.0,0.413151,0.664781,0.648352,0.776661,0.760262,0.0,0.372547,0.776661,0.760262,0.0,0.445925,0.0,0.420053,0.0,0.329953,0.0,0.387132,0.044168,0.376714,0.0,0.384045,0.0,0.366703,0.0,0.70677,0.0,0.70677,0.0,0.70677,0.0,0.70677,0.0,0.70677,0.0,0.70677,0.0,0.70677,1
16,0.0,0.298963,0.0,0.295882,0.0,0.348183,0.664887,0.59449,0.776751,0.701716,0.0,0.306356,0.776751,0.701716,0.0,0.337766,0.0,0.313853,0.0,0.266132,0.0,0.292649,0.044168,0.292525,0.0,0.288655,0.0,0.281012,0.0,0.598111,0.0,0.598111,0.0,0.598111,0.0,0.598111,0.0,0.598111,0.0,0.598111,0.0,0.598111,1
17,0.0,0.292084,0.0,0.284837,0.0,0.381344,0.664887,0.576935,0.776751,0.69534,0.0,0.294319,0.776751,0.69534,0.0,0.398658,0.0,0.376689,0.0,0.25036,0.0,0.297465,0.044168,0.313235,0.0,0.30822,0.0,0.293093,0.0,0.639261,0.0,0.639261,0.0,0.639261,0.0,0.639261,0.0,0.639261,0.0,0.639261,0.0,0.639261,1
18,0.0,0.352289,0.0,0.348402,0.0,0.385324,0.664887,0.690586,0.776751,0.815736,0.0,0.351659,0.776751,0.815736,0.0,0.403004,0.0,0.373661,0.0,0.298712,0.0,0.337375,0.044168,0.337394,0.0,0.336196,0.0,0.324259,0.0,0.716208,0.0,0.716208,0.0,0.716208,0.0,0.716208,0.0,0.716208,0.0,0.716208,0.0,0.716208,1
19,0.0,0.275215,0.0,0.270357,0.0,0.342538,0.664887,0.533528,0.776751,0.636962,0.0,0.28726,0.776751,0.636962,0.0,0.361715,0.0,0.341679,0.0,0.251834,0.0,0.297302,0.044168,0.301664,0.0,0.299815,0.0,0.287522,0.0,0.574368,0.0,0.574368,0.0,0.574368,0.0,0.574368,0.0,0.574368,0.0,0.574368,0.0,0.574368,1
20,0.0,0.307627,0.0,0.305062,0.0,0.364298,0.664887,0.575268,0.776751,0.676526,0.0,0.327264,0.776751,0.676526,0.0,0.390376,0.0,0.368248,0.0,0.290985,0.0,0.339895,0.044168,0.33396,0.0,0.337285,0.0,0.323477,0.0,0.614369,0.0,0.614369,0.0,0.614369,0.0,0.614369,0.0,0.614369,0.0,0.614369,0.0,0.614369,1
21,0.0,0.299237,0.0,0.299494,0.0,0.360316,0.664887,0.551571,0.776751,0.640468,0.0,0.330941,0.776751,0.640468,0.0,0.368495,0.0,0.347052,0.0,0.299376,0.0,0.341865,0.044168,0.327413,0.0,0.33235,0.0,0.321174,0.0,0.572249,0.0,0.572249,0.0,0.572249,0.0,0.572249,0.0,0.572249,0.0,0.572249,0.0,0.572249,1
22,0.0,0.314331,0.0,0.312861,0.0,0.378041,0.664887,0.548763,0.776751,0.638928,0.0,0.34484,0.776751,0.638928,0.0,0.415952,0.0,0.396122,0.0,0.316783,0.0,0.370372,0.044168,0.359598,0.0,0.366457,0.0,0.350176,0.0,0.609569,0.0,0.609569,0.0,0.609569,0.0,0.609569,0.0,0.609569,0.0,0.609569,0.0,0.609569,1
23,0.0,0.392421,0.0,0.393681,0.0,0.434788,0.664887,0.699139,0.776751,0.806042,0.0,0.423154,0.776751,0.806042,0.0,0.48002,0.0,0.451269,0.0,0.377708,0.0,0.431668,0.044168,0.411668,0.0,0.422802,0.0,0.404827,0.0,0.75106,0.0,0.75106,0.0,0.75106,0.0,0.75106,0.0,0.75106,0.0,0.75106,0.0,0.75106,1
24,0.0,0.32606,0.0,0.324117,0.0,0.382965,0.664887,0.583589,0.776751,0.681747,0.0,0.350341,0.776751,0.681747,0.0,0.419353,0.0,0.397411,0.0,0.317384,0.0,0.368958,0.044168,0.360026,0.0,0.365541,0.0,0.349812,0.0,0.638818,0.0,0.638818,0.0,0.638818,0.0,0.638818,0.0,0.638818,0.0,0.638818,0.0,0.638818,1
25,0.0,0.330919,0.0,0.328292,0.0,0.381714,0.664887,0.612467,0.776751,0.719324,0.0,0.348996,0.776751,0.719324,0.0,0.418393,0.0,0.39429,0.0,0.308884,0.0,0.360872,0.044168,0.354302,0.0,0.358963,0.0,0.343336,0.0,0.66166,0.0,0.66166,0.0,0.66166,0.0,0.66166,0.0,0.66166,0.0,0.66166,0.0,0.66166,1
26,0.0,0.313473,0.0,0.310007,0.0,0.363234,0.664887,0.60632,0.776751,0.717019,0.0,0.326265,0.776751,0.717019,0.0,0.393303,0.0,0.368698,0.0,0.28102,0.0,0.332836,0.044168,0.329703,0.0,0.332709,0.0,0.318216,0.0,0.642879,0.0,0.642879,0.0,0.642879,0.0,0.642879,0.0,0.642879,0.0,0.642879,0.0,0.642879,1
27,0.0,0.282325,0.0,0.275221,0.0,0.334822,0.664887,0.543408,0.776751,0.653351,0.0,0.284389,0.776751,0.653351,0.0,0.370084,0.0,0.349738,0.0,0.247697,0.0,0.304732,0.044168,0.309449,0.0,0.310541,0.0,0.294913,0.0,0.596609,0.0,0.596609,0.0,0.596609,0.0,0.596609,0.0,0.596609,0.0,0.596609,0.0,0.596609,1
28,0.0,0.323521,0.0,0.319452,0.0,0.367927,0.664887,0.634791,0.776751,0.753014,0.0,0.333036,0.776751,0.753014,0.0,0.408636,0.0,0.382247,0.0,0.280147,0.0,0.338371,0.044168,0.336268,0.0,0.340829,0.0,0.324094,0.0,0.675145,0.0,0.675145,0.0,0.675145,0.0,0.675145,0.0,0.675145,0.0,0.675145,0.0,0.675145,1
29,0.0,0.328965,0.0,0.32325,0.0,0.373284,0.664887,0.614399,0.776751,0.730392,0.0,0.334428,0.776751,0.730392,0.0,0.422682,0.0,0.398724,0.0,0.291905,0.0,0.352882,0.044168,0.352036,0.0,0.356946,0.0,0.338468,0.0,0.678687,0.0,0.678687,0.0,0.678687,0.0,0.678687,0.0,0.678687,0.0,0.678687,0.0,0.678687,1
30,0.0,0.408508,0.0,0.40537,0.0,0.439614,0.664887,0.737037,0.776751,0.863103,0.0,0.420095,0.776751,0.863103,0.0,0.514324,0.0,0.484233,0.0,0.368328,0.0,0.433326,0.044168,0.424676,0.0,0.434368,0.0,0.412042,0.0,0.819343,0.0,0.819343,0.0,0.819343,0.0,0.819343,0.0,0.819343,0.0,0.819343,0.0,0.819343,1
31,0.0,0.376809,0.0,0.377686,0.0,0.424302,0.664887,0.678191,0.776751,0.784503,0.0,0.406567,0.776751,0.784503,0.0,0.467979,0.0,0.440278,0.0,0.362656,0.0,0.40997,0.044168,0.396105,0.0,0.402704,0.0,0.387126,0.0,0.730635,0.0,0.730635,0.0,0.730635,0.0,0.730635,0.0,0.730635,0.0,0.730635,0.0,0.730635,1
32,0.0,0.319272,0.0,0.318302,0.0,0.382211,0.664887,0.557638,0.776751,0.646825,0.0,0.345445,0.776751,0.646825,0.0,0.395908,0.0,0.375775,0.0,0.3266,0.0,0.362446,0.044168,0.352354,0.0,0.353326,0.0,0.343035,0.0,0.601382,0.0,0.601382,0.0,0.601382,0.0,0.601382,0.0,0.601382,0.0,0.601382,0.0,0.601382,1
33,0.0,0.362792,0.0,0.365853,0.0,0.418093,0.664887,0.656596,0.776751,0.753594,0.0,0.401965,0.776751,0.753594,0.0,0.448052,0.0,0.421442,0.0,0.362944,0.0,0.3995,0.044168,0.384008,0.0,0.387865,0.0,0.37626,0.0,0.689925,0.0,0.689925,0.0,0.689925,0.0,0.689925,0.0,0.689925,0.0,0.689925,0.0,0.689925,1
34,0.0,0.268026,0.0,0.266786,0.0,0.341188,0.664887,0.488631,0.776751,0.570374,0.0,0.295028,0.776751,0.570374,0.0,0.333241,0.0,0.315939,0.0,0.279461,0.0,0.309361,0.044168,0.302188,0.0,0.300053,0.0,0.293465,0.0,0.50924,0.0,0.50924,0.0,0.50924,0.0,0.50924,0.0,0.50924,0.0,0.50924,0.0,0.50924,1
35,0.0,0.270461,0.0,0.268818,0.0,0.338015,0.664887,0.512621,0.776751,0.602942,0.0,0.296097,0.776751,0.602942,0.0,0.342882,0.0,0.323502,0.0,0.266781,0.0,0.305333,0.044168,0.299705,0.0,0.300057,0.0,0.290454,0.0,0.535184,0.0,0.535184,0.0,0.535184,0.0,0.535184,0.0,0.535184,0.0,0.535184,0.0,0.535184,1
36,0.0,0.292228,0.0,0.28857,0.0,0.34487,0.664887,0.573763,0.776751,0.681633,0.0,0.308675,0.776751,0.681633,0.0,0.381113,0.0,0.357995,0.0,0.257773,0.0,0.317338,0.044168,0.314833,0.0,0.320513,0.0,0.303479,0.0,0.611267,0.0,0.611267,0.0,0.611267,0.0,0.611267,0.0,0.611267,0.0,0.611267,0.0,0.611267,1
37,0.0,0.260066,0.0,0.250017,0.0,0.312894,0.664887,0.505028,0.776751,0.616703,0.0,0.25229,0.776751,0.616703,0.0,0.340639,0.0,0.322029,0.0,0.210375,0.0,0.284025,0.044168,0.28825,0.0,0.294155,0.0,0.274352,0.0,0.56225,0.0,0.56225,0.0,0.56225,0.0,0.56225,0.0,0.56225,0.0,0.56225,0.0,0.56225,1
38,0.0,0.32991,0.0,0.324845,0.0,0.361435,0.664887,0.655226,0.776751,0.781955,0.0,0.339947,0.776751,0.781955,0.0,0.441632,0.0,0.41368,0.0,0.258511,0.0,0.344477,0.044168,0.3441,0.0,0.357649,0.0,0.330547,0.0,0.717541,0.0,0.717541,0.0,0.717541,0.0,0.717541,0.0,0.717541,0.0,0.717541,0.0,0.717541,1
39,0.0,0.328952,0.0,0.320567,0.0,0.36847,0.664887,0.614593,0.776751,0.737731,0.0,0.324546,0.776751,0.737731,0.0,0.422146,0.0,0.398129,0.0,0.272693,0.0,0.351078,0.044168,0.350558,0.0,0.360044,0.0,0.33647,0.0,0.690291,0.0,0.690291,0.0,0.690291,0.0,0.690291,0.0,0.690291,0.0,0.690291,0.0,0.690291,1
40,0.0,0.347867,0.0,0.345108,0.0,0.395492,0.664887,0.639803,0.776751,0.75113,0.0,0.364236,0.776751,0.75113,0.0,0.43933,0.0,0.413881,0.0,0.325995,0.0,0.377079,0.044168,0.369969,0.0,0.375341,0.0,0.358689,0.0,0.696455,0.0,0.696455,0.0,0.696455,0.0,0.696455,0.0,0.696455,0.0,0.696455,0.0,0.696455,1
41,0.0,0.388451,0.0,0.393975,0.0,0.444502,0.664887,0.69697,0.776751,0.794835,0.0,0.436249,0.776751,0.794835,0.0,0.482456,0.0,0.454008,0.0,0.422347,0.0,0.426329,0.044168,0.409974,0.0,0.410278,0.0,0.402605,0.0,0.734186,0.0,0.734186,0.0,0.734186,0.0,0.734186,0.0,0.734186,0.0,0.734186,0.0,0.734186,1
42,0.0,0.347101,0.0,0.347493,0.0,0.456045,0.664887,0.57712,0.776751,0.658636,0.0,0.372584,0.776751,0.658636,0.0,0.39494,0.0,0.375259,0.0,0.433746,0.0,0.416742,0.044168,0.397481,0.0,0.380909,0.0,0.391146,0.0,0.605872,0.0,0.605872,0.0,0.605872,0.0,0.605872,0.0,0.605872,0.0,0.605872,0.0,0.605872,1
43,0.0,0.361133,0.0,0.377833,0.0,0.487321,0.664887,0.644118,0.776751,0.704287,0.0,0.45441,0.776751,0.704287,0.0,0.443938,0.0,0.41801,0.0,0.61721,0.000904,0.422562,0.043687,0.392529,1e-06,0.379595,0.000504,0.397313,0.0,0.62284,0.0,0.62284,0.0,0.62284,0.0,0.62284,0.0,0.62284,0.0,0.62284,0.0,0.62284,1
44,0.0,0.346024,0.0,0.345799,0.333333,0.673143,0.664932,0.583673,0.776788,0.668832,3e-06,0.371011,0.776788,0.668832,2.1e-05,0.398107,1.8e-05,0.378712,1.0,0.866953,0.029869,0.502032,0.03924,0.456727,0.000983,0.418484,0.036115,0.468162,0.0,0.61252,0.0,0.61252,0.0,0.61252,0.0,0.61252,0.0,0.61252,0.0,0.61252,0.0,0.61252,1
45,4.3e-05,0.315305,5.8e-05,0.322034,1.0,0.878108,0.658971,0.571964,0.770412,0.665668,0.00716,0.395487,0.770412,0.665668,0.016776,0.411249,0.024912,0.394205,1.0,0.819168,0.529834,0.692773,0.50364,0.630531,0.283001,0.529808,0.489621,0.631131,0.0,0.611392,0.0,0.611392,0.0,0.611392,0.0,0.611392,0.0,0.611392,0.0,0.611392,0.0,0.611392,1
46,0.306407,0.364204,0.442168,0.428496,0.333333,0.696589,0.906105,0.687585,0.831469,0.681685,0.893048,0.655902,0.831469,0.681685,0.29947,0.540038,0.304599,0.512443,0.666667,0.624724,0.53041,0.662923,0.505324,0.606909,0.283476,0.508645,0.491119,0.604332,0.0,0.579776,0.0,0.579776,0.0,0.579776,0.0,0.579776,0.0,0.579776,0.0,0.579776,0.0,0.579776,1
47,0.781394,0.422575,0.78855,0.4573,0.333333,0.533072,0.920001,0.665076,0.845288,0.657123,0.890819,0.593382,0.845288,0.657123,0.000496,0.468061,0.000374,0.443835,1.0,0.603268,0.03879,0.465673,0.04101,0.432645,0.001663,0.391577,0.047615,0.434725,0.0,0.556742,0.0,0.556742,0.0,0.556742,0.0,0.556742,0.0,0.556742,0.0,0.556742,0.0,0.556742,1
48,0.000581,0.385518,0.000992,0.377627,1.0,0.780608,0.675824,0.65277,0.784132,0.741067,0.009729,0.405383,0.784132,0.741067,0.0,0.415481,0.0,0.391401,0.333333,0.488651,0.001386,0.417326,0.043772,0.397709,2e-06,0.3857,0.001024,0.393344,0.0,0.661319,0.0,0.661319,0.0,0.661319,0.0,0.661319,0.0,0.661319,0.0,0.661319,0.0,0.661319,1
49,1e-06,0.288301,1e-06,0.289459,1.0,0.695183,0.664815,0.542855,0.776689,0.631788,7e-06,0.323578,0.776689,0.631788,0.0,0.375299,0.0,0.354954,0.0,0.316658,0.0,0.33484,0.044168,0.326275,0.0,0.323756,0.0,0.318679,0.0,0.568959,0.0,0.568959,0.0,0.568959,0.0,0.568959,0.0,0.568959,0.0,0.568959,0.0,0.568959,1
50,0.0,0.328196,0.0,0.325674,0.0,0.421368,0.664887,0.608206,0.776751,0.714652,0.0,0.346054,0.776751,0.714652,0.0,0.415195,0.0,0.391283,0.0,0.307838,0.0,0.358779,0.044168,0.352367,0.0,0.356589,0.0,0.341405,0.0,0.656535,0.0,0.656535,0.0,0.656535,0.0,0.656535,0.0,0.656535,0.0,0.656535,0.0,0.656535,1
51,0.0,0.409595,0.0,0.410243,0.0,0.460591,0.664887,0.725755,0.776751,0.836832,0.0,0.43661,0.776751,0.836832,0.0,0.499084,0.0,0.468724,0.0,0.293133,0.001118,0.425539,0.043336,0.418696,1e-06,0.422686,0.000871,0.402734,0.0,0.784536,0.0,0.784536,0.0,0.784536,0.0,0.784536,0.0,0.784536,0.0,0.784536,0.0,0.784536,1
52,0.0,0.409517,0.0,0.420639,0.333333,0.563068,0.66468,0.617732,0.776575,0.683343,9e-06,0.43751,0.776575,0.683343,3.5e-05,0.407996,2.8e-05,0.386078,1.0,0.409492,0.033772,0.386543,0.030845,0.37034,0.001238,0.365708,0.041384,0.367512,0.0,0.629557,0.0,0.629557,0.0,0.629557,0.0,0.629557,0.0,0.629557,0.0,0.629557,0.0,0.629557,1
53,0.000113,0.458759,0.000142,0.493063,1.0,0.632613,0.641213,0.729364,0.747592,0.740633,0.047607,0.623242,0.747592,0.740633,0.045718,0.515373,0.051675,0.482896,0.333333,0.550611,0.530177,0.535486,0.514155,0.498781,0.282134,0.451663,0.499593,0.499281,0.0,0.660192,0.0,0.660192,0.0,0.660192,0.0,0.660192,0.0,0.660192,0.0,0.660192,0.0,0.660192,1
54,0.421659,0.728678,0.551815,0.80785,0.333333,0.520246,0.904566,0.880063,0.81099,0.767096,0.998258,0.969166,0.81099,0.767096,0.280101,0.574795,0.276057,0.538401,0.666667,0.67185,0.530177,0.563432,0.514155,0.520207,0.282134,0.46189,0.499593,0.524683,0.0,0.654427,0.0,0.654427,0.0,0.654427,0.0,0.654427,0.0,0.654427,0.0,0.654427,0.0,0.654427,1
55,0.837056,0.928718,0.942384,1.0,0.333333,0.585328,0.921196,0.920569,0.837253,0.820198,0.942838,1.0,0.837253,0.820198,0.000328,0.440529,0.000271,0.414923,1.0,0.855463,0.033772,0.413213,0.030845,0.372188,0.001238,0.376906,0.041384,0.395529,0.0,0.687301,0.0,0.687301,0.0,0.687301,0.0,0.687301,0.0,0.687301,0.0,0.687301,0.0,0.687301,1
56,0.000433,0.650078,0.000577,0.68342,1.0,0.786302,0.661695,0.797616,0.773755,0.823524,0.001633,0.680736,0.773755,0.823524,0.0,0.466789,0.0,0.439331,0.0,0.643277,0.001118,0.434017,0.043336,0.406986,1e-06,0.410249,0.000871,0.412833,0.0,0.739241,0.0,0.739241,0.0,0.739241,0.0,0.739241,0.0,0.739241,0.0,0.739241,0.0,0.739241,1
57,0.0,0.320247,1e-06,0.336808,1.0,0.657394,0.664561,0.544523,0.776476,0.586367,3e-06,0.419224,0.776476,0.586367,0.0,0.390446,0.0,0.368643,0.0,0.324191,0.0,0.376139,0.044168,0.361646,0.0,0.338426,0.0,0.35426,0.0,0.520729,0.0,0.520729,0.0,0.520729,0.0,0.520729,0.0,0.520729,0.0,0.520729,0.0,0.520729,1
58,0.0,0.433927,0.0,0.446202,0.0,0.519933,0.664887,0.635865,0.776751,0.688316,0.0,0.460698,0.776751,0.688316,0.0,0.382936,0.0,0.360512,0.0,0.452014,0.0,0.368724,0.044168,0.349449,0.0,0.345769,0.0,0.349813,0.0,0.600654,0.0,0.600654,0.0,0.600654,0.0,0.600654,0.0,0.600654,0.0,0.600654,0.0,0.600654,1
59,0.0,0.356497,0.0,0.361111,0.0,0.448437,0.664887,0.632943,0.776751,0.722124,0.0,0.404675,0.776751,0.722124,0.0,0.44633,0.0,0.420903,0.0,0.338519,0.0,0.396783,0.044168,0.386445,0.0,0.381932,0.0,0.376101,0.0,0.669571,0.0,0.669571,0.0,0.669571,0.0,0.669571,0.0,0.669571,0.0,0.669571,0.0,0.669571,1
60,0.0,0.244583,0.0,0.243101,0.0,0.318346,0.664887,0.47076,0.776751,0.556248,0.0,0.269923,0.776751,0.556248,0.0,0.310615,0.0,0.293358,0.0,0.248545,0.0,0.278635,0.044168,0.274903,0.0,0.273896,0.0,0.26558,0.0,0.484068,0.0,0.484068,0.0,0.484068,0.0,0.484068,0.0,0.484068,0.0,0.484068,0.0,0.484068,1
61,0.0,0.257908,0.0,0.250485,0.0,0.303745,0.664887,0.510894,0.776751,0.61794,0.0,0.259729,0.776751,0.61794,0.0,0.329778,0.0,0.310813,0.0,0.2442,0.0,0.28247,0.044168,0.280463,0.0,0.287867,0.0,0.27014,0.0,0.545661,0.0,0.545661,0.0,0.545661,0.0,0.545661,0.0,0.545661,0.0,0.545661,0.0,0.545661,1
62,0.0,0.239127,0.0,0.230098,0.0,0.303147,0.664887,0.5262,0.776751,0.647228,0.0,0.254836,0.776751,0.647228,0.0,0.378722,0.0,0.357753,0.0,0.190821,0.0,0.306865,0.044168,0.310737,0.0,0.317431,0.0,0.293523,0.0,0.599769,0.0,0.599769,0.0,0.599769,0.0,0.599769,0.0,0.599769,0.0,0.599769,0.0,0.599769,1
63,0.0,0.266031,0.0,0.256056,0.0,0.300675,0.664887,0.535127,0.776751,0.651938,0.0,0.25503,0.776751,0.651938,0.0,0.338789,0.0,0.318803,0.0,0.245098,0.0,0.282031,0.044168,0.281462,0.0,0.293086,0.0,0.270278,0.0,0.576702,0.0,0.576702,0.0,0.576702,0.0,0.576702,0.0,0.576702,0.0,0.576702,0.0,0.576702,1
64,0.0,0.261437,0.0,0.255821,0.0,0.324032,0.664887,0.530608,0.776751,0.638942,0.0,0.27967,0.776751,0.638942,0.0,0.369121,0.0,0.348538,0.0,0.229083,0.0,0.30986,0.044168,0.310144,0.0,0.3143,0.0,0.295906,0.0,0.583278,0.0,0.583278,0.0,0.583278,0.0,0.583278,0.0,0.583278,0.0,0.583278,0.0,0.583278,1
65,0.0,0.281372,0.0,0.278904,0.0,0.34485,0.664887,0.533128,0.776751,0.628232,0.0,0.303129,0.776751,0.628232,0.0,0.357278,0.0,0.337032,0.0,0.270329,0.0,0.314467,0.044168,0.309522,0.0,0.310869,0.0,0.299505,0.0,0.561926,0.0,0.561926,0.0,0.561926,0.0,0.561926,0.0,0.561926,0.0,0.561926,0.0,0.561926,1
66,0.0,0.328327,0.0,0.328547,0.0,0.38594,0.664887,0.583613,0.776751,0.674464,0.0,0.350805,0.776751,0.674464,0.0,0.38613,0.0,0.363709,0.0,0.335214,0.0,0.347929,0.044168,0.337258,0.0,0.338514,0.0,0.330503,0.0,0.605225,0.0,0.605225,0.0,0.605225,0.0,0.605225,0.0,0.605225,0.0,0.605225,0.0,0.605225,1
67,0.0,0.347163,0.0,0.350004,0.0,0.416329,0.664887,0.612692,0.776751,0.703481,0.0,0.389695,0.776751,0.703481,0.0,0.441142,0.0,0.416651,0.0,0.332359,0.0,0.394658,0.044168,0.384195,0.0,0.381391,0.0,0.374165,0.0,0.659736,0.0,0.659736,0.0,0.659736,0.0,0.659736,0.0,0.659736,0.0,0.659736,0.0,0.659736,1
68,0.0,0.358033,0.0,0.359316,0.0,0.413388,0.664887,0.621241,0.776751,0.712362,0.0,0.380887,0.776751,0.712362,0.0,0.410627,0.0,0.386407,0.0,0.375665,0.0,0.373679,0.044168,0.358884,0.0,0.360803,0.0,0.354413,0.0,0.641997,0.0,0.641997,0.0,0.641997,0.0,0.641997,0.0,0.641997,0.0,0.641997,0.0,0.641997,1
69,0.0,0.277681,0.0,0.278225,0.0,0.354057,0.664887,0.510502,0.776751,0.593172,0.0,0.31379,0.776751,0.593172,0.0,0.354987,0.0,0.33555,0.0,0.274515,0.0,0.322934,0.044168,0.315813,0.0,0.312377,0.0,0.306731,0.0,0.535163,0.0,0.535163,0.0,0.535163,0.0,0.535163,0.0,0.535163,0.0,0.535163,0.0,0.535163,1
70,0.0,0.260651,0.0,0.258454,0.0,0.329599,0.664887,0.499106,0.776751,0.588638,0.0,0.284019,0.776751,0.588638,0.0,0.331616,0.0,0.313014,0.0,0.257929,0.0,0.295038,0.044168,0.290683,0.0,0.290688,0.0,0.281104,0.0,0.518746,0.0,0.518746,0.0,0.518746,0.0,0.518746,0.0,0.518746,0.0,0.518746,0.0,0.518746,1
71,0.0,0.269344,0.0,0.264073,0.0,0.323251,0.664887,0.531255,0.776751,0.633951,0.0,0.277443,0.776751,0.633951,0.0,0.338968,0.0,0.319119,0.0,0.25321,0.0,0.289285,0.044168,0.28731,0.0,0.292405,0.0,0.276564,0.0,0.555267,0.0,0.555267,0.0,0.555267,0.0,0.555267,0.0,0.555267,0.0,0.555267,0.0,0.555267,1
72,0.0,0.223207,0.0,0.21763,0.0,0.283843,0.664887,0.466317,0.776751,0.56527,0.0,0.241414,0.776751,0.56527,0.0,0.316683,0.0,0.299605,0.0,0.170179,0.0,0.264101,0.044168,0.270159,0.0,0.271011,0.0,0.25304,0.0,0.504268,0.0,0.504268,0.0,0.504268,0.0,0.504268,0.0,0.504268,0.0,0.504268,0.0,0.504268,1
73,0.0,0.269348,0.0,0.262763,0.0,0.316255,0.664887,0.543978,0.776751,0.652174,0.0,0.269753,0.776751,0.652174,0.0,0.335005,0.0,0.31485,0.0,0.24662,0.0,0.278062,0.044168,0.27817,0.0,0.285771,0.0,0.266645,0.0,0.563456,0.0,0.563456,0.0,0.563456,0.0,0.563456,0.0,0.563456,0.0,0.563456,0.0,0.563456,1
74,0.0,0.284495,0.0,0.280168,0.0,0.333857,0.664887,0.551823,0.776751,0.657573,0.0,0.300898,0.776751,0.657573,0.0,0.376725,0.0,0.355598,0.0,0.237237,0.0,0.316531,0.044168,0.317857,0.0,0.321143,0.0,0.302185,0.0,0.600391,0.0,0.600391,0.0,0.600391,0.0,0.600391,0.0,0.600391,0.0,0.600391,0.0,0.600391,1
75,0.0,0.285779,0.0,0.283376,0.0,0.348324,0.664887,0.540005,0.776751,0.635887,0.0,0.307421,0.776751,0.635887,0.0,0.362872,0.0,0.342311,0.0,0.274158,0.0,0.319399,0.044168,0.314111,0.0,0.315507,0.0,0.304105,0.0,0.569904,0.0,0.569904,0.0,0.569904,0.0,0.569904,0.0,0.569904,0.0,0.569904,0.0,0.569904,1
76,0.0,0.336612,0.0,0.33571,0.0,0.407099,0.664887,0.609335,0.776751,0.708163,0.0,0.359222,0.776751,0.708163,0.0,0.41291,0.0,0.388838,0.0,0.367141,0.0,0.371523,0.044168,0.356769,0.0,0.360132,0.0,0.352847,0.0,0.643826,0.0,0.643826,0.0,0.643826,0.0,0.643826,0.0,0.643826,0.0,0.643826,0.0,0.643826,1
77,0.0,0.348385,0.0,0.349227,0.0,0.414881,0.664887,0.601644,0.776751,0.697573,0.0,0.386761,0.776751,0.697573,0.0,0.455438,0.0,0.430688,0.0,0.353115,0.0,0.414249,0.044168,0.400594,0.0,0.398434,0.0,0.391753,0.0,0.676151,0.0,0.676151,0.0,0.676151,0.0,0.676151,0.0,0.676151,0.0,0.676151,0.0,0.676151,1
78,0.0,0.325672,0.0,0.325569,0.0,0.439093,0.664887,0.589358,0.776751,0.681979,0.0,0.353159,0.776751,0.681979,0.0,0.399244,0.0,0.375872,0.0,0.427692,0.0,0.380112,0.044168,0.354483,0.0,0.355657,0.0,0.360635,0.0,0.612732,0.0,0.612732,0.0,0.612732,0.0,0.612732,0.0,0.612732,0.0,0.612732,0.0,0.612732,1
79,0.0,0.301245,0.0,0.300783,0.0,0.3729,0.664887,0.535468,0.776751,0.626004,0.0,0.336581,0.776751,0.626004,0.0,0.398062,0.0,0.376566,0.0,0.353556,0.0,0.367351,0.044168,0.355066,0.0,0.350902,0.0,0.347582,0.0,0.592089,0.0,0.592089,0.0,0.592089,0.0,0.592089,0.0,0.592089,0.0,0.592089,0.0,0.592089,1
80,0.0,0.335321,0.0,0.332577,0.0,0.424228,0.664926,0.619763,0.776784,0.727792,0.0,0.352547,0.776784,0.727792,0.0,0.423975,0.0,0.39952,0.333333,0.546663,0.007497,0.374977,0.04646,0.360748,6.1e-05,0.363822,0.007929,0.356943,0.0,0.670947,0.0,0.670947,0.0,0.670947,0.0,0.670947,0.0,0.670947,0.0,0.670947,0.0,0.670947,1
81,1e-06,0.318989,3e-06,0.314432,1.0,0.720843,0.664507,0.642066,0.776423,0.757962,4.1e-05,0.309853,0.776423,0.757962,0.000732,0.360875,0.00055,0.338162,1.0,0.70701,0.287026,0.415117,0.180798,0.346794,0.088675,0.343665,0.280705,0.395644,0.0,0.636827,0.0,0.636827,0.0,0.636827,0.0,0.636827,0.0,0.636827,0.0,0.636827,0.0,0.636827,1
82,0.002935,0.352729,0.005363,0.354954,0.0,0.694726,0.553665,0.561834,0.616602,0.633952,0.30432,0.380826,0.616602,0.633952,0.282417,0.383239,0.294536,0.362581,0.666667,0.505747,0.531147,0.473285,0.495417,0.40636,0.285515,0.374753,0.485848,0.439497,0.0,0.584136,0.0,0.584136,0.0,0.584136,0.0,0.584136,0.0,0.584136,0.0,0.584136,0.0,0.584136,1
83,0.821926,0.470661,0.905045,0.476342,0.333333,0.441868,0.916224,0.830096,0.840047,0.885544,0.899857,0.541903,0.840047,0.885544,0.020282,0.471568,0.019363,0.443907,0.0,0.647664,0.44704,0.432765,0.36337,0.409244,0.207754,0.395841,0.376555,0.40378,0.0,0.711393,0.0,0.711393,0.0,0.711393,0.0,0.711393,0.0,0.711393,0.0,0.711393,0.0,0.711393,1
84,0.225494,0.378926,0.242188,0.378886,0.333333,0.690224,0.998786,0.835391,0.999092,0.911657,0.393946,0.466537,0.999092,0.911657,1.2e-05,0.413781,1.2e-05,0.390121,1.0,0.699906,0.007497,0.338104,0.04646,0.33469,6.1e-05,0.342721,0.007929,0.327082,0.0,0.675745,0.0,0.675745,0.0,0.675745,0.0,0.675745,0.0,0.675745,0.0,0.675745,0.0,0.675745,1
85,3.5e-05,0.304632,4.9e-05,0.303876,1.0,0.88403,0.663934,0.566074,0.775918,0.656902,0.000161,0.3394,0.775918,0.656902,0.0,0.374174,0.0,0.352937,0.0,0.346443,0.0,0.329091,0.044168,0.323214,0.0,0.325337,0.0,0.313272,0.0,0.588116,0.0,0.588116,0.0,0.588116,0.0,0.588116,0.0,0.588116,0.0,0.588116,0.0,0.588116,1
86,0.0,0.400412,0.0,0.405982,0.0,0.658499,0.664781,0.6526,0.776661,0.73394,0.0,0.431972,0.776661,0.73394,0.0,0.438664,0.0,0.413366,0.0,0.353946,0.0,0.394481,0.044168,0.38141,0.0,0.384016,0.0,0.372108,0.0,0.666595,0.0,0.666595,0.0,0.666595,0.0,0.666595,0.0,0.666595,0.0,0.666595,0.0,0.666595,1
87,0.0,0.407419,0.0,0.412338,0.0,0.540773,0.664887,0.703108,0.776751,0.772485,0.0,0.472346,0.776751,0.772485,0.0,0.463864,0.0,0.440112,0.0,0.466855,0.0,0.452623,0.044168,0.432398,0.0,0.427831,0.0,0.426214,0.0,0.685821,0.0,0.685821,0.0,0.685821,0.0,0.685821,0.0,0.685821,0.0,0.685821,0.0,0.685821,1
88,0.0,0.4589,0.0,0.471772,0.0,0.676488,0.664887,0.690294,0.776751,0.746312,0.0,0.5062,0.776751,0.746312,0.0,0.463197,0.0,0.437238,0.0,0.581447,0.002186,0.449738,0.044673,0.419574,5e-06,0.415099,0.00186,0.425001,0.0,0.672292,0.0,0.672292,0.0,0.672292,0.0,0.672292,0.0,0.672292,0.0,0.672292,0.0,0.672292,1
89,0.0,0.371772,0.0,0.375368,0.666667,0.826398,0.665279,0.626005,0.777077,0.695154,2.1e-05,0.456715,0.777077,0.695154,0.000141,0.472046,0.000113,0.450347,1.0,0.821348,0.05419,0.533807,0.061168,0.484666,0.00321,0.450981,0.067508,0.500894,0.0,0.657546,0.0,0.657546,0.0,0.657546,0.0,0.657546,0.0,0.657546,0.0,0.657546,0.0,0.657546,1
90,0.000252,0.388767,0.000317,0.399673,1.0,0.907506,0.602948,0.569821,0.684013,0.62528,0.198267,0.554043,0.684013,0.62528,0.159421,0.572835,0.176146,0.552633,0.666667,0.688727,0.530831,0.725558,0.493126,0.65505,0.285412,0.568625,0.487265,0.66049,0.0,0.689434,0.0,0.689434,0.0,0.689434,0.0,0.689434,0.0,0.689434,0.0,0.689434,0.0,0.689434,1
91,0.737245,0.641731,0.849518,0.68706,0.333333,0.682967,0.900702,0.722753,0.806855,0.692339,1.0,0.774225,0.806855,0.692339,0.101934,0.538216,0.1195,0.520198,0.333333,0.489956,0.528481,0.704649,0.483,0.634746,0.283827,0.546031,0.501271,0.647361,0.0,0.688115,0.0,0.688115,0.0,0.688115,0.0,0.688115,0.0,0.688115,0.0,0.688115,0.0,0.688115,1
92,0.533497,0.570185,0.693935,0.611985,0.333333,0.548026,0.950598,0.725133,0.900671,0.718841,0.736971,0.644587,0.900671,0.718841,9e-05,0.399797,7.5e-05,0.385396,1.0,0.525789,0.021034,0.500479,0.050538,0.460188,0.000484,0.407179,0.024774,0.473045,0.0,0.633156,0.0,0.633156,0.0,0.633156,0.0,0.633156,0.0,0.633156,0.0,0.633156,0.0,0.633156,1
93,0.000195,0.378366,0.000242,0.393788,1.0,0.632099,0.665793,0.677936,0.777389,0.777785,0.000658,0.427545,0.777389,0.777785,0.0,0.479271,0.0,0.453068,0.0,0.487525,0.0,0.427686,0.044168,0.410986,0.0,0.387325,0.0,0.400601,0.0,0.734605,0.0,0.734605,0.0,0.734605,0.0,0.734605,0.0,0.734605,0.0,0.734605,0.0,0.734605,1
94,0.0,0.425904,0.0,0.428865,0.333333,0.491983,0.664751,0.724582,0.776636,0.835937,1e-06,0.436549,0.776636,0.835937,0.0,0.465251,0.0,0.440546,0.0,0.40245,0.0,0.43263,0.044168,0.419719,0.0,0.409434,0.0,0.413061,0.0,0.789591,0.0,0.789591,0.0,0.789591,0.0,0.789591,0.0,0.789591,0.0,0.789591,0.0,0.789591,1
95,0.0,0.380641,0.0,0.377268,0.0,0.422614,0.664887,0.689204,0.776751,0.807542,0.0,0.3935,0.776751,0.807542,0.0,0.476908,0.0,0.449103,0.0,0.345244,0.0,0.404951,0.044168,0.397303,0.0,0.40633,0.0,0.385435,0.0,0.758184,0.0,0.758184,0.0,0.758184,0.0,0.758184,0.0,0.758184,0.0,0.758184,0.0,0.758184,1
96,0.0,0.368798,0.0,0.363323,0.0,0.489236,0.664887,0.688695,0.776751,0.804724,0.0,0.399736,0.776751,0.804724,0.0,0.549504,0.0,0.51456,0.0,0.321564,0.0,0.427896,0.044168,0.41971,0.0,0.449255,0.0,0.404006,0.0,0.758725,0.0,0.758725,0.0,0.758725,0.0,0.758725,0.0,0.758725,0.0,0.758725,0.0,0.758725,1
97,0.0,0.499874,0.0,0.493966,0.0,0.545936,0.664887,0.748967,0.776751,0.831493,0.0,0.501694,0.776751,0.831493,0.0,0.495219,0.0,0.466984,0.333333,0.410507,0.006745,0.498326,0.041333,0.467952,4.9e-05,0.510252,0.006598,0.480881,0.0,0.767692,0.0,0.767692,0.0,0.767692,0.0,0.767692,0.0,0.767692,0.0,0.767692,0.0,0.767692,1
98,1e-06,0.372791,2e-06,0.36906,1.0,0.740031,0.66412,0.653159,0.776094,0.720672,6.1e-05,0.500457,0.776094,0.720672,0.001077,0.857946,0.00085,0.799958,1.0,0.565953,0.157722,0.654468,0.0,0.608751,0.027255,0.684668,0.19007,0.611351,0.0,0.731291,0.0,0.731291,0.0,0.731291,0.0,0.731291,0.0,0.731291,0.0,0.731291,0.0,0.731291,1
99,0.00096,0.583703,0.001443,0.578664,1.0,0.713717,0.543786,0.553813,0.594759,0.496948,0.359326,0.699367,0.594759,0.496948,1.0,0.988953,0.990645,0.925507,0.666667,0.476071,0.999907,0.925127,0.966399,0.882085,0.995117,0.964831,0.964846,0.865416,0.0,0.559357,0.0,0.559357,0.0,0.559357,0.0,0.559357,0.0,0.559357,0.0,0.559357,0.0,0.559357,1
100,1.0,1.0,1.0,0.994078,0.333333,0.53629,0.903382,0.863008,0.809511,0.74213,0.999953,0.957431,0.809511,0.74213,0.156839,0.562956,0.170466,0.539749,0.333333,0.460439,0.987632,1.0,1.0,0.949775,0.959941,1.0,1.0,0.954208,0.0,0.609167,0.0,0.609167,0.0,0.609167,0.0,0.609167,0.0,0.609167,0.0,0.609167,0.0,0.609167,1
101,0.244454,0.767072,0.276453,0.774267,0.333333,0.557853,0.993096,1.0,0.989927,0.970596,0.420871,0.80998,0.989927,0.970596,7.4e-05,0.514508,6.4e-05,0.489997,1.0,0.840763,0.020818,0.729201,0.036436,0.67779,0.000471,0.695234,0.023386,0.696673,0.0,0.719563,0.0,0.719563,0.0,0.719563,0.0,0.719563,0.0,0.719563,0.0,0.719563,0.0,0.719563,1
102,5.9e-05,0.387003,8e-05,0.397838,1.0,0.579423,0.663699,0.712129,0.775715,0.73616,0.000189,0.508862,0.775715,0.73616,0.0,0.543106,0.0,0.512096,0.0,0.774098,0.0,0.542317,0.044168,0.503347,0.0,0.492401,0.0,0.512803,0.0,0.585809,0.0,0.585809,0.0,0.585809,0.0,0.585809,0.0,0.585809,0.0,0.585809,0.0,0.585809,1
103,0.0,0.477142,0.0,0.473794,0.0,0.549734,0.664749,0.638959,0.776634,0.689415,0.0,0.477128,0.776634,0.689415,0.0,0.449097,0.0,0.429373,0.0,0.664734,0.0,0.56705,0.044168,0.530887,0.0,0.520798,0.0,0.538384,0.0,0.619154,0.0,0.619154,0.0,0.619154,0.0,0.619154,0.0,0.619154,0.0,0.619154,0.0,0.619154,1
104,0.0,0.375885,0.0,0.37678,0.0,0.45417,0.664887,0.678771,0.776751,0.76895,0.0,0.426298,0.776751,0.76895,1e-06,0.52232,1e-06,0.49264,1.0,1.0,0.011265,0.603056,0.041981,0.557951,0.00014,0.516059,0.012435,0.565332,0.0,0.709419,0.0,0.709419,0.0,0.709419,0.0,0.709419,0.0,0.709419,0.0,0.709419,0.0,0.709419,1
105,0.0,0.329441,0.0,0.326738,0.0,0.382463,0.664887,0.602222,0.776751,0.707802,0.0,0.346313,0.776751,0.707802,0.001588,0.414769,0.001209,0.391955,1.0,0.838774,0.51637,0.71727,0.501043,0.657455,0.267735,0.546925,0.477987,0.655773,0.0,0.64945,0.0,0.64945,0.0,0.64945,0.0,0.64945,0.0,0.64945,0.0,0.64945,0.0,0.64945,1
106,0.0,0.339575,0.0,0.334227,0.0,0.361512,0.664887,0.633143,0.776751,0.762552,0.0,0.332017,0.776751,0.762552,0.2139,0.520661,0.255962,0.513454,0.333333,0.499294,0.531109,0.671501,0.502868,0.621844,0.28459,0.527557,0.481998,0.605522,0.0,0.706708,0.0,0.706708,0.0,0.706708,0.0,0.706708,0.0,0.706708,0.0,0.706708,0.0,0.706708,1
107,0.0,0.296515,0.0,0.294095,0.0,0.340919,0.664887,0.672454,0.776751,0.821366,0.0,0.325344,0.776751,0.821366,0.003481,0.572979,0.002511,0.557006,1.0,0.599305,0.124864,0.500695,0.043125,0.465799,0.01724,0.434045,0.144195,0.457725,0.0,0.783892,0.0,0.783892,0.0,0.783892,0.0,0.783892,0.0,0.783892,0.0,0.783892,0.0,0.783892,1
108,0.0,0.306731,0.0,0.300519,0.0,0.317356,0.664887,0.586068,0.776751,0.716599,0.0,0.287206,0.776751,0.716599,3e-06,0.319029,4e-06,0.298208,1.0,0.459353,0.005008,0.354271,0.043488,0.325954,2.8e-05,0.318849,0.005012,0.328256,0.0,0.646832,0.0,0.646832,0.0,0.646832,0.0,0.646832,0.0,0.646832,0.0,0.646832,0.0,0.646832,1
109,0.0,0.207051,0.0,0.205185,0.0,0.277115,0.664887,0.481006,0.776751,0.587678,0.0,0.240562,0.776751,0.587678,0.0,0.351529,0.0,0.336895,0.0,0.192287,0.0,0.278147,0.044168,0.273623,0.0,0.268965,0.0,0.25814,0.0,0.527012,0.0,0.527012,0.0,0.527012,0.0,0.527012,0.0,0.527012,0.0,0.527012,0.0,0.527012,1
110,0.0,0.337475,0.0,0.334432,0.0,0.384056,0.664887,0.622485,0.776751,0.732558,0.0,0.351962,0.776751,0.732558,0.0,0.422788,0.0,0.3984,0.0,0.312269,0.0,0.364466,0.044168,0.357634,0.0,0.362648,0.0,0.34649,0.0,0.67809,0.0,0.67809,0.0,0.67809,0.0,0.67809,0.0,0.67809,0.0,0.67809,0.0,0.67809,1
111,0.0,0.395458,0.0,0.392219,0.0,0.459186,0.664887,0.636863,0.776751,0.725871,0.0,0.399558,0.776751,0.725871,0.0,0.41138,0.0,0.383778,0.0,0.375184,0.0,0.399171,0.044168,0.389733,0.0,0.392958,0.0,0.38756,0.0,0.658946,0.0,0.658946,0.0,0.658946,0.0,0.658946,0.0,0.658946,0.0,0.658946,0.0,0.658946,1
112,0.0,0.299176,0.0,0.299904,0.0,0.45059,0.664887,0.536436,0.776751,0.598888,0.0,0.374783,0.776751,0.598888,0.0,0.496848,0.0,0.474533,0.0,0.37297,0.0,0.41763,0.044168,0.422478,0.0,0.410763,0.0,0.414296,0.0,0.569338,0.0,0.569338,0.0,0.569338,0.0,0.569338,0.0,0.569338,0.0,0.569338,0.0,0.569338,1
113,0.0,0.436301,0.0,0.432875,0.0,0.643675,0.664887,0.623509,0.776751,0.68487,0.0,0.430907,0.776751,0.68487,0.0,0.387123,0.0,0.357673,0.333333,0.582224,0.003007,0.446304,0.042504,0.419532,1e-05,0.413751,0.003016,0.442126,0.0,0.604204,0.0,0.604204,0.0,0.604204,0.0,0.604204,0.0,0.604204,0.0,0.604204,0.0,0.604204,1
114,1e-06,0.265386,1e-06,0.264998,1.0,0.849367,0.664628,0.466575,0.776528,0.51718,2.8e-05,0.370026,0.776528,0.51718,0.000185,0.53246,0.000142,0.515511,1.0,0.723681,0.069912,0.530274,0.027546,0.512408,0.005369,0.47048,0.08045,0.541627,0.0,0.5109,0.0,0.5109,0.0,0.5109,0.0,0.5109,0.0,0.5109,0.0,0.5109,0.0,0.5109,1
115,0.000346,0.396541,0.000444,0.39386,1.0,0.922002,0.564669,0.51564,0.624668,0.538113,0.313108,0.591394,0.624668,0.538113,0.556847,0.903634,0.596654,0.880657,0.666667,0.686744,0.847371,0.931418,0.96118,0.960085,0.684777,0.840375,0.959386,0.957889,0.0,0.678676,0.0,0.678676,0.0,0.678676,0.0,0.678676,0.0,0.678676,0.0,0.678676,0.0,0.678676,1
116,0.937512,0.801451,0.943078,0.795971,0.333333,0.753456,0.918475,0.794272,0.840111,0.767032,0.911806,0.818016,0.840111,0.767032,0.179985,0.764806,0.146108,0.718907,0.333333,0.551663,0.844533,0.976286,0.972454,1.0,0.676764,0.879314,0.971181,1.0,0.0,0.77072,0.0,0.77072,0.0,0.77072,0.0,0.77072,0.0,0.77072,0.0,0.77072,0.0,0.77072,1
117,0.244266,0.679647,0.27484,0.679498,0.333333,0.674517,0.993249,0.832511,0.991086,0.843753,0.414212,0.686985,0.991086,0.843753,2.3e-05,0.560318,1.9e-05,0.516622,1.0,0.567693,0.008747,0.670748,0.040485,0.672022,8.3e-05,0.616249,0.009983,0.675476,0.0,0.733033,0.0,0.733033,0.0,0.733033,0.0,0.733033,0.0,0.733033,0.0,0.733033,0.0,0.733033,1
118,5.8e-05,0.48965,7.9e-05,0.488069,1.0,0.713652,0.663738,0.880282,0.77575,1.0,0.00018,0.557145,0.77575,1.0,0.0,0.647967,0.0,0.615599,0.0,0.595644,0.0,0.604353,0.044168,0.594835,0.0,0.580119,0.0,0.584849,0.0,0.925903,0.0,0.925903,0.0,0.925903,0.0,0.925903,0.0,0.925903,0.0,0.925903,0.0,0.925903,1
119,0.0,0.340722,0.0,0.339285,0.0,0.330825,0.664749,0.563107,0.776634,0.639806,0.0,0.369457,0.776634,0.639806,0.0,0.391481,0.0,0.368112,0.0,0.329769,0.0,0.377697,0.044168,0.373307,0.0,0.361298,0.0,0.367487,0.0,0.567754,0.0,0.567754,0.0,0.567754,0.0,0.567754,0.0,0.567754,0.0,0.567754,0.0,0.567754,1
120,0.0,0.297702,0.0,0.295087,0.0,0.405438,0.664887,0.548598,0.776751,0.643151,0.0,0.329793,0.776751,0.643151,0.0,0.383326,0.0,0.362492,0.0,0.310791,0.0,0.351739,0.044168,0.344987,0.0,0.342104,0.0,0.336496,0.0,0.589194,0.0,0.589194,0.0,0.589194,0.0,0.589194,0.0,0.589194,0.0,0.589194,0.0,0.589194,1
121,0.0,0.252651,0.0,0.249252,0.0,0.33472,0.664887,0.509025,0.776751,0.612046,0.0,0.264157,0.776751,0.612046,0.0,0.333154,0.0,0.314229,0.0,0.236657,0.0,0.281595,0.044168,0.27628,0.0,0.283565,0.0,0.265195,0.0,0.557822,0.0,0.557822,0.0,0.557822,0.0,0.557822,0.0,0.557822,0.0,0.557822,0.0,0.557822,1
122,0.0,0.0,0.0,0.0,0.0,0.0,0.664887,0.0,0.776751,0.0,0.0,0.0,0.776751,0.0,0.0,0.0,0.0,0.0,0.0,0.0,0.0,0.0,0.044168,0.0,0.0,0.0,0.0,0.0,0.0,0.0,0.0,0.0,0.0,0.0,0.0,0.0,0.0,0.0,0.0,0.0,0.0,0.0,1
123,0.0,0.125563,0.0,0.120492,0.0,0.233843,0.664887,0.283462,0.776751,0.35253,0.0,0.118831,0.776751,0.35253,0.0,0.178031,0.0,0.167623,0.0,0.131273,0.0,0.161526,0.044168,0.157772,0.0,0.161497,0.0,0.150226,0.0,0.333628,0.0,0.333628,0.0,0.333628,0.0,0.333628,0.0,0.333628,0.0,0.333628,0.0,0.333628,1
124,0.0,0.275684,0.0,0.272774,0.0,0.633695,0.664887,0.275589,0.776751,0.28945,0.0,0.384921,0.776751,0.28945,0.0,0.352245,0.0,0.333588,0.0,0.301392,0.0,0.343769,0.044168,0.332991,0.0,0.330064,0.0,0.327181,0.0,0.540979,0.0,0.540979,0.0,0.540979,0.0,0.540979,0.0,0.540979,0.0,0.540979,0.0,0.540979,1
